   X,    Y,    Latitude,   Longitude, HPBL_201907010000
   1,    1,   48.862147, -101.607558,     1221.120
   2,    1,   48.866940, -101.456441,     1221.120
   3,    1,   48.871623, -101.305308,     1225.280
   4,    1,   48.876194, -101.154159,      887.200
   5,    1,   48.880654, -101.002995,      806.880
   6,    1,   48.885004, -100.851816,      806.880
   7,    1,   48.889242, -100.700623,     1095.520
   8,    1,   48.893369, -100.549415,     2202.240
   9,    1,   48.897386, -100.398194,     2769.280
  10,    1,   48.901291, -100.246959,     2762.240
  11,    1,   48.905085, -100.095711,     2762.240
  12,    1,   48.908768,  -99.944450,     2765.280
  13,    1,   48.912340,  -99.793177,     2463.360
  14,    1,   48.915801,  -99.641892,     2479.360
  15,    1,   48.919151,  -99.490596,     2492.480
  16,    1,   48.922390,  -99.339288,     2492.480
  17,    1,   48.925518,  -99.187970,     2217.600
  18,    1,   48.928535,  -99.036641,     2498.240
  19,    1,   48.931440,  -98.885302,     2497.280
  20,    1,   48.934235,  -98.733953,     2497.280
  21,    1,   48.936919,  -98.582595,     1964.800
  22,    1,   48.939491,  -98.431228,     1967.360
  23,    1,   48.941953,  -98.279852,     1974.080
  24,    1,   48.944303,  -98.128469,     1988.000
  25,    1,   48.946542,  -97.977077,     1988.000
  26,    1,   48.948670,  -97.825678,     2003.360
  27,    1,   48.950688,  -97.674272,     2012.960
  28,    1,   48.952594,  -97.522860,     2016.800
  29,    1,   48.954389,  -97.371441,     2017.280
  30,    1,   48.956073,  -97.220016,     2565.440
  31,    1,   48.957645,  -97.068586,     2273.280
  32,    1,   48.959107,  -96.917150,      211.840
  33,    1,   48.960458,  -96.765710,      256.320
  34,    1,   48.961697,  -96.614265,      256.320
  35,    1,   48.962826,  -96.462816,      900.800
  36,    1,   48.963843,  -96.311364,      397.760
  37,    1,   48.964749,  -96.159908,     2254.400
  38,    1,   48.965545,  -96.008449,      397.280
  39,    1,   48.966229,  -95.856988,      397.280
  40,    1,   48.966802,  -95.705525,     2542.400
  41,    1,   48.967264,  -95.554060,     2254.880
  42,    1,   48.967615,  -95.402594,     2543.680
  43,    1,   48.967854,  -95.251126,     2543.680
  44,    1,   48.967983,  -95.099658,     2543.520
   1,    2,   48.961514, -101.614937,     1217.280
   2,    2,   48.966308, -101.463652,      980.160
   3,    2,   48.970992, -101.312350,      983.040
   4,    2,   48.975564, -101.161033,      887.200
   5,    2,   48.980026, -101.009701,      391.680
   6,    2,   48.984376, -100.858354,      391.680
   7,    2,   48.988615, -100.706992,      492.320
   8,    2,   48.992744, -100.555615,     1724.320
   9,    2,   48.996761, -100.404225,     2752.960
  10,    2,   49.000667, -100.252822,     2750.400
  11,    2,   49.004462, -100.101405,     2750.400
  12,    2,   49.008146,  -99.949976,     2449.760
  13,    2,   49.011719,  -99.798534,     2463.360
  14,    2,   49.015181,  -99.647080,     1957.280
  15,    2,   49.018532,  -99.495615,     1957.280
  16,    2,   49.021771,  -99.344138,     1374.560
  17,    2,   49.024900,  -99.192651,     1226.560
  18,    2,   49.027917,  -99.041153,     2218.080
  19,    2,   49.030824,  -98.889645,     2217.440
  20,    2,   49.033619,  -98.738127,     2217.440
  21,    2,   49.036303,  -98.586600,     1966.080
  22,    2,   49.038877,  -98.435064,     2221.440
  23,    2,   49.041339,  -98.283519,     1980.800
  24,    2,   49.043690,  -98.131967,     1980.800
  25,    2,   49.045929,  -97.980406,     1996.960
  26,    2,   49.048058,  -97.828838,     2010.240
  27,    2,   49.050076,  -97.677263,     2274.080
  28,    2,   49.051982,  -97.525681,     2565.440
  29,    2,   49.053778,  -97.374093,     2565.440
  30,    2,   49.055462,  -97.222499,     2565.280
  31,    2,   49.057035,  -97.070899,     2561.280
  32,    2,   49.058497,  -96.919294,     2266.400
  33,    2,   49.059848,  -96.767684,     2261.280
  34,    2,   49.061088,  -96.616070,     2261.280
  35,    2,   49.062217,  -96.464452,     2257.920
  36,    2,   49.063234,  -96.312830,     2256.000
  37,    2,   49.064141,  -96.161205,     2254.400
  38,    2,   49.064936,  -96.009577,     2536.800
  39,    2,   49.065621,  -95.857947,     2249.440
  40,    2,   49.066194,  -95.706314,     2854.880
  41,    2,   49.066656,  -95.554680,     2858.560
  42,    2,   49.067007,  -95.403044,     2861.280
  43,    2,   49.067247,  -95.251407,     2861.280
  44,    2,   49.067375,  -95.099770,     2543.520
   1,    3,   49.060793, -101.622332,      340.800
   2,    3,   49.065589, -101.470878,      295.520
   3,    3,   49.070274, -101.319408,      390.560
   4,    3,   49.074847, -101.167923,      343.200
   5,    3,   49.079310, -101.016421,      296.480
   6,    3,   49.083661, -100.864905,      296.800
   7,    3,   49.087902, -100.713374,      390.080
   8,    3,   49.092031, -100.561829,      488.800
   9,    3,   49.096049, -100.410270,     1205.920
  10,    3,   49.099956, -100.258698,     1205.920
  11,    3,   49.103752, -100.107112,     2451.520
  12,    3,   49.107437,  -99.955513,     1936.000
  13,    3,   49.111011,  -99.803902,     2193.760
  14,    3,   49.114473,  -99.652280,     1957.280
  15,    3,   49.117825,  -99.500645,     1963.200
  16,    3,   49.121065,  -99.348999,     1744.960
  17,    3,   49.124195,  -99.197342,     2501.280
  18,    3,   49.127213,  -99.045675,     2219.680
  19,    3,   49.130120,  -98.893998,     2219.680
  20,    3,   49.132916,  -98.742311,     2218.240
  21,    3,   49.135601,  -98.590614,     1966.720
  22,    3,   49.138175,  -98.438909,     2221.440
  23,    3,   49.140637,  -98.287195,     2241.760
  24,    3,   49.142989,  -98.135472,     2241.760
  25,    3,   49.145229,  -97.983742,     2260.640
  26,    3,   49.147358,  -97.832005,     2272.000
  27,    3,   49.149376,  -97.680260,     2564.640
  28,    3,   49.151283,  -97.528508,     2565.760
  29,    3,   49.153079,  -97.376750,     2565.760
  30,    3,   49.154764,  -97.224987,     2565.280
  31,    3,   49.156338,  -97.073217,     2879.040
  32,    3,   49.157800,  -96.921443,     2266.400
  33,    3,   49.159151,  -96.769663,     2266.400
  34,    3,   49.160391,  -96.617880,     2260.800
  35,    3,   49.161520,  -96.466092,     2000.640
  36,    3,   49.162538,  -96.314300,     2252.800
  37,    3,   49.163445,  -96.162505,     2536.800
  38,    3,   49.164241,  -96.010708,     2536.800
  39,    3,   49.164925,  -95.858907,     2532.960
  40,    3,   49.165498,  -95.707105,     2851.360
  41,    3,   49.165960,  -95.555301,     2854.880
  42,    3,   49.166311,  -95.403495,     2854.880
  43,    3,   49.166551,  -95.251689,     2858.400
  44,    3,   49.166680,  -95.099881,     2542.720
   1,    4,   49.159986, -101.629744,      205.440
   2,    4,   49.164782, -101.478121,      295.200
   3,    4,   49.169468, -101.326482,      342.080
   4,    4,   49.174043, -101.174827,      296.480
   5,    4,   49.178506, -101.023157,      296.480
   6,    4,   49.182859, -100.871472,      206.880
   7,    4,   49.187100, -100.719771,      296.000
   8,    4,   49.191230, -100.568057,      389.120
   9,    4,   49.195249, -100.416329,      489.280
  10,    4,   49.199157, -100.264587,      489.280
  11,    4,   49.202954, -100.112832,      724.960
  12,    4,   49.206640,  -99.961064,     1728.800
  13,    4,   49.210215,  -99.809283,     2205.120
  14,    4,   49.213678,  -99.657491,     2205.120
  15,    4,   49.217030,  -99.505687,     2218.080
  16,    4,   49.220272,  -99.353871,     2502.560
  17,    4,   49.223402,  -99.202045,     2503.840
  18,    4,   49.226421,  -99.050208,     2502.240
  19,    4,   49.229328,  -98.898361,     2502.240
  20,    4,   49.232125,  -98.746504,     2498.560
  21,    4,   49.234810,  -98.594637,     2497.600
  22,    4,   49.237385,  -98.442762,     2506.240
  23,    4,   49.239848,  -98.290878,     2241.760
  24,    4,   49.242200,  -98.138986,     2849.440
  25,    4,   49.244441,  -97.987086,     2870.720
  26,    4,   49.246571,  -97.835178,     2880.320
  27,    4,   49.248589,  -97.683264,     2883.200
  28,    4,   49.250497,  -97.531342,     2883.200
  29,    4,   49.252293,  -97.379414,     2884.320
  30,    4,   49.253978,  -97.227480,     2883.520
  31,    4,   49.255552,  -97.075541,     2879.040
  32,    4,   49.257015,  -96.923596,     2555.200
  33,    4,   49.258366,  -96.771647,     2555.200
  34,    4,   49.259607,  -96.619693,     2261.280
  35,    4,   49.260736,  -96.467735,     1245.920
  36,    4,   49.261754,  -96.315774,     2249.600
  37,    4,   49.262661,  -96.163809,     2249.600
  38,    4,   49.263457,  -96.011841,     2246.240
  39,    4,   49.264142,  -95.859870,     2849.120
  40,    4,   49.264715,  -95.707898,     2851.040
  41,    4,   49.265177,  -95.555923,     2852.480
  42,    4,   49.265528,  -95.403948,     2852.480
  43,    4,   49.265768,  -95.251971,     2855.040
  44,    4,   49.265897,  -95.099993,     2857.920
   1,    5,   49.259090, -101.637172,      248.800
   2,    5,   49.263888, -101.485380,      294.560
   3,    5,   49.268575, -101.333572,      295.360
   4,    5,   49.273150, -101.181747,      251.040
   5,    5,   49.277615, -101.029908,      251.040
   6,    5,   49.281968, -100.878053,      206.880
   7,    5,   49.286211, -100.726183,      251.040
   8,    5,   49.290342, -100.574299,      342.080
   9,    5,   49.294362, -100.422401,      342.080
  10,    5,   49.298271, -100.270489,      439.680
  11,    5,   49.302068, -100.118564,      491.520
  12,    5,   49.305755,  -99.966626,      729.920
  13,    5,   49.309330,  -99.814676,     1223.840
  14,    5,   49.312795,  -99.662713,     1223.840
  15,    5,   49.316148,  -99.510739,     2218.080
  16,    5,   49.319390,  -99.358754,     2507.840
  17,    5,   49.322521,  -99.206757,     2508.000
  18,    5,   49.325540,  -99.054750,     2508.000
  19,    5,   49.328449,  -98.902733,     2503.360
  20,    5,   49.331246,  -98.750706,     2496.960
  21,    5,   49.333932,  -98.598670,     2806.880
  22,    5,   49.336507,  -98.446624,     2823.200
  23,    5,   49.338971,  -98.294570,     2823.200
  24,    5,   49.341323,  -98.142507,     2849.440
  25,    5,   49.343565,  -97.990437,     2874.720
  26,    5,   49.345695,  -97.838359,     2880.480
  27,    5,   49.347714,  -97.686274,     2882.400
  28,    5,   49.349622,  -97.534182,     2882.400
  29,    5,   49.351419,  -97.382084,     2884.000
  30,    5,   49.353104,  -97.229980,     2883.360
  31,    5,   49.354678,  -97.077870,     2879.200
  32,    5,   49.356142,  -96.925755,     2879.840
  33,    5,   49.357493,  -96.773635,     2873.760
  34,    5,   49.358734,  -96.621511,     2549.280
  35,    5,   49.359864,  -96.469382,     2541.600
  36,    5,   49.360882,  -96.317250,     2248.640
  37,    5,   49.361789,  -96.165115,     2248.640
  38,    5,   49.362585,  -96.012976,     2532.640
  39,    5,   49.363270,  -95.860835,     2849.120
  40,    5,   49.363843,  -95.708692,     2852.480
  41,    5,   49.364306,  -95.556547,     2852.480
  42,    5,   49.364657,  -95.404401,     2852.160
  43,    5,   49.364897,  -95.252254,     2853.920
  44,    5,   49.365026,  -95.100106,     2856.800
   1,    6,   49.358106, -101.644617,      292.480
   2,    6,   49.362905, -101.492655,      248.800
   3,    6,   49.367593, -101.340677,      294.880
   4,    6,   49.372169, -101.188683,      294.880
   5,    6,   49.376635, -101.036673,      250.720
   6,    6,   49.380990, -100.884648,      251.200
   7,    6,   49.385233, -100.732609,      251.040
   8,    6,   49.389365, -100.580555,      342.560
   9,    6,   49.393386, -100.428486,      342.560
  10,    6,   49.397296, -100.276405,      390.400
  11,    6,   49.401094, -100.124309,      390.560
  12,    6,   49.404782,  -99.972201,      548.160
  13,    6,   49.408358,  -99.820081,      548.160
  14,    6,   49.411823,  -99.667948,     2218.720
  15,    6,   49.415177,  -99.515803,     2223.040
  16,    6,   49.418420,  -99.363648,     2507.840
  17,    6,   49.421551,  -99.211481,     2514.240
  18,    6,   49.424571,  -99.059303,     2514.240
  19,    6,   49.427481,  -98.907116,     2506.400
  20,    6,   49.430279,  -98.754918,     2499.200
  21,    6,   49.432965,  -98.602711,     2503.520
  22,    6,   49.435541,  -98.450495,     2834.240
  23,    6,   49.438005,  -98.298270,     2834.240
  24,    6,   49.440358,  -98.146037,     2859.040
  25,    6,   49.442600,  -97.993796,     2875.520
  26,    6,   49.444731,  -97.841547,     2879.680
  27,    6,   49.446750,  -97.689291,     2879.680
  28,    6,   49.448659,  -97.537029,     2881.760
  29,    6,   49.450456,  -97.384760,     2883.200
  30,    6,   49.452142,  -97.232485,     2882.880
  31,    6,   49.453716,  -97.080204,     2879.840
  32,    6,   49.455180,  -96.927918,     2879.840
  33,    6,   49.456532,  -96.775628,     2875.360
  34,    6,   49.457773,  -96.623332,     2867.520
  35,    6,   49.458903,  -96.471033,     2858.400
  36,    6,   49.459921,  -96.318730,     2858.400
  37,    6,   49.460829,  -96.166424,     2851.840
  38,    6,   49.461625,  -96.014114,     2850.720
  39,    6,   49.462310,  -95.861802,     2852.320
  40,    6,   49.462883,  -95.709488,     2852.480
  41,    6,   49.463346,  -95.557173,     2854.080
  42,    6,   49.463697,  -95.404855,     2852.960
  43,    6,   49.463937,  -95.252537,     2854.080
  44,    6,   49.464066,  -95.100218,     2855.840
   1,    7,   49.457033, -101.652079,      539.360
   2,    7,   49.461833, -101.499947,      338.720
   3,    7,   49.466522, -101.347799,      340.320
   4,    7,   49.471100, -101.195634,      340.320
   5,    7,   49.475567, -101.043454,      341.760
   6,    7,   49.479922, -100.891259,      251.040
   7,    7,   49.484166, -100.739049,      251.360
   8,    7,   49.488300, -100.586824,      251.360
   9,    7,   49.492321, -100.434586,      342.720
  10,    7,   49.496232, -100.282333,      440.960
  11,    7,   49.500032, -100.130068,      390.880
  12,    7,   49.503720,  -99.977789,     1547.840
  13,    7,   49.507297,  -99.825498,     1547.840
  14,    7,   49.510763,  -99.673194,     2506.080
  15,    7,   49.514117,  -99.520879,     2512.480
  16,    7,   49.517361,  -99.368552,     2516.160
  17,    7,   49.520493,  -99.216215,     2514.240
  18,    7,   49.523514,  -99.063866,     1560.960
  19,    7,   49.526424,  -98.911508,     2231.360
  20,    7,   49.529222,  -98.759139,     2509.120
  21,    7,   49.531910,  -98.606761,     2516.160
  22,    7,   49.534486,  -98.454374,     2516.160
  23,    7,   49.536951,  -98.301978,     2533.120
  24,    7,   49.539304,  -98.149574,     2549.600
  25,    7,   49.541547,  -97.997162,     2875.520
  26,    7,   49.543678,  -97.844742,     2878.880
  27,    7,   49.545698,  -97.692315,     2878.880
  28,    7,   49.547607,  -97.539882,     2880.960
  29,    7,   49.549404,  -97.387442,     2882.240
  30,    7,   49.551091,  -97.234995,     2882.560
  31,    7,   49.552666,  -97.082544,     2882.560
  32,    7,   49.554129,  -96.930086,     2880.320
  33,    7,   49.555482,  -96.777625,     2875.360
  34,    7,   49.556723,  -96.625158,     2869.600
  35,    7,   49.557853,  -96.472687,     2861.920
  36,    7,   49.558872,  -96.320213,     2861.920
  37,    7,   49.559780,  -96.167735,     2856.800
  38,    7,   49.560576,  -96.015255,     2855.360
  39,    7,   49.561261,  -95.862772,     2855.360
  40,    7,   49.561835,  -95.710286,     2855.360
  41,    7,   49.562297,  -95.557799,     2854.080
  42,    7,   49.562649,  -95.405311,     2852.320
  43,    7,   49.562889,  -95.252821,     2852.320
  44,    7,   49.563018,  -95.100331,     2538.880
   1,    8,   49.555872, -101.659558,     1075.360
   2,    8,   49.560673, -101.507255,     1080.640
   3,    8,   49.565363, -101.354936,     1080.640
   4,    8,   49.569942, -101.202601,      797.920
   5,    8,   49.574410, -101.050251,      341.280
   6,    8,   49.578766, -100.897885,      390.400
   7,    8,   49.583011, -100.745504,      390.880
   8,    8,   49.587145, -100.593108,      390.880
   9,    8,   49.591168, -100.440699,      342.720
  10,    8,   49.595080, -100.288275,      493.280
  11,    8,   49.598880, -100.135839,      493.600
  12,    8,   49.602569,  -99.983389,      734.400
  13,    8,   49.606147,  -99.830927,      734.400
  14,    8,   49.609613,  -99.678452,      990.400
  15,    8,   49.612969,  -99.525966,     1560.800
  16,    8,   49.616213,  -99.373468,     1389.600
  17,    8,   49.619346,  -99.220959,     1389.600
  18,    8,   49.622368,  -99.068440,     2523.840
  19,    8,   49.625278,  -98.915910,     2521.920
  20,    8,   49.628077,  -98.763370,     2522.880
  21,    8,   49.630765,  -98.610821,     1992.160
  22,    8,   49.633342,  -98.458262,     1992.160
  23,    8,   49.635807,  -98.305695,     2541.440
  24,    8,   49.638162,  -98.153119,     2551.520
  25,    8,   49.640405,  -98.000536,     2558.080
  26,    8,   49.642536,  -97.847945,     2558.080
  27,    8,   49.644557,  -97.695346,     2878.240
  28,    8,   49.646466,  -97.542741,     2880.000
  29,    8,   49.648264,  -97.390129,     2881.280
  30,    8,   49.649950,  -97.237512,     2882.080
  31,    8,   49.651526,  -97.084888,     2882.080
  32,    8,   49.652990,  -96.932260,     2880.800
  33,    8,   49.654343,  -96.779626,     2876.800
  34,    8,   49.655584,  -96.626988,     2869.600
  35,    8,   49.656714,  -96.474346,     2870.880
  36,    8,   49.657733,  -96.321700,     2865.120
  37,    8,   49.658641,  -96.169050,     2861.280
  38,    8,   49.659438,  -96.016398,     2859.040
  39,    8,   49.660123,  -95.863743,     2856.800
  40,    8,   49.660697,  -95.711086,     2856.800
  41,    8,   49.661160,  -95.558427,     2854.080
  42,    8,   49.661511,  -95.405767,     2849.440
  43,    8,   49.661751,  -95.253106,     2847.680
  44,    8,   49.661880,  -95.100444,     2847.680
   1,    9,   49.654622, -101.667053,      717.920
   2,    9,   49.659424, -101.514580,     1079.840
   3,    9,   49.664115, -101.362090,     1079.840
   4,    9,   49.668695, -101.209584,      661.280
   5,    9,   49.673163, -101.057062,      439.200
   6,    9,   49.677521, -100.904525,      390.080
   7,    9,   49.681767, -100.751973,      440.800
   8,    9,   49.685902, -100.599406,      440.800
   9,    9,   49.689925, -100.446826,      342.880
  10,    9,   49.693838, -100.294231,      441.440
  11,    9,   49.697639, -100.141623,      494.240
  12,    9,   49.701329,  -99.989002,      494.240
  13,    9,   49.704908,  -99.836368,      609.120
  14,    9,   49.708375,  -99.683722,      810.880
  15,    9,   49.711731,  -99.531064,     1237.600
  16,    9,   49.714976,  -99.378395,     1389.760
  17,    9,   49.718110,  -99.225715,     1389.760
  18,    9,   49.721132,  -99.073023,     2523.840
  19,    9,   49.724043,  -98.920322,     2527.200
  20,    9,   49.726843,  -98.767610,     2533.280
  21,    9,   49.729531,  -98.614889,     2533.280
  22,    9,   49.732109,  -98.462159,     2539.840
  23,    9,   49.734575,  -98.309420,     2546.240
  24,    9,   49.736929,  -98.156673,     2552.480
  25,    9,   49.739173,  -98.003917,     2557.920
  26,    9,   49.741305,  -97.851154,     2557.920
  27,    9,   49.743326,  -97.698384,     2878.240
  28,    9,   49.745235,  -97.545607,     2878.720
  29,    9,   49.747034,  -97.392823,     2880.000
  30,    9,   49.748721,  -97.240034,     2880.000
  31,    9,   49.750296,  -97.087238,     2880.960
  32,    9,   49.751761,  -96.934438,     2880.160
  33,    9,   49.753114,  -96.781632,     2876.800
  34,    9,   49.754356,  -96.628822,     2870.880
  35,    9,   49.755486,  -96.476008,     2871.040
  36,    9,   49.756506,  -96.323190,     2866.880
  37,    9,   49.757414,  -96.170368,     2863.840
  38,    9,   49.758210,  -96.017544,     2861.120
  39,    9,   49.758896,  -95.864717,     2861.120
  40,    9,   49.759470,  -95.711888,     2857.280
  41,    9,   49.759932,  -95.559057,     2852.960
  42,    9,   49.760284,  -95.406224,     2849.440
  43,    9,   49.760524,  -95.253391,     2843.200
  44,    9,   49.760653,  -95.100557,     2843.200
   1,   10,   49.753282, -101.674565,      717.920
   2,   10,   49.758085, -101.521921,      792.640
   3,   10,   49.762777, -101.369259,      792.640
   4,   10,   49.767358, -101.216582,      724.800
   5,   10,   49.771827, -101.063889,      663.680
   6,   10,   49.776186, -100.911180,      547.040
   7,   10,   49.780433, -100.758457,      547.040
   8,   10,   49.784569, -100.605719,      492.960
   9,   10,   49.788593, -100.452966,      390.880
  10,   10,   49.792507, -100.300200,      441.440
  11,   10,   49.796309, -100.147420,      441.920
  12,   10,   49.799999,  -99.994627,      441.920
  13,   10,   49.803579,  -99.841822,      495.520
  14,   10,   49.807047,  -99.689004,      990.720
  15,   10,   49.810404,  -99.536174,     1235.200
  16,   10,   49.813649,  -99.383333,     1235.200
  17,   10,   49.816784,  -99.230481,     2236.640
  18,   10,   49.819807,  -99.077617,     2522.720
  19,   10,   49.822718,  -98.924744,     2527.200
  20,   10,   49.825519,  -98.771860,     2539.680
  21,   10,   49.828208,  -98.618967,     2539.680
  22,   10,   49.830786,  -98.466065,     2545.280
  23,   10,   49.833252,  -98.313154,     2549.440
  24,   10,   49.835607,  -98.160234,     2869.600
  25,   10,   49.837851,  -98.007306,     2869.600
  26,   10,   49.839984,  -97.854371,     2874.560
  27,   10,   49.842005,  -97.701429,     2877.440
  28,   10,   49.843915,  -97.548479,     3221.760
  29,   10,   49.845714,  -97.395523,     3223.360
  30,   10,   49.847401,  -97.242561,     3223.360
  31,   10,   49.848977,  -97.089593,     3224.640
  32,   10,   49.850442,  -96.936620,     2878.560
  33,   10,   49.851796,  -96.783642,     2875.520
  34,   10,   49.853038,  -96.630660,     2875.520
  35,   10,   49.854168,  -96.477673,     2871.040
  36,   10,   49.855188,  -96.324683,     2867.200
  37,   10,   49.856096,  -96.171689,     2864.480
  38,   10,   49.856893,  -96.018692,     2861.600
  39,   10,   49.857578,  -95.865693,     2861.600
  40,   10,   49.858153,  -95.712691,     2856.960
  41,   10,   49.858615,  -95.559688,     2851.520
  42,   10,   49.858967,  -95.406683,     2846.560
  43,   10,   49.859207,  -95.253677,     2845.440
  44,   10,   49.859336,  -95.100671,     2842.080
   1,   11,   49.851852, -101.682094,     1201.760
   2,   11,   49.856656, -101.529278,     1201.760
   3,   11,   49.861349, -101.376445,     2185.920
   4,   11,   49.865931, -101.223596,     1947.360
   5,   11,   49.870402, -101.070731,     1367.040
   6,   11,   49.874761, -100.917851,     1221.600
   7,   11,   49.879009, -100.764955,     1221.600
   8,   11,   49.883146, -100.612045,      982.400
   9,   11,   49.887171, -100.459121,      666.880
  10,   11,   49.891085, -100.306182,      548.320
  11,   11,   49.894888, -100.153230,      548.320
  12,   11,   49.898580, -100.000265,      605.120
  13,   11,   49.902160,  -99.847288,      493.600
  14,   11,   49.905629,  -99.694298,      494.880
  15,   11,   49.908986,  -99.541296,      989.440
  16,   11,   49.912233,  -99.388282,      989.440
  17,   11,   49.915368,  -99.235257,     2516.800
  18,   11,   49.918391,  -99.082222,     2523.360
  19,   11,   49.921304,  -98.929176,     2531.840
  20,   11,   49.924105,  -98.776120,     2531.840
  21,   11,   49.926794,  -98.623054,     1401.120
  22,   11,   49.929373,  -98.469979,     2007.200
  23,   11,   49.931840,  -98.316896,     2867.200
  24,   11,   49.934196,  -98.163803,     2870.880
  25,   11,   49.936440,  -98.010703,     2870.880
  26,   11,   49.938573,  -97.857595,     2873.920
  27,   11,   49.940595,  -97.704480,     3220.160
  28,   11,   49.942505,  -97.551358,     3221.760
  29,   11,   49.944304,  -97.398229,     3218.880
  30,   11,   49.945992,  -97.245095,     3220.960
  31,   11,   49.947568,  -97.091954,     3222.080
  32,   11,   49.949033,  -96.938808,     3221.280
  33,   11,   49.950387,  -96.785657,     2874.080
  34,   11,   49.951630,  -96.632502,     2874.080
  35,   11,   49.952761,  -96.479343,     2870.720
  36,   11,   49.953780,  -96.326179,     2867.200
  37,   11,   49.954689,  -96.173013,     3207.520
  38,   11,   49.955486,  -96.019843,     3207.520
  39,   11,   49.956171,  -95.866671,     3204.480
  40,   11,   49.956746,  -95.713496,     2856.480
  41,   11,   49.957209,  -95.560320,     2850.880
  42,   11,   49.957560,  -95.407142,     2845.440
  43,   11,   49.957800,  -95.253964,     2845.440
  44,   11,   49.957929,  -95.100784,     3185.600
   1,   12,   49.950332, -101.689641,     2452.640
   2,   12,   49.955138, -101.536652,     2452.640
   3,   12,   49.959832, -101.383647,     2185.920
   4,   12,   49.964415, -101.230626,     2475.840
   5,   12,   49.968886, -101.077589,     1954.880
   6,   12,   49.973246, -100.924536,     1954.880
   7,   12,   49.977495, -100.771468,     1957.600
   8,   12,   49.981633, -100.618386,     1539.520
   9,   12,   49.985659, -100.465289,     1220.320
  10,   12,   49.989574, -100.312178,      729.440
  11,   12,   49.993378, -100.159054,      729.440
  12,   12,   49.997070, -100.005916,      605.120
  13,   12,   50.000651,  -99.852766,     1369.120
  14,   12,   50.004121,  -99.699603,     1375.680
  15,   12,   50.007479,  -99.546429,     1375.680
  16,   12,   50.010726,  -99.393242,     1552.800
  17,   12,   50.013861,  -99.240045,     1757.280
  18,   12,   50.016886,  -99.086837,     2528.320
  19,   12,   50.019799,  -98.933618,     2538.080
  20,   12,   50.022600,  -98.780389,     2538.080
  21,   12,   50.025291,  -98.627150,     1401.120
  22,   12,   50.027870,  -98.473903,     2009.120
  23,   12,   50.030337,  -98.320646,     2553.120
  24,   12,   50.032693,  -98.167381,     2553.120
  25,   12,   50.034938,  -98.014108,     2554.720
  26,   12,   50.037072,  -97.860827,     2556.000
  27,   12,   50.039094,  -97.707538,     3216.960
  28,   12,   50.041005,  -97.554243,     3218.880
  29,   12,   50.042804,  -97.400941,     3218.880
  30,   12,   50.044492,  -97.247634,     3218.240
  31,   12,   50.046069,  -97.094320,     3220.160
  32,   12,   50.047534,  -96.941001,     3220.160
  33,   12,   50.048888,  -96.787677,     3220.160
  34,   12,   50.050131,  -96.634349,     3218.080
  35,   12,   50.051262,  -96.481016,     3214.720
  36,   12,   50.052282,  -96.327679,     3210.720
  37,   12,   50.053191,  -96.174340,     3207.200
  38,   12,   50.053988,  -96.020997,     3207.200
  39,   12,   50.054674,  -95.867651,     3203.680
  40,   12,   50.055248,  -95.714303,     3198.880
  41,   12,   50.055711,  -95.560954,     3192.800
  42,   12,   50.056063,  -95.407603,     3192.800
  43,   12,   50.056303,  -95.254251,     3187.840
  44,   12,   50.056432,  -95.100898,     3185.600
   1,   13,   50.048722, -101.697204,     2444.000
   2,   13,   50.053529, -101.544043,     2453.760
   3,   13,   50.058224, -101.390865,     2464.640
   4,   13,   50.062807, -101.237672,     2475.840
   5,   13,   50.067280, -101.084462,     2201.920
   6,   13,   50.071641, -100.931237,     2201.920
   7,   13,   50.075891, -100.777996,     1950.880
   8,   13,   50.080029, -100.624741,     1531.520
   9,   13,   50.084056, -100.471471,     1530.400
  10,   13,   50.087972, -100.318188,     1530.400
  11,   13,   50.091777, -100.164890,     1361.120
  12,   13,   50.095470, -100.011580,     1363.680
  13,   13,   50.099051,  -99.858257,     1369.120
  14,   13,   50.102522,  -99.704921,      604.480
  15,   13,   50.105881,  -99.551573,      604.480
  16,   13,   50.109128,  -99.398214,      550.400
  17,   13,   50.112265,  -99.244843,      394.720
  18,   13,   50.115290,  -99.091462,     2534.880
  19,   13,   50.118203,  -98.938070,     2534.880
  20,   13,   50.121005,  -98.784668,     2002.560
  21,   13,   50.123696,  -98.631256,     2006.560
  22,   13,   50.126276,  -98.477835,     2264.800
  23,   13,   50.128744,  -98.324405,     2552.480
  24,   13,   50.131101,  -98.170966,     2552.480
  25,   13,   50.133346,  -98.017520,     2552.960
  26,   13,   50.135480,  -97.864065,     2868.160
  27,   13,   50.137502,  -97.710604,     3212.320
  28,   13,   50.139414,  -97.557135,     3212.320
  29,   13,   50.141214,  -97.403660,     3214.880
  30,   13,   50.142902,  -97.250178,     3218.240
  31,   13,   50.144479,  -97.096691,     3219.040
  32,   13,   50.145945,  -96.943199,     3220.320
  33,   13,   50.147299,  -96.789701,     3220.320
  34,   13,   50.148542,  -96.636199,     3218.880
  35,   13,   50.149673,  -96.482693,     3215.360
  36,   13,   50.150694,  -96.329183,     2867.200
  37,   13,   50.151602,  -96.175669,     2867.200
  38,   13,   50.152400,  -96.022153,     3207.520
  39,   13,   50.153086,  -95.868634,     3203.680
  40,   13,   50.153660,  -95.715112,     3197.920
  41,   13,   50.154123,  -95.561589,     3191.840
  42,   13,   50.154475,  -95.408065,     3191.840
  43,   13,   50.154715,  -95.254539,     3188.320
  44,   13,   50.154844,  -95.101013,     3187.200
   1,   14,   50.147021, -101.704784,     2170.080
   2,   14,   50.151829, -101.551450,     2759.840
   3,   14,   50.156525, -101.398100,     2773.120
   4,   14,   50.161110, -101.244733,     2477.600
   5,   14,   50.165583, -101.091351,     2784.480
   6,   14,   50.169945, -100.937952,     2475.520
   7,   14,   50.174196, -100.784539,     2190.720
   8,   14,   50.178335, -100.631110,     1717.920
   9,   14,   50.182363, -100.477668,     1520.800
  10,   14,   50.186279, -100.324211,     1520.800
  11,   14,   50.190085, -100.170740,     1519.840
  12,   14,   50.193779, -100.017257,     1522.400
  13,   14,   50.197361,  -99.863760,     1212.800
  14,   14,   50.200832,  -99.710251,     1212.800
  15,   14,   50.204192,  -99.556730,      798.720
  16,   14,   50.207440,  -99.403197,      669.600
  17,   14,   50.210577,  -99.249653,      674.880
  18,   14,   50.213603,  -99.096097,     2539.360
  19,   14,   50.216517,  -98.942532,     2539.360
  20,   14,   50.219320,  -98.788956,     2545.440
  21,   14,   50.222011,  -98.635371,     2864.320
  22,   14,   50.224591,  -98.481776,     2264.800
  23,   14,   50.227060,  -98.328172,     2549.760
  24,   14,   50.229417,  -98.174560,     2264.480
  25,   14,   50.231663,  -98.020940,     1118.560
  26,   14,   50.233797,  -97.867311,     2864.000
  27,   14,   50.235820,  -97.713676,     2864.480
  28,   14,   50.237732,  -97.560033,     2864.480
  29,   14,   50.239532,  -97.406384,     2867.200
  30,   14,   50.241221,  -97.252729,     3215.200
  31,   14,   50.242798,  -97.099068,     2873.920
  32,   14,   50.244264,  -96.945401,     2873.920
  33,   14,   50.245619,  -96.791730,     3220.480
  34,   14,   50.246862,  -96.638054,     3219.200
  35,   14,   50.247994,  -96.484374,     3215.680
  36,   14,   50.249014,  -96.330690,     3211.200
  37,   14,   50.249923,  -96.177002,     3211.200
  38,   14,   50.250720,  -96.023312,     3207.520
  39,   14,   50.251406,  -95.869618,     3203.680
  40,   14,   50.251981,  -95.715923,     3196.640
  41,   14,   50.252444,  -95.562226,     3196.640
  42,   14,   50.252796,  -95.408527,     3190.400
  43,   14,   50.253037,  -95.254827,     3187.360
  44,   14,   50.253166,  -95.101127,     3186.560
   1,   15,   50.245229, -101.712381,     2172.320
   2,   15,   50.250038, -101.558875,     2459.840
   3,   15,   50.254735, -101.405351,     2777.600
   4,   15,   50.259321, -101.251811,     2784.480
   5,   15,   50.263795, -101.098255,     2784.480
   6,   15,   50.268158, -100.944683,     2466.880
   7,   15,   50.272409, -100.791096,     2459.040
   8,   15,   50.276550, -100.637494,     1930.400
   9,   15,   50.280578, -100.483878,     1707.840
  10,   15,   50.284496, -100.330247,     1707.840
  11,   15,   50.288302, -100.176603,     1512.160
  12,   15,   50.291996, -100.022946,     1512.960
  13,   15,   50.295580,  -99.869275,     1352.320
  14,   15,   50.299051,  -99.715593,     1352.320
  15,   15,   50.302412,  -99.561898,      798.720
  16,   15,   50.305661,  -99.408191,      887.680
  17,   15,   50.308798,  -99.254473,      675.840
  18,   15,   50.311825,  -99.100744,      675.840
  19,   15,   50.314739,  -98.947004,     2541.760
  20,   15,   50.317543,  -98.793254,     2859.360
  21,   15,   50.320235,  -98.639495,     2862.560
  22,   15,   50.322815,  -98.485726,     2549.760
  23,   15,   50.325284,  -98.331948,     2549.760
  24,   15,   50.327642,  -98.178162,     2549.440
  25,   15,   50.329888,  -98.024367,     2864.640
  26,   15,   50.332023,  -97.870565,      302.080
  27,   15,   50.334047,  -97.716755,      302.080
  28,   15,   50.335958,  -97.562938,      398.560
  29,   15,   50.337759,  -97.409115,      681.120
  30,   15,   50.339448,  -97.255285,     2868.640
  31,   15,   50.341026,  -97.101450,     2873.920
  32,   15,   50.342492,  -96.947609,     2872.800
  33,   15,   50.343847,  -96.793763,     3221.280
  34,   15,   50.345090,  -96.639913,     3217.920
  35,   15,   50.346222,  -96.486058,     3214.400
  36,   15,   50.347243,  -96.332200,     3214.400
  37,   15,   50.348152,  -96.178338,     3211.520
  38,   15,   50.348950,  -96.024473,     3208.480
  39,   15,   50.349636,  -95.870605,     3203.680
  40,   15,   50.350211,  -95.716736,     3202.080
  41,   15,   50.350674,  -95.562864,     3194.400
  42,   15,   50.351026,  -95.408991,     3188.000
  43,   15,   50.351266,  -95.255117,     3184.320
  44,   15,   50.351396,  -95.101242,     3182.560
   1,   16,   50.343346, -101.719996,      538.400
   2,   16,   50.348156, -101.566316,     2187.360
   3,   16,   50.352854, -101.412619,     2195.040
   4,   16,   50.357440, -101.258905,     2473.440
   5,   16,   50.361916, -101.105175,     2473.440
   6,   16,   50.366279, -100.951429,     2466.880
   7,   16,   50.370532, -100.797669,     2175.200
   8,   16,   50.374673, -100.643893,     1925.600
   9,   16,   50.378702, -100.490102,     1925.600
  10,   16,   50.382621, -100.336298,     1703.840
  11,   16,   50.386427, -100.182480,     1700.160
  12,   16,   50.390123, -100.028648,     1505.600
  13,   16,   50.393707,  -99.874804,     1510.720
  14,   16,   50.397179,  -99.720947,     1510.720
  15,   16,   50.400540,  -99.567077,     1210.400
  16,   16,   50.403790,  -99.413196,     1549.120
  17,   16,   50.406928,  -99.259304,     2532.800
  18,   16,   50.409955,  -99.105400,     2532.800
  19,   16,   50.412870,  -98.951486,     2541.760
  20,   16,   50.415674,  -98.797562,     2857.600
  21,   16,   50.418367,  -98.643628,     2860.480
  22,   16,   50.420948,  -98.489685,     2860.480
  23,   16,   50.423417,  -98.335733,     2863.200
  24,   16,   50.425776,  -98.181772,     2549.440
  25,   16,   50.428022,  -98.027803,     2861.280
  26,   16,   50.430158,  -97.873826,     2260.000
  27,   16,   50.432181,  -97.719841,     2260.000
  28,   16,   50.434094,  -97.565850,      502.400
  29,   16,   50.435895,  -97.411852,      746.560
  30,   16,   50.437584,  -97.257848,     2010.080
  31,   16,   50.439162,  -97.103837,     2010.080
  32,   16,   50.440629,  -96.949822,     2872.800
  33,   16,   50.441984,  -96.795801,     3219.840
  34,   16,   50.443227,  -96.641776,     2875.360
  35,   16,   50.444360,  -96.487747,     2553.600
  36,   16,   50.445380,  -96.333714,     2553.600
  37,   16,   50.446290,  -96.179677,     2552.160
  38,   16,   50.447088,  -96.025637,     3207.520
  39,   16,   50.447774,  -95.871595,     3202.080
  40,   16,   50.448349,  -95.717550,     3198.080
  41,   16,   50.448812,  -95.563504,     3190.880
  42,   16,   50.449164,  -95.409456,     3184.640
  43,   16,   50.449405,  -95.255407,     3179.680
  44,   16,   50.449534,  -95.101357,     3179.680
   1,   17,   50.441372, -101.727628,     2181.920
   2,   17,   50.446182, -101.573774,      435.520
   3,   17,   50.450881, -101.419903,      436.160
   4,   17,   50.455468, -101.266015,      436.160
   5,   17,   50.459945, -101.112111,     1940.640
   6,   17,   50.464309, -100.958191,     2180.960
   7,   17,   50.468562, -100.804256,     2175.200
   8,   17,   50.472704, -100.650306,     1920.960
   9,   17,   50.476735, -100.496341,     1920.960
  10,   17,   50.480654, -100.342362,     1700.800
  11,   17,   50.484461, -100.188369,     1696.640
  12,   17,   50.488157, -100.034363,     1333.760
  13,   17,   50.491742,  -99.880344,     1333.760
  14,   17,   50.495215,  -99.726313,     1502.560
  15,   17,   50.498577,  -99.572269,     1715.840
  16,   17,   50.501827,  -99.418213,     1549.120
  17,   17,   50.504966,  -99.264146,     2533.280
  18,   17,   50.507993,  -99.110068,     2533.280
  19,   17,   50.510909,  -98.955979,     2540.000
  20,   17,   50.513714,  -98.801880,     2855.520
  21,   17,   50.516407,  -98.647771,     2860.320
  22,   17,   50.518989,  -98.493653,     2860.320
  23,   17,   50.521459,  -98.339526,     2546.560
  24,   17,   50.523817,  -98.185390,     2261.600
  25,   17,   50.526064,  -98.031246,     2861.280
  26,   17,   50.528200,  -97.877094,     2858.240
  27,   17,   50.530224,  -97.722934,      398.080
  28,   17,   50.532137,  -97.568768,      557.920
  29,   17,   50.533938,  -97.414595,      819.840
  30,   17,   50.535628,  -97.260416,     2009.120
  31,   17,   50.537207,  -97.106230,     2009.120
  32,   17,   50.538673,  -96.952040,     3215.360
  33,   17,   50.540029,  -96.797844,     3219.840
  34,   17,   50.541273,  -96.643644,     2871.520
  35,   17,   50.542405,  -96.489439,     2871.520
  36,   17,   50.543426,  -96.335231,     2868.320
  37,   17,   50.544336,  -96.181019,     2550.880
  38,   17,   50.545133,  -96.026804,     2861.600
  39,   17,   50.545820,  -95.872586,     2861.600
  40,   17,   50.546395,  -95.718366,     3198.080
  41,   17,   50.546859,  -95.564145,     3186.560
  42,   17,   50.547211,  -95.409921,     3181.120
  43,   17,   50.547451,  -95.255697,     3175.360
  44,   17,   50.547580,  -95.101472,     3175.360
   1,   18,   50.539305, -101.735277,     2185.120
   2,   18,   50.544116, -101.581249,     1941.120
   3,   18,   50.548816, -101.427203,     1207.520
   4,   18,   50.553405, -101.273141,     1207.520
   5,   18,   50.557882, -101.119062,      870.240
   6,   18,   50.562247, -100.964968,     1927.200
   7,   18,   50.566501, -100.810858,     1923.360
   8,   18,   50.570644, -100.656733,     1923.360
   9,   18,   50.574675, -100.502594,     1915.360
  10,   18,   50.578595, -100.348440,     1697.120
  11,   18,   50.582403, -100.194273,     1501.120
  12,   18,   50.586100, -100.040092,     1495.520
  13,   18,   50.589685,  -99.885898,     1495.520
  14,   18,   50.593159,  -99.731691,     1692.640
  15,   18,   50.596522,  -99.577472,     1938.080
  16,   18,   50.599772,  -99.423241,     2224.960
  17,   18,   50.602912,  -99.268999,     2224.960
  18,   18,   50.605940,  -99.114746,     2532.800
  19,   18,   50.608856,  -98.960482,     2536.960
  20,   18,   50.611662,  -98.806208,     2853.920
  21,   18,   50.614355,  -98.651924,     2858.560
  22,   18,   50.616937,  -98.497630,     2858.560
  23,   18,   50.619408,  -98.343328,     2859.520
  24,   18,   50.621767,  -98.189016,     2859.840
  25,   18,   50.624014,  -98.034697,     2858.240
  26,   18,   50.626151,  -97.880369,     2858.240
  27,   18,   50.628175,  -97.726035,     1000.960
  28,   18,   50.630088,  -97.571693,      818.560
  29,   18,   50.631890,  -97.417344,     2856.960
  30,   18,   50.633580,  -97.262989,     2856.960
  31,   18,   50.635159,  -97.108629,     2864.320
  32,   18,   50.636626,  -96.954263,     2272.160
  33,   18,   50.637982,  -96.799891,     3217.920
  34,   18,   50.639226,  -96.645515,     3216.160
  35,   18,   50.640358,  -96.491135,     3216.160
  36,   18,   50.641379,  -96.336751,     2867.680
  37,   18,   50.642289,  -96.182364,     3205.760
  38,   18,   50.643087,  -96.027973,     3199.360
  39,   18,   50.643774,  -95.873580,     3199.360
  40,   18,   50.644349,  -95.719184,     3192.800
  41,   18,   50.644813,  -95.564787,     3186.560
  42,   18,   50.645165,  -95.410388,     3178.720
  43,   18,   50.645405,  -95.255988,     3178.720
  44,   18,   50.645535,  -95.101588,     3172.640
   1,   19,   50.637146, -101.742944,     2184.320
   2,   19,   50.641958, -101.588741,     2184.480
   3,   19,   50.646659, -101.434520,     1932.960
   4,   19,   50.651248, -101.280283,     1932.960
   5,   19,   50.655726, -101.126029,     1707.200
   6,   19,   50.660093, -100.971760,     1195.840
   7,   19,   50.664348, -100.817475,     1698.720
   8,   19,   50.668491, -100.663175,     1698.720
   9,   19,   50.672523, -100.508861,     1915.360
  10,   19,   50.676444, -100.354532,     1911.680
  11,   19,   50.680253, -100.200189,     1690.240
  12,   19,   50.683950, -100.045833,     1690.240
  13,   19,   50.687536,  -99.891464,     1687.360
  14,   19,   50.691011,  -99.737081,     1918.080
  15,   19,   50.694374,  -99.582687,     2198.560
  16,   19,   50.697625,  -99.428281,     2232.640
  17,   19,   50.700765,  -99.273863,     2232.640
  18,   19,   50.703794,  -99.119434,     2532.800
  19,   19,   50.706711,  -98.964995,     2535.200
  20,   19,   50.709517,  -98.810545,     2541.760
  21,   19,   50.712211,  -98.656085,     2541.760
  22,   19,   50.714793,  -98.501616,     2856.480
  23,   19,   50.717264,  -98.347138,     2543.360
  24,   19,   50.719624,  -98.192651,     2542.560
  25,   19,   50.721872,  -98.038156,     2542.560
  26,   19,   50.724009,  -97.883653,      502.080
  27,   19,   50.726034,  -97.729142,     2849.920
  28,   19,   50.727947,  -97.574624,     2852.640
  29,   19,   50.729749,  -97.420100,     2857.440
  30,   19,   50.731439,  -97.265569,     2857.440
  31,   19,   50.733018,  -97.111032,     3207.360
  32,   19,   50.734486,  -96.956490,     3215.840
  33,   19,   50.735842,  -96.801943,     3216.320
  34,   19,   50.737086,  -96.647391,     3216.320
  35,   19,   50.738219,  -96.492835,     2871.680
  36,   19,   50.739240,  -96.338275,     3209.760
  37,   19,   50.740150,  -96.183712,     2547.360
  38,   19,   50.740948,  -96.029145,     2547.360
  39,   19,   50.741635,  -95.874576,     2853.120
  40,   19,   50.742210,  -95.720004,     3188.640
  41,   19,   50.742674,  -95.565431,     3183.680
  42,   19,   50.743026,  -95.410856,     3178.720
  43,   19,   50.743267,  -95.256280,     3176.800
  44,   19,   50.743396,  -95.101704,     3170.400
   1,   20,   50.734895, -101.750628,     2180.960
   2,   20,   50.739708, -101.596250,     2180.160
   3,   20,   50.744409, -101.441854,     2180.160
   4,   20,   50.749000, -101.287441,     2173.280
   5,   20,   50.753478, -101.133013,     2164.160
   6,   20,   50.757846, -100.978568,     1695.680
   7,   20,   50.762101, -100.824108,     1693.280
   8,   20,   50.766246, -100.669632,     1693.280
   9,   20,   50.770278, -100.515142,     1911.040
  10,   20,   50.774200, -100.360638,     1911.680
  11,   20,   50.778009, -100.206119,     2155.360
  12,   20,   50.781708, -100.051587,     2155.360
  13,   20,   50.785294,  -99.897042,     2160.640
  14,   20,   50.788770,  -99.742484,     2184.640
  15,   20,   50.792133,  -99.587914,     2217.440
  16,   20,   50.795386,  -99.433332,     2217.440
  17,   20,   50.798526,  -99.278738,     2522.720
  18,   20,   50.801555,  -99.124134,     2531.360
  19,   20,   50.804473,  -98.969518,     2535.200
  20,   20,   50.807279,  -98.814892,     2255.360
  21,   20,   50.809974,  -98.660257,     2255.360
  22,   20,   50.812557,  -98.505611,     2540.800
  23,   20,   50.815028,  -98.350957,     2001.440
  24,   20,   50.817388,  -98.196294,     2538.720
  25,   20,   50.819637,  -98.041623,     2538.720
  26,   20,   50.821774,  -97.886943,     2537.280
  27,   20,   50.823799,  -97.732256,     2849.920
  28,   20,   50.825713,  -97.577562,     2852.960
  29,   20,   50.827515,  -97.422862,     2852.960
  30,   20,   50.829206,  -97.268155,     3200.800
  31,   20,   50.830785,  -97.113442,     3208.160
  32,   20,   50.832253,  -96.958723,     3214.240
  33,   20,   50.833609,  -96.804000,     2871.680
  34,   20,   50.834854,  -96.649272,     2871.680
  35,   20,   50.835987,  -96.494539,     2871.680
  36,   20,   50.837008,  -96.339803,     3207.040
  37,   20,   50.837918,  -96.185063,     1003.520
  38,   20,   50.838717,  -96.030320,     1003.520
  39,   20,   50.839404,  -95.875574,     2850.880
  40,   20,   50.839979,  -95.720826,     3186.880
  41,   20,   50.840443,  -95.566076,     3182.240
  42,   20,   50.840795,  -95.411325,     3182.240
  43,   20,   50.841036,  -95.256573,     3174.400
  44,   20,   50.841165,  -95.101820,     3168.000
   1,   21,   50.832550, -101.758330,     2180.960
   2,   21,   50.837364, -101.603776,     2178.080
   3,   21,   50.842067, -101.449204,     2178.080
   4,   21,   50.846658, -101.294616,     2169.280
   5,   21,   50.851138, -101.140012,     1913.600
   6,   21,   50.855506, -100.985391,     1691.840
   7,   21,   50.859762, -100.830755,     1691.840
   8,   21,   50.863907, -100.676104,     1910.720
   9,   21,   50.867941, -100.521438,     2158.240
  10,   21,   50.871863, -100.366757,     2158.400
  11,   21,   50.875673, -100.212063,     2158.400
  12,   21,   50.879372, -100.057355,     1929.920
  13,   21,   50.882960,  -99.902633,     2188.480
  14,   21,   50.886436,  -99.747899,     2212.000
  15,   21,   50.889800,  -99.593153,     1980.320
  16,   21,   50.893053,  -99.438395,     1980.320
  17,   21,   50.896194,  -99.283625,     1238.880
  18,   21,   50.899224,  -99.128844,     1991.680
  19,   21,   50.902142,  -98.974052,     2534.400
  20,   21,   50.904949,  -98.819250,     2534.400
  21,   21,   50.907644,  -98.664438,     2253.120
  22,   21,   50.910227,  -98.509616,     2254.240
  23,   21,   50.912699,  -98.354785,     2253.120
  24,   21,   50.915060,  -98.199945,     2251.200
  25,   21,   50.917309,  -98.045097,     2251.200
  26,   21,   50.919446,  -97.890241,     2846.240
  27,   21,   50.921472,  -97.735378,     2847.840
  28,   21,   50.923386,  -97.580507,     2852.960
  29,   21,   50.925189,  -97.425630,     3194.400
  30,   21,   50.926880,  -97.270746,     3201.600
  31,   21,   50.928459,  -97.115857,     3208.000
  32,   21,   50.929927,  -96.960961,     3212.640
  33,   21,   50.931284,  -96.806061,     3212.640
  34,   21,   50.932528,  -96.651156,     2871.200
  35,   21,   50.933662,  -96.496247,     2870.400
  36,   21,   50.934683,  -96.341334,     3207.040
  37,   21,   50.935594,  -96.186417,     3567.040
  38,   21,   50.936392,  -96.031497,     3197.600
  39,   21,   50.937079,  -95.876575,     2539.200
  40,   21,   50.937655,  -95.721650,     3186.240
  41,   21,   50.938119,  -95.566723,     3180.800
  42,   21,   50.938471,  -95.411795,     3180.800
  43,   21,   50.938712,  -95.256866,     3174.400
  44,   21,   50.938841,  -95.101936,     3165.760
   1,   22,   50.930113, -101.766049,     2178.720
   2,   22,   50.934928, -101.611319,     2178.720
   3,   22,   50.939631, -101.456572,     2178.240
   4,   22,   50.944223, -101.301807,     1923.040
   5,   22,   50.948704, -101.147027,     1696.000
   6,   22,   50.953073, -100.992230,     1695.520
   7,   22,   50.957330, -100.837418,     1695.520
   8,   22,   50.961476, -100.682590,     1920.160
   9,   22,   50.965510, -100.527748,     1926.880
  10,   22,   50.969433, -100.372891,     1928.640
  11,   22,   50.973244, -100.218020,     1928.640
  12,   22,   50.976944, -100.063135,     1929.920
  13,   22,   50.980532,  -99.908238,     1743.200
  14,   22,   50.984008,  -99.753327,     1979.360
  15,   22,   50.987373,  -99.598404,     1979.360
  16,   22,   50.990627,  -99.443469,     1986.720
  17,   22,   50.993768,  -99.288522,     1562.560
  18,   22,   50.996799,  -99.133565,     1391.360
  19,   22,   50.999718,  -98.978596,     1994.880
  20,   22,   51.002525,  -98.823617,     1994.880
  21,   22,   51.005220,  -98.668628,     2253.120
  22,   22,   51.007804,  -98.513629,     1995.680
  23,   22,   51.010277,  -98.358622,     1768.480
  24,   22,   51.012638,  -98.203605,     1768.480
  25,   22,   51.014887,  -98.048580,     1993.760
  26,   22,   51.017025,  -97.893547,     2531.520
  27,   22,   51.019051,  -97.738507,     2847.200
  28,   22,   51.020965,  -97.583459,     2847.200
  29,   22,   51.022768,  -97.428404,     3194.400
  30,   22,   51.024460,  -97.273344,     3200.800
  31,   22,   51.026040,  -97.118277,     3206.560
  32,   22,   51.027508,  -96.963205,     3210.720
  33,   22,   51.028865,  -96.808127,     3210.720
  34,   22,   51.030110,  -96.653045,     3574.880
  35,   22,   51.031243,  -96.497959,     3574.560
  36,   22,   51.032265,  -96.342868,     3567.040
  37,   22,   51.033175,  -96.187774,     3567.040
  38,   22,   51.033974,  -96.032677,     2856.160
  39,   22,   51.034661,  -95.877578,     2850.400
  40,   22,   51.035237,  -95.722476,     2844.800
  41,   22,   51.035701,  -95.567372,     2844.800
  42,   22,   51.036053,  -95.412266,     3177.920
  43,   22,   51.036294,  -95.257160,     3171.520
  44,   22,   51.036423,  -95.102053,     3165.760
   1,   23,   51.027582, -101.773786,     2454.720
   2,   23,   51.032398, -101.618880,     2454.720
   3,   23,   51.037102, -101.463956,     2178.240
   4,   23,   51.041695, -101.309015,     1704.800
   5,   23,   51.046176, -101.154058,     1506.880
   6,   23,   51.050546, -100.999085,     1506.880
   7,   23,   51.054804, -100.844096,     1510.560
   8,   23,   51.058951, -100.689091,     1714.560
   9,   23,   51.062986, -100.534072,     1723.520
  10,   23,   51.066909, -100.379038,     1728.960
  11,   23,   51.070721, -100.223991,     1728.960
  12,   23,   51.074421, -100.068929,     1733.920
  13,   23,   51.078010,  -99.913855,     1743.200
  14,   23,   51.081487,  -99.758767,     1560.000
  15,   23,   51.084853,  -99.603667,     1560.000
  16,   23,   51.088107,  -99.448555,     1560.960
  17,   23,   51.091249,  -99.293431,     1236.800
  18,   23,   51.094280,  -99.138296,     1563.840
  19,   23,   51.097199,  -98.983150,     1563.840
  20,   23,   51.100007,  -98.827994,     1393.280
  21,   23,   51.102703,  -98.672828,     1568.320
  22,   23,   51.105288,  -98.517652,     1995.680
  23,   23,   51.107761,  -98.362467,     1107.520
  24,   23,   51.110122,  -98.207273,     1107.520
  25,   23,   51.112372,  -98.052071,     1391.040
  26,   23,   51.114510,  -97.896860,     1566.560
  27,   23,   51.116536,  -97.741642,     1770.560
  28,   23,   51.118451,  -97.586417,     1770.560
  29,   23,   51.120255,  -97.431185,     1774.880
  30,   23,   51.121946,  -97.275947,     3200.800
  31,   23,   51.123526,  -97.120703,     2549.120
  32,   23,   51.124995,  -96.965453,     2549.120
  33,   23,   51.126352,  -96.810198,     3207.680
  34,   23,   51.127597,  -96.654938,     3572.640
  35,   23,   51.128731,  -96.499674,     3208.640
  36,   23,   51.129753,  -96.344406,     3208.640
  37,   23,   51.130664,  -96.189135,     3201.760
  38,   23,   51.131462,  -96.033860,     1115.520
  39,   23,   51.132150,  -95.878583,     1572.480
  40,   23,   51.132725,  -95.723303,     2249.280
  41,   23,   51.133189,  -95.568021,     2249.280
  42,   23,   51.133542,  -95.412738,     2836.480
  43,   23,   51.133783,  -95.257454,     2830.880
  44,   23,   51.133912,  -95.102170,     2826.400
   1,   24,   51.124958, -101.781541,     2180.960
   2,   24,   51.129774, -101.626458,     2180.960
   3,   24,   51.134480, -101.471357,     2179.040
   4,   24,   51.139073, -101.316239,     1704.800
   5,   24,   51.143555, -101.161105,     1507.200
   6,   24,   51.147926, -101.005955,     1507.200
   7,   24,   51.152185, -100.850789,     1513.920
   8,   24,   51.156332, -100.695607,     1525.920
   9,   24,   51.160368, -100.540411,     1537.120
  10,   24,   51.164292, -100.385200,     1537.120
  11,   24,   51.168104, -100.229975,     1545.920
  12,   24,   51.171805, -100.074736,     1552.480
  13,   24,   51.175395,  -99.919484,     1758.080
  14,   24,   51.178873,  -99.764219,     1560.000
  15,   24,   51.182239,  -99.608942,     1559.040
  16,   24,   51.185493,  -99.453652,     1386.880
  17,   24,   51.188636,  -99.298351,     1561.120
  18,   24,   51.191668,  -99.143039,     1763.840
  19,   24,   51.194588,  -98.987715,     1763.840
  20,   24,   51.197396,  -98.832381,     1765.920
  21,   24,   51.200092,  -98.677038,     1766.240
  22,   24,   51.202677,  -98.521684,      674.880
  23,   24,   51.205151,  -98.366321,     1988.320
  24,   24,   51.207512,  -98.210949,     1760.800
  25,   24,   51.209762,  -98.055569,     1988.160
  26,   24,   51.211901,  -97.900181,     1992.800
  27,   24,   51.213928,  -97.744785,     1992.800
  28,   24,   51.215843,  -97.589382,     1997.760
  29,   24,   51.217647,  -97.433973,     2001.440
  30,   24,   51.219339,  -97.278556,     2260.160
  31,   24,   51.220919,  -97.123134,     2549.120
  32,   24,   51.222388,  -96.967706,     2547.360
  33,   24,   51.223745,  -96.812274,     2551.840
  34,   24,   51.224991,  -96.656836,     3570.240
  35,   24,   51.226125,  -96.501394,     3203.680
  36,   24,   51.227147,  -96.345948,     3203.680
  37,   24,   51.228058,  -96.190498,     3561.760
  38,   24,   51.228857,  -96.035046,     1115.520
  39,   24,   51.229544,  -95.879590,     2536.320
  40,   24,   51.230120,  -95.724132,     2536.320
  41,   24,   51.230584,  -95.568673,     2248.320
  42,   24,   51.230936,  -95.413212,     2835.040
  43,   24,   51.231177,  -95.257750,     2829.600
  44,   24,   51.231307,  -95.102287,     2825.760
   1,   25,   51.222239, -101.789313,     2181.280
   2,   25,   51.227057, -101.634053,     2183.040
   3,   25,   51.231763, -101.478775,     1930.720
   4,   25,   51.236357, -101.323480,     1703.040
   5,   25,   51.240840, -101.168168,     1507.200
   6,   25,   51.245211, -101.012841,     1501.120
   7,   25,   51.249471, -100.857497,     1507.520
   8,   25,   51.253619, -100.702138,     1521.440
   9,   25,   51.257655, -100.546764,     1734.880
  10,   25,   51.261580, -100.391376,     1734.880
  11,   25,   51.265394, -100.235973,     1749.440
  12,   25,   51.269095, -100.080557,     1757.920
  13,   25,   51.272685,  -99.925127,     1559.680
  14,   25,   51.276164,  -99.769684,     1559.680
  15,   25,   51.279530,  -99.614229,     1559.040
  16,   25,   51.282786,  -99.458762,     1985.920
  17,   25,   51.285929,  -99.303283,     1988.960
  18,   25,   51.288961,  -99.147792,     1988.960
  19,   25,   51.291881,  -98.992291,     1990.880
  20,   25,   51.294690,  -98.836779,     1991.040
  21,   25,   51.297387,  -98.681257,     2245.280
  22,   25,   51.299973,  -98.525725,     1988.320
  23,   25,   51.302446,  -98.370184,     1988.320
  24,   25,   51.304808,  -98.214634,     2238.080
  25,   25,   51.307059,  -98.059076,     2525.280
  26,   25,   51.309198,  -97.903510,     2247.840
  27,   25,   51.311225,  -97.747936,     2247.840
  28,   25,   51.313141,  -97.592354,     2253.440
  29,   25,   51.314945,  -97.436766,     2256.480
  30,   25,   51.316637,  -97.281172,     2543.680
  31,   25,   51.318218,  -97.125571,     2543.680
  32,   25,   51.319687,  -96.969965,     2859.680
  33,   25,   51.321044,  -96.814354,     2864.160
  34,   25,   51.322290,  -96.658738,     3205.120
  35,   25,   51.323424,  -96.503117,     3199.680
  36,   25,   51.324447,  -96.347493,     3199.680
  37,   25,   51.325357,  -96.191865,     3557.920
  38,   25,   51.326157,  -96.036234,     2852.800
  39,   25,   51.326844,  -95.880600,     2536.320
  40,   25,   51.327420,  -95.724964,     2845.920
  41,   25,   51.327884,  -95.569326,     2530.400
  42,   25,   51.328237,  -95.413686,     3169.920
  43,   25,   51.328478,  -95.258045,     3164.000
  44,   25,   51.328607,  -95.102404,     3164.000
   1,   26,   51.319426, -101.797103,     2183.040
   2,   26,   51.324245, -101.641665,     1933.280
   3,   26,   51.328951, -101.486210,     1705.760
   4,   26,   51.333547, -101.330737,     1504.000
   5,   26,   51.338030, -101.175248,     1504.000
   6,   26,   51.342402, -101.019743,     1501.120
   7,   26,   51.346663, -100.864221,     1687.680
   8,   26,   51.350812, -100.708684,     1706.080
   9,   26,   51.354849, -100.553132,     1730.720
  10,   26,   51.358774, -100.397566,     1730.720
  11,   26,   51.362588, -100.241985,     1749.440
  12,   26,   51.366290, -100.086391,     1984.000
  13,   26,   51.369881,  -99.930783,     1758.880
  14,   26,   51.373360,  -99.775162,     1758.880
  15,   26,   51.376728,  -99.619528,     1759.360
  16,   26,   51.379983,  -99.463883,     1985.920
  17,   26,   51.383127,  -99.308225,     2528.320
  18,   26,   51.386160,  -99.152556,     2528.320
  19,   26,   51.389081,  -98.996877,     2245.120
  20,   26,   51.391890,  -98.841186,     2244.640
  21,   26,   51.394587,  -98.685486,      445.920
  22,   26,   51.397173,  -98.529776,      445.920
  23,   26,   51.399647,  -98.374056,     2240.160
  24,   26,   51.402010,  -98.218328,     2238.080
  25,   26,   51.404261,  -98.062591,     2524.480
  26,   26,   51.406400,  -97.906846,     2532.960
  27,   26,   51.408428,  -97.751093,     2532.960
  28,   26,   51.410344,  -97.595333,     2539.360
  29,   26,   51.412148,  -97.439566,     2856.000
  30,   26,   51.413841,  -97.283793,     2857.120
  31,   26,   51.415422,  -97.128014,     2857.120
  32,   26,   51.416891,  -96.972229,     2859.680
  33,   26,   51.418249,  -96.816439,     3203.520
  34,   26,   51.419495,  -96.660644,     2861.440
  35,   26,   51.420629,  -96.504845,     2861.440
  36,   26,   51.421652,  -96.349041,     3195.040
  37,   26,   51.422562,  -96.193235,     3553.120
  38,   26,   51.423362,  -96.037425,     3548.480
  39,   26,   51.424049,  -95.881612,     3548.480
  40,   26,   51.424625,  -95.725797,     2845.920
  41,   26,   51.425090,  -95.569980,     2529.280
  42,   26,   51.425442,  -95.414162,     2832.800
  43,   26,   51.425683,  -95.258342,     3161.600
  44,   26,   51.425813,  -95.102522,     3161.600
   1,   27,   51.416518, -101.804912,     2178.880
   2,   27,   51.421338, -101.649296,     1705.440
   3,   27,   51.426046, -101.493662,     1695.840
   4,   27,   51.430642, -101.338011,     1687.200
   5,   27,   51.435126, -101.182344,     1687.200
   6,   27,   51.439499, -101.026660,     1491.680
   7,   27,   51.443760, -100.870960,     1687.680
   8,   27,   51.447909, -100.715245,     1918.880
   9,   27,   51.451947, -100.559515,     1918.880
  10,   27,   51.455874, -100.403770,     1950.880
  11,   27,   51.459688, -100.248011,     1974.080
  12,   27,   51.463391, -100.092238,     2237.280
  13,   27,   51.466982,  -99.936451,     2237.280
  14,   27,   51.470462,  -99.780652,     2238.880
  15,   27,   51.473830,  -99.624840,     2239.520
  16,   27,   51.477086,  -99.469015,     2526.720
  17,   27,   51.480231,  -99.313179,     2528.320
  18,   27,   51.483264,  -99.157332,     1988.160
  19,   27,   51.486185,  -99.001473,     1563.040
  20,   27,   51.488995,  -98.845604,      894.560
  21,   27,   51.491693,  -98.689724,      299.520
  22,   27,   51.494279,  -98.533835,      299.520
  23,   27,   51.496754,  -98.377937,      811.680
  24,   27,   51.499117,  -98.222029,     1559.360
  25,   27,   51.501368,  -98.066114,     2524.480
  26,   27,   51.503508,  -97.910189,     1987.040
  27,   27,   51.505536,  -97.754258,     2532.480
  28,   27,   51.507452,  -97.598319,     2538.880
  29,   27,   51.509257,  -97.442373,     2855.840
  30,   27,   51.510949,  -97.286420,     2855.840
  31,   27,   51.512531,  -97.130462,     2856.640
  32,   27,   51.514000,  -96.974498,     2858.240
  33,   27,   51.515358,  -96.818529,     3203.520
  34,   27,   51.516604,  -96.662555,     3196.960
  35,   27,   51.517739,  -96.506576,     3196.960
  36,   27,   51.518762,  -96.350594,     3193.120
  37,   27,   51.519673,  -96.194608,     3189.120
  38,   27,   51.520472,  -96.038618,     2847.520
  39,   27,   51.521160,  -95.882626,     2847.520
  40,   27,   51.521736,  -95.726632,     2844.000
  41,   27,   51.522200,  -95.570636,     2529.280
  42,   27,   51.522553,  -95.414638,     3166.560
  43,   27,   51.522794,  -95.258639,     3166.560
  44,   27,   51.522923,  -95.102640,     3160.000
   1,   28,   51.513516, -101.812738,     1924.000
   2,   28,   51.518336, -101.656943,     1911.200
   3,   28,   51.523045, -101.501131,     1684.960
   4,   28,   51.527642, -101.345302,     1684.960
   5,   28,   51.532127, -101.189456,     1679.360
   6,   28,   51.536500, -101.033594,     1675.040
   7,   28,   51.540762, -100.877715,     1680.160
   8,   28,   51.544912, -100.721821,     1918.880
   9,   28,   51.548951, -100.565912,     1921.600
  10,   28,   51.552878, -100.409989,     1953.920
  11,   28,   51.556693, -100.254051,     1975.520
  12,   28,   51.560397, -100.098099,     2237.760
  13,   28,   51.563988,  -99.942133,     2237.760
  14,   28,   51.567469,  -99.786155,     2524.000
  15,   28,   51.570837,  -99.630163,     2240.640
  16,   28,   51.574094,  -99.474160,     2241.600
  17,   28,   51.577239,  -99.318145,     2241.600
  18,   28,   51.580273,  -99.162118,     1988.160
  19,   28,   51.583195,  -99.006080,     1560.000
  20,   28,   51.586005,  -98.850031,     1560.960
  21,   28,   51.588703,  -98.693973,     1560.960
  22,   28,   51.591290,  -98.537904,     1561.120
  23,   28,   51.593765,  -98.381827,      892.800
  24,   28,   51.596128,  -98.225740,     1386.560
  25,   28,   51.598380,  -98.069644,     1987.040
  26,   28,   51.600520,  -97.913541,     1987.040
  27,   28,   51.602548,  -97.757430,     2532.800
  28,   28,   51.604465,  -97.601311,     2537.920
  29,   28,   51.606270,  -97.445186,     2854.880
  30,   28,   51.607963,  -97.289054,     2854.880
  31,   28,   51.609545,  -97.132916,     2855.840
  32,   28,   51.611014,  -96.976772,     3197.600
  33,   28,   51.612372,  -96.820623,     3198.400
  34,   28,   51.613619,  -96.664470,     3198.400
  35,   28,   51.614754,  -96.508312,     3193.760
  36,   28,   51.615777,  -96.352149,     3190.240
  37,   28,   51.616688,  -96.195984,     3186.240
  38,   28,   51.617487,  -96.039815,     3186.240
  39,   28,   51.618175,  -95.883643,     2844.480
  40,   28,   51.618751,  -95.727469,     2841.440
  41,   28,   51.619216,  -95.571293,     3530.400
  42,   28,   51.619569,  -95.415116,     3166.560
  43,   28,   51.619810,  -95.258937,     2830.240
  44,   28,   51.619939,  -95.102758,     2825.440
   1,   29,   51.610418, -101.820582,     1918.240
   2,   29,   51.615239, -101.664608,     1904.320
   3,   29,   51.619949, -101.508618,     2137.600
   4,   29,   51.624546, -101.352609,     2137.600
   5,   29,   51.629032, -101.196584,     1890.560
   6,   29,   51.633406, -101.040543,     1887.200
   7,   29,   51.637669, -100.884486,     1895.520
   8,   29,   51.641820, -100.728413,     1895.520
   9,   29,   51.645859, -100.572324,     1921.600
  10,   29,   51.649787, -100.416222,     1959.680
  11,   29,   51.653603, -100.260104,     2230.400
  12,   29,   51.657307, -100.103973,     2521.280
  13,   29,   51.660899,  -99.947828,     2521.280
  14,   29,   51.664380,  -99.791670,     1985.440
  15,   29,   51.667749,  -99.635499,     1759.360
  16,   29,   51.671007,  -99.479316,     1759.200
  17,   29,   51.674152,  -99.323121,     1759.200
  18,   29,   51.677186,  -99.166915,     1559.680
  19,   29,   51.680109,  -99.010698,     1560.000
  20,   29,   51.682919,  -98.854469,     1985.600
  21,   29,   51.685618,  -98.698231,     1985.600
  22,   29,   51.688205,  -98.541983,     2240.800
  23,   29,   51.690681,  -98.385725,     2240.480
  24,   29,   51.693045,  -98.229459,     2240.160
  25,   29,   51.695297,  -98.073184,     2240.160
  26,   29,   51.697437,  -97.916900,     2242.560
  27,   29,   51.699466,  -97.760609,     2532.800
  28,   29,   51.701382,  -97.604311,     2851.040
  29,   29,   51.703188,  -97.448005,     2851.040
  30,   29,   51.704881,  -97.291693,     2853.760
  31,   29,   51.706463,  -97.135375,     2855.520
  32,   29,   51.707933,  -96.979052,     2855.360
  33,   29,   51.709291,  -96.822723,     3195.680
  34,   29,   51.710538,  -96.666389,     3195.680
  35,   29,   51.711673,  -96.510051,     3193.760
  36,   29,   51.712696,  -96.353709,     3186.720
  37,   29,   51.713607,  -96.197363,     3182.720
  38,   29,   51.714407,  -96.041014,     3182.720
  39,   29,   51.715095,  -95.884662,     3536.960
  40,   29,   51.715671,  -95.728308,     3174.560
  41,   29,   51.716136,  -95.571952,     3170.560
  42,   29,   51.716489,  -95.415595,     3170.560
  43,   29,   51.716730,  -95.259236,     3165.280
  44,   29,   51.716859,  -95.102877,     3160.480
   1,   30,   51.707225, -101.828444,     1918.240
   2,   30,   51.712047, -101.672291,     1910.720
   3,   30,   51.716757, -101.516121,     2144.160
   4,   30,   51.721355, -101.359934,     2144.160
   5,   30,   51.725842, -101.203729,     1892.800
   6,   30,   51.730217, -101.047509,     1888.320
   7,   30,   51.734480, -100.891272,     1900.000
   8,   30,   51.738632, -100.735019,     1900.000
   9,   30,   51.742672, -100.578751,     1929.120
  10,   30,   51.746600, -100.422469,     1959.680
  11,   30,   51.750417, -100.266172,     2230.400
  12,   30,   51.754121, -100.109861,     2232.640
  13,   30,   51.757714,  -99.953536,     1984.000
  14,   30,   51.761196,  -99.797198,     1983.360
  15,   30,   51.764565,  -99.640848,     2237.920
  16,   30,   51.767823,  -99.484485,     2237.920
  17,   30,   51.770970,  -99.328110,     1984.640
  18,   30,   51.774004,  -99.171723,     1984.160
  19,   30,   51.776927,  -99.015326,     1984.480
  20,   30,   51.779738,  -98.858918,     2236.160
  21,   30,   51.782437,  -98.702499,     2236.160
  22,   30,   51.785025,  -98.546071,     2239.200
  23,   30,   51.787501,  -98.389633,     2526.400
  24,   30,   51.789865,  -98.233186,     2528.320
  25,   30,   51.792117,  -98.076731,     2528.320
  26,   30,   51.794258,  -97.920267,     2530.560
  27,   30,   51.796287,  -97.763796,     2534.240
  28,   30,   51.798204,  -97.607317,     2851.040
  29,   30,   51.800010,  -97.450831,     2850.560
  30,   30,   51.801704,  -97.294339,     3193.760
  31,   30,   51.803286,  -97.137841,     2854.400
  32,   30,   51.804756,  -96.981337,     3195.360
  33,   30,   51.806114,  -96.824827,     3195.360
  34,   30,   51.807361,  -96.668313,     3192.800
  35,   30,   51.808496,  -96.511794,     3190.240
  36,   30,   51.809520,  -96.355272,     3186.720
  37,   30,   51.810431,  -96.198745,     3182.080
  38,   30,   51.811231,  -96.042216,     3178.240
  39,   30,   51.811919,  -95.885684,     3532.640
  40,   30,   51.812495,  -95.729149,     3529.120
  41,   30,   51.812960,  -95.572613,     3169.120
  42,   30,   51.813313,  -95.416074,     3169.120
  43,   30,   51.813554,  -95.259535,     3165.280
  44,   30,   51.813684,  -95.102995,     3160.640
   1,   31,   51.803936, -101.836324,     2166.400
   2,   31,   51.808759, -101.679992,     1910.720
   3,   31,   51.813470, -101.523642,     2173.440
   4,   31,   51.818069, -101.367275,     1918.720
   5,   31,   51.822556, -101.210891,     1904.000
   6,   31,   51.826932, -101.054490,     1894.880
   7,   31,   51.831196, -100.898073,     1906.720
   8,   31,   51.835348, -100.741641,     1906.720
   9,   31,   51.839389, -100.585193,     2184.160
  10,   31,   51.843317, -100.428730,     1965.120
  11,   31,   51.847135, -100.272253,     2232.640
  12,   31,   51.850840, -100.115762,     2232.640
  13,   31,   51.854434,  -99.959257,     1983.040
  14,   31,   51.857916,  -99.802739,     1981.920
  15,   31,   51.861286,  -99.646208,     1982.240
  16,   31,   51.864544,  -99.489665,     1982.240
  17,   31,   51.867691,  -99.333110,     1982.240
  18,   31,   51.870726,  -99.176543,     1981.760
  19,   31,   51.873649,  -99.019965,     2234.880
  20,   31,   51.876461,  -98.863376,     2234.880
  21,   31,   51.879161,  -98.706777,     2232.960
  22,   31,   51.881749,  -98.550168,     2237.440
  23,   31,   51.884225,  -98.393550,     2527.040
  24,   31,   51.886589,  -98.236922,     2527.040
  25,   31,   51.888842,  -98.080286,     2531.200
  26,   31,   51.890983,  -97.923642,     2846.880
  27,   31,   51.893012,  -97.766990,     2848.800
  28,   31,   51.894930,  -97.610330,     2850.560
  29,   31,   51.896736,  -97.453664,     2850.560
  30,   31,   51.898430,  -97.296991,     2851.360
  31,   31,   51.900012,  -97.140312,     2852.000
  32,   31,   51.901483,  -96.983627,      299.680
  33,   31,   51.902841,  -96.826937,      299.680
  34,   31,   51.904088,  -96.670241,      500.320
  35,   31,   51.905224,  -96.513542,     3185.760
  36,   31,   51.906247,  -96.356838,     3182.080
  37,   31,   51.907159,  -96.200131,     3182.080
  38,   31,   51.907959,  -96.043421,     3173.600
  39,   31,   51.908647,  -95.886708,     3528.800
  40,   31,   51.909224,  -95.729992,     3527.200
  41,   31,   51.909688,  -95.573274,     3527.200
  42,   31,   51.910041,  -95.416555,     3168.480
  43,   31,   51.910282,  -95.259835,     3165.440
  44,   31,   51.910412,  -95.103114,     3160.640
   1,   32,   51.900551, -101.844222,     2175.840
   2,   32,   51.905374, -101.687710,     2173.440
   3,   32,   51.910086, -101.531180,     2173.440
   4,   32,   51.914686, -101.374633,     2187.520
   5,   32,   51.919174, -101.218069,     1925.280
   6,   32,   51.923550, -101.061488,     1912.640
   7,   32,   51.927815, -100.904891,     1912.640
   8,   32,   51.931968, -100.748278,     1919.680
   9,   32,   51.936009, -100.591650,     2193.120
  10,   32,   51.939939, -100.435006,     1968.320
  11,   32,   51.943756, -100.278349,     1968.320
  12,   32,   51.947462, -100.121677,     2233.600
  13,   32,   51.951057,  -99.964991,     1983.040
  14,   32,   51.954539,  -99.808293,     1980.640
  15,   32,   51.957910,  -99.651581,     1980.000
  16,   32,   51.961169,  -99.494857,     1980.000
  17,   32,   51.964316,  -99.338121,     1979.360
  18,   32,   51.967352,  -99.181373,     1978.400
  19,   32,   51.970275,  -99.024614,     2230.880
  20,   32,   51.973087,  -98.867845,     2230.880
  21,   32,   51.975787,  -98.711065,     2232.960
  22,   32,   51.978376,  -98.554275,     2237.280
  23,   32,   51.980853,  -98.397476,     2527.520
  24,   32,   51.983217,  -98.240667,     2527.520
  25,   32,   51.985471,  -98.083850,     2532.480
  26,   32,   51.987612,  -97.927024,     2848.000
  27,   32,   51.989642,  -97.770191,     2848.640
  28,   32,   51.991559,  -97.613351,     2848.640
  29,   32,   51.993366,  -97.456503,     3190.080
  30,   32,   51.995060,  -97.299649,     2851.360
  31,   32,   51.996642,  -97.142788,      121.440
  32,   32,   51.998113,  -96.985922,      121.440
  33,   32,   51.999472,  -96.829051,      298.880
  34,   32,   52.000719,  -96.672174,      499.040
  35,   32,   52.001855,  -96.515293,     2841.600
  36,   32,   52.002878,  -96.358409,     2841.600
  37,   32,   52.003790,  -96.201520,     3177.280
  38,   32,   52.004590,  -96.044628,     3169.440
  39,   32,   52.005279,  -95.887734,     3525.600
  40,   32,   52.005855,  -95.730837,     3525.280
  41,   32,   52.006320,  -95.573938,     3525.280
  42,   32,   52.006673,  -95.417037,     3905.120
  43,   32,   52.006914,  -95.260136,     3521.920
  44,   32,   52.007044,  -95.103234,     3161.600
   1,   33,   51.997070, -101.852139,     2456.320
   2,   33,   52.001894, -101.695447,     2466.880
   3,   33,   52.006606, -101.538736,     2466.880
   4,   33,   52.011207, -101.382008,     2187.520
   5,   33,   52.015695, -101.225263,     2476.320
   6,   33,   52.020073, -101.068502,     1939.040
   7,   33,   52.024338, -100.911724,     1939.040
   8,   33,   52.028492, -100.754930,     2187.360
   9,   33,   52.032533, -100.598121,     2203.360
  10,   33,   52.036463, -100.441297,     2221.600
  11,   33,   52.040282, -100.284458,     2221.600
  12,   33,   52.043988, -100.127606,     2515.680
  13,   33,   52.047583,  -99.970739,     2235.520
  14,   33,   52.051066,  -99.813859,     1980.640
  15,   33,   52.054437,  -99.656966,     1383.360
  16,   33,   52.057697,  -99.500061,     1977.920
  17,   33,   52.060845,  -99.343144,     1976.640
  18,   33,   52.063881,  -99.186215,     1975.520
  19,   33,   52.066805,  -99.029275,     1975.520
  20,   33,   52.069617,  -98.872324,     2228.640
  21,   33,   52.072318,  -98.715363,     2231.520
  22,   33,   52.074907,  -98.558391,     2237.280
  23,   33,   52.077384,  -98.401410,     2528.160
  24,   33,   52.079749,  -98.244420,     2528.160
  25,   33,   52.082002,  -98.087422,     2531.680
  26,   33,   52.084144,  -97.930415,     2531.840
  27,   33,   52.086174,  -97.773400,     2533.600
  28,   33,   52.088092,  -97.616378,     2533.600
  29,   33,   52.089899,  -97.459349,     3187.360
  30,   33,   52.091593,  -97.302313,       80.640
  31,   33,   52.093176,  -97.145271,      121.440
  32,   33,   52.094647,  -96.988223,      163.520
  33,   33,   52.096006,  -96.831170,      496.160
  34,   33,   52.097254,  -96.674112,      611.520
  35,   33,   52.098389,  -96.517049,     2837.280
  36,   33,   52.099413,  -96.359982,     2837.280
  37,   33,   52.100325,  -96.202912,     2834.880
  38,   33,   52.101125,  -96.045839,     3169.440
  39,   33,   52.101814,  -95.888762,     3522.560
  40,   33,   52.102390,  -95.731684,     3522.560
  41,   33,   52.102855,  -95.574603,     3522.720
  42,   33,   52.103208,  -95.417521,     3522.400
  43,   33,   52.103449,  -95.260437,     3900.960
  44,   33,   52.103579,  -95.103353,     3900.960
   1,   34,   52.093491, -101.860074,     2174.720
   2,   34,   52.098316, -101.703201,     2174.720
   3,   34,   52.103029, -101.546309,     2470.240
   4,   34,   52.107631, -101.389401,     2788.640
   5,   34,   52.112120, -101.232475,     2476.320
   6,   34,   52.116498, -101.075532,     2800.160
   7,   34,   52.120764, -100.918573,     2492.000
   8,   34,   52.124918, -100.761598,     2209.120
   9,   34,   52.128961, -100.604608,     2213.440
  10,   34,   52.132891, -100.447602,     2223.360
  11,   34,   52.136710, -100.290582,     2223.360
  12,   34,   52.140417, -100.133548,     2234.880
  13,   34,   52.144013,  -99.976500,     2233.920
  14,   34,   52.147496,  -99.819439,     1383.360
  15,   34,   52.150868,  -99.662364,     1383.360
  16,   34,   52.154128,  -99.505277,     1976.480
  17,   34,   52.157276,  -99.348179,     2227.200
  18,   34,   52.160313,  -99.191068,     2226.720
  19,   34,   52.163237,  -99.033946,     2226.720
  20,   34,   52.166050,  -98.876813,     2228.480
  21,   34,   52.168751,  -98.719670,     2232.640
  22,   34,   52.171341,  -98.562517,     2238.240
  23,   34,   52.173818,  -98.405354,     2238.240
  24,   34,   52.176184,  -98.248183,     2528.160
  25,   34,   52.178437,  -98.091002,     2529.600
  26,   34,   52.180579,  -97.933813,     1991.680
  27,   34,   52.182610,  -97.776616,     1991.680
  28,   34,   52.184528,  -97.619412,     1992.320
  29,   34,   52.186335,  -97.462201,       80.160
  30,   34,   52.188030,  -97.304983,      121.440
  31,   34,   52.189613,  -97.147759,      121.440
  32,   34,   52.191084,  -96.990529,      163.520
  33,   34,   52.192443,  -96.833294,      610.240
  34,   34,   52.193691,  -96.676053,      810.560
  35,   34,   52.194827,  -96.518809,     1104.800
  36,   34,   52.195851,  -96.361560,     1104.800
  37,   34,   52.196763,  -96.204307,     2830.720
  38,   34,   52.197563,  -96.047052,     2828.800
  39,   34,   52.198252,  -95.889793,     3522.560
  40,   34,   52.198828,  -95.732532,     3161.920
  41,   34,   52.199293,  -95.575269,     3519.840
  42,   34,   52.199646,  -95.418005,     3519.040
  43,   34,   52.199888,  -95.260739,     3896.800
  44,   34,   52.200017,  -95.103473,     3896.800
   1,   35,   52.189816, -101.868027,     2432.960
   2,   35,   52.194642, -101.710973,     2432.960
   3,   35,   52.199356, -101.553900,     2757.120
   4,   35,   52.203958, -101.396810,     2784.960
   5,   35,   52.208448, -101.239702,     2800.160
   6,   35,   52.212826, -101.082578,     2800.160
   7,   35,   52.217093, -100.925438,     2502.720
   8,   35,   52.221248, -100.768281,     2504.480
   9,   35,   52.225291, -100.611109,     2503.520
  10,   35,   52.229222, -100.453922,     2503.520
  11,   35,   52.233042, -100.296720,     2508.160
  12,   35,   52.236750, -100.139504,     2517.280
  13,   35,   52.240345,  -99.982274,     2233.280
  14,   35,   52.243829,  -99.825031,     2233.280
  15,   35,   52.247202,  -99.667775,     1978.080
  16,   35,   52.250462,  -99.510506,     1976.480
  17,   35,   52.253611,  -99.353225,     2508.480
  18,   35,   52.256648,  -99.195932,     2509.120
  19,   35,   52.259573,  -99.038628,     2509.120
  20,   35,   52.262386,  -98.881313,     2512.800
  21,   35,   52.265088,  -98.723988,     2234.720
  22,   35,   52.267677,  -98.566653,     2239.840
  23,   35,   52.270155,  -98.409308,     2239.840
  24,   35,   52.272521,  -98.251953,     2528.160
  25,   35,   52.274775,  -98.094591,     2242.240
  26,   35,   52.276918,  -97.937219,     1762.880
  27,   35,   52.278948,  -97.779840,     1762.880
  28,   35,   52.280867,  -97.622453,      121.760
  29,   35,   52.282674,  -97.465060,      121.440
  30,   35,   52.284369,  -97.307659,      121.600
  31,   35,   52.285952,  -97.150253,      121.600
  32,   35,   52.287424,  -96.992840,      443.360
  33,   35,   52.288783,  -96.835422,      736.800
  34,   35,   52.290031,  -96.678000,      990.720
  35,   35,   52.291167,  -96.520572,      990.720
  36,   35,   52.292191,  -96.363141,     1558.720
  37,   35,   52.293103,  -96.205706,     2826.720
  38,   35,   52.293904,  -96.048268,     2516.480
  39,   35,   52.294592,  -95.890827,     2516.480
  40,   35,   52.295169,  -95.733383,     3161.920
  41,   35,   52.295634,  -95.575938,     3517.280
  42,   35,   52.295987,  -95.418490,     3515.520
  43,   35,   52.296229,  -95.261042,     3515.520
  44,   35,   52.296358,  -95.103593,     3891.680
   1,   36,   52.286044, -101.875999,     2707.840
   2,   36,   52.290870, -101.718763,     2707.840
   3,   36,   52.295585, -101.561509,     2722.880
   4,   36,   52.300188, -101.404236,     2756.640
   5,   36,   52.304678, -101.246947,     2792.320
   6,   36,   52.309058, -101.089641,     2792.320
   7,   36,   52.313325, -100.932318,     2502.720
   8,   36,   52.317480, -100.774980,     2821.280
   9,   36,   52.321524, -100.617626,     2820.000
  10,   36,   52.325456, -100.460256,     2820.000
  11,   36,   52.329276, -100.302872,     2820.160
  12,   36,   52.332984, -100.145474,     2826.880
  13,   36,   52.336581,  -99.988062,     2515.520
  14,   36,   52.340065,  -99.830636,     2515.520
  15,   36,   52.343438,  -99.673198,     2511.680
  16,   36,   52.346699,  -99.515746,     2509.920
  17,   36,   52.349848,  -99.358283,     2508.480
  18,   36,   52.352885,  -99.200808,     1974.240
  19,   36,   52.355811,  -99.043321,     2509.920
  20,   36,   52.358625,  -98.885824,     2514.560
  21,   36,   52.361326,  -98.728316,     2520.320
  22,   36,   52.363916,  -98.570798,     2520.320
  23,   36,   52.366395,  -98.413270,     2524.960
  24,   36,   52.368761,  -98.255733,     2242.080
  25,   36,   52.371016,  -98.098187,     2242.240
  26,   36,   52.373158,  -97.940633,       80.960
  27,   36,   52.375189,  -97.783071,      122.080
  28,   36,   52.377108,  -97.625502,      121.760
  29,   36,   52.378915,  -97.467925,      121.440
  30,   36,   52.380611,  -97.310342,      207.200
  31,   36,   52.382194,  -97.152752,      207.200
  32,   36,   52.383666,  -96.995157,      496.160
  33,   36,   52.385025,  -96.837556,      736.800
  34,   36,   52.386273,  -96.679950,     1101.440
  35,   36,   52.387410,  -96.522340,     1101.440
  36,   36,   52.388434,  -96.364726,     1383.360
  37,   36,   52.389346,  -96.207108,     1980.320
  38,   36,   52.390147,  -96.049486,     2822.720
  39,   36,   52.390836,  -95.891862,     2822.720
  40,   36,   52.391412,  -95.734236,     2823.360
  41,   36,   52.391878,  -95.576607,     3517.280
  42,   36,   52.392231,  -95.418977,     3512.800
  43,   36,   52.392472,  -95.261346,     3512.800
  44,   36,   52.392602,  -95.103714,     3508.800
   1,   37,   52.382174, -101.883990,     2698.720
   2,   37,   52.387001, -101.726571,     2680.640
   3,   37,   52.391716, -101.569135,     2683.840
   4,   37,   52.396320, -101.411680,     2717.120
   5,   37,   52.400811, -101.254209,     2717.120
   6,   37,   52.405191, -101.096720,     2768.480
   7,   37,   52.409459, -100.939215,     2808.320
   8,   37,   52.413615, -100.781694,     2821.280
   9,   37,   52.417659, -100.624157,     2820.000
  10,   37,   52.421592, -100.466606,     2822.400
  11,   37,   52.425412, -100.309039,     2820.160
  12,   37,   52.429121, -100.151458,     2821.920
  13,   37,   52.432718,  -99.993863,     2825.920
  14,   37,   52.436203,  -99.836255,     2825.920
  15,   37,   52.439577,  -99.678633,     2824.800
  16,   37,   52.442838,  -99.520999,     2508.640
  17,   37,   52.445988,  -99.363353,     1974.240
  18,   37,   52.449025,  -99.205695,     1974.240
  19,   37,   52.451951,  -99.048025,     1975.680
  20,   37,   52.454765,  -98.890345,     2232.800
  21,   37,   52.457468,  -98.732653,     2237.600
  22,   37,   52.460058,  -98.574952,     2237.600
  23,   37,   52.462537,  -98.417242,     1986.080
  24,   37,   52.464903,  -98.259521,     1760.320
  25,   37,   52.467158,  -98.101793,       80.960
  26,   37,   52.469301,  -97.944055,       80.960
  27,   37,   52.471332,  -97.786310,      121.920
  28,   37,   52.473251,  -97.628557,      121.920
  29,   37,   52.475059,  -97.470797,      121.440
  30,   37,   52.476754,  -97.313031,      121.440
  31,   37,   52.478338,  -97.155258,      392.000
  32,   37,   52.479810,  -96.997479,      609.280
  33,   37,   52.481170,  -96.839695,      989.760
  34,   37,   52.482418,  -96.681906,      989.760
  35,   37,   52.483554,  -96.524112,     1754.080
  36,   37,   52.484579,  -96.366314,     1554.400
  37,   37,   52.485491,  -96.208513,     1753.760
  38,   37,   52.486292,  -96.050708,     1753.760
  39,   37,   52.486981,  -95.892900,     2512.480
  40,   37,   52.487558,  -95.735090,     3158.080
  41,   37,   52.488023,  -95.577278,     3158.080
  42,   37,   52.488376,  -95.419465,     3158.080
  43,   37,   52.488618,  -95.261650,     3510.880
  44,   37,   52.488747,  -95.103835,     3507.520
   1,   38,   52.478206, -101.891999,     2399.680
   2,   38,   52.483034, -101.734398,     2665.280
   3,   38,   52.487750, -101.576778,     2107.520
   4,   38,   52.492354, -101.419141,     2687.680
   5,   38,   52.496846, -101.261487,     2687.680
   6,   38,   52.501227, -101.103816,     2748.000
   7,   38,   52.505495, -100.946128,     2801.600
   8,   38,   52.509652, -100.788424,     2823.040
   9,   38,   52.513697, -100.630704,     2823.040
  10,   38,   52.517630, -100.472970,     2822.400
  11,   38,   52.521451, -100.315220,     2818.240
  12,   38,   52.525160, -100.157456,     2820.160
  13,   38,   52.528758,  -99.999678,     2820.160
  14,   38,   52.532243,  -99.841886,     2824.480
  15,   38,   52.535617,  -99.684081,     2823.200
  16,   38,   52.538879,  -99.526264,      734.240
  17,   38,   52.542029,  -99.368434,      734.240
  18,   38,   52.545067,  -99.210593,     1379.840
  19,   38,   52.547994,  -99.052740,     1975.680
  20,   38,   52.550808,  -98.894876,     1980.000
  21,   38,   52.553511,  -98.737001,     1980.000
  22,   38,   52.556101,  -98.579117,     1983.680
  23,   38,   52.558580,  -98.421222,     1757.920
  24,   38,   52.560947,  -98.263319,     1385.920
  25,   38,   52.563203,  -98.105406,      122.240
  26,   38,   52.565346,  -97.947485,      122.240
  27,   38,   52.567377,  -97.789556,      121.920
  28,   38,   52.569297,  -97.631620,      121.920
  29,   38,   52.571105,  -97.473676,      206.880
  30,   38,   52.572800,  -97.315726,      206.880
  31,   38,   52.574384,  -97.157769,      550.560
  32,   38,   52.575856,  -96.999807,      735.360
  33,   38,   52.577217,  -96.841839,     1555.840
  34,   38,   52.578465,  -96.683866,     1555.840
  35,   38,   52.579601,  -96.525888,     1754.080
  36,   38,   52.580626,  -96.367907,     1752.320
  37,   38,   52.581539,  -96.209921,     1977.440
  38,   38,   52.582339,  -96.051933,     1977.440
  39,   38,   52.583028,  -95.893941,     2230.080
  40,   38,   52.583605,  -95.735947,     2230.560
  41,   38,   52.584071,  -95.577951,     3156.000
  42,   38,   52.584424,  -95.419954,     3156.000
  43,   38,   52.584665,  -95.261955,     3510.880
  44,   38,   52.584795,  -95.103956,     3507.840
   1,   39,   52.574141, -101.900026,     2399.680
   2,   39,   52.578969, -101.742242,     2387.040
   3,   39,   52.583686, -101.584440,     2664.640
   4,   39,   52.588290, -101.426620,     2688.800
   5,   39,   52.592783, -101.268782,     2688.800
   6,   39,   52.597164, -101.110928,     2747.040
   7,   39,   52.601433, -100.953057,     2800.000
   8,   39,   52.605591, -100.795170,     2820.800
   9,   39,   52.609636, -100.637267,     2820.800
  10,   39,   52.613570, -100.479348,     2820.160
  11,   39,   52.617391, -100.321415,     2818.240
  12,   39,   52.621101, -100.163468,     2509.440
  13,   39,   52.624699, -100.005506,     2509.440
  14,   39,   52.628185,  -99.847531,     2229.600
  15,   39,   52.631559,  -99.689542,     2226.080
  16,   39,   52.634822,  -99.531541,     1748.160
  17,   39,   52.637972,  -99.373528,     1748.160
  18,   39,   52.641011,  -99.215502,     1378.400
  19,   39,   52.643938,  -99.057466,     1750.560
  20,   39,   52.646753,  -98.899418,     1980.000
  21,   39,   52.649456,  -98.741359,     1754.240
  22,   39,   52.652047,  -98.583291,     1756.320
  23,   39,   52.654526,  -98.425212,     1556.640
  24,   39,   52.656893,  -98.267125,     1232.960
  25,   39,   52.659149,  -98.109028,     1232.960
  26,   39,   52.661292,  -97.950923,      122.080
  27,   39,   52.663324,  -97.792810,      164.160
  28,   39,   52.665244,  -97.634690,      121.920
  29,   39,   52.667052,  -97.476562,      121.760
  30,   39,   52.668748,  -97.318427,      343.200
  31,   39,   52.670332,  -97.160286,      669.280
  32,   39,   52.671804,  -97.002140,      888.800
  33,   39,   52.673165,  -96.843987,      888.800
  34,   39,   52.674413,  -96.685830,     1381.280
  35,   39,   52.675550,  -96.527668,     1752.640
  36,   39,   52.676575,  -96.369503,     1752.320
  37,   39,   52.677487,  -96.211333,     1975.360
  38,   39,   52.678288,  -96.053160,     1975.200
  39,   39,   52.678977,  -95.894984,     1975.680
  40,   39,   52.679554,  -95.736806,     2228.320
  41,   39,   52.680020,  -95.578625,     2228.320
  42,   39,   52.680373,  -95.420444,     2509.920
  43,   39,   52.680615,  -95.262261,     3153.120
  44,   39,   52.680744,  -95.104077,     3507.840
   1,   40,   52.669977, -101.908072,     2418.560
   2,   40,   52.674806, -101.750105,     2387.040
   3,   40,   52.679523, -101.592119,     2413.920
   4,   40,   52.684128, -101.434116,     2413.920
   5,   40,   52.688622, -101.276095,     2426.400
   6,   40,   52.693003, -101.118057,     2463.840
   7,   40,   52.697273, -100.960002,     2497.120
   8,   40,   52.701431, -100.801931,     2497.120
   9,   40,   52.705477, -100.643844,     2508.480
  10,   40,   52.709411, -100.485742,     2507.520
  11,   40,   52.713233, -100.327625,     2225.600
  12,   40,   52.716943, -100.169493,     2509.440
  13,   40,   52.720542, -100.011348,     1975.680
  14,   40,   52.724029,  -99.853189,     1974.240
  15,   40,   52.727403,  -99.695016,     1746.400
  16,   40,   52.730666,  -99.536831,     1375.840
  17,   40,   52.733817,  -99.378633,     1375.840
  18,   40,   52.736856,  -99.220424,     1745.920
  19,   40,   52.739783,  -99.062203,     1550.880
  20,   40,   52.742598,  -98.903970,     1754.240
  21,   40,   52.745302,  -98.745728,     1754.240
  22,   40,   52.747893,  -98.587475,     1382.240
  23,   40,   52.750373,  -98.429212,     1231.040
  24,   40,   52.752741,  -98.270940,      297.600
  25,   40,   52.754996,  -98.112659,      297.600
  26,   40,   52.757140,  -97.954369,      122.080
  27,   40,   52.759172,  -97.796072,      343.680
  28,   40,   52.761092,  -97.637766,      121.760
  29,   40,   52.762900,  -97.479454,      121.760
  30,   40,   52.764597,  -97.321135,      607.680
  31,   40,   52.766181,  -97.162809,     1098.400
  32,   40,   52.767654,  -97.004478,     1228.960
  33,   40,   52.769014,  -96.846141,     1228.960
  34,   40,   52.770263,  -96.687799,     1552.000
  35,   40,   52.771400,  -96.529453,     1552.000
  36,   40,   52.772424,  -96.371102,     1975.360
  37,   40,   52.773337,  -96.212748,     1975.360
  38,   40,   52.774138,  -96.054390,     1972.160
  39,   40,   52.774828,  -95.896029,     1972.640
  40,   40,   52.775405,  -95.737666,     2225.600
  41,   40,   52.775870,  -95.579301,     2225.600
  42,   40,   52.776224,  -95.420935,     2507.840
  43,   40,   52.776465,  -95.262567,     2816.960
  44,   40,   52.776595,  -95.104198,     3509.120
   1,   41,   52.765714, -101.916137,     2453.760
   2,   41,   52.770543, -101.757986,     2157.440
   3,   41,   52.775261, -101.599817,     2413.920
   4,   41,   52.779867, -101.441629,     2466.240
   5,   41,   52.784361, -101.283424,     2193.600
   6,   41,   52.788743, -101.125202,     2208.800
   7,   41,   52.793014, -100.966963,     2227.680
   8,   41,   52.797172, -100.808708,     2227.680
   9,   41,   52.801219, -100.650437,     1974.720
  10,   41,   52.805153, -100.492151,     1971.840
  11,   41,   52.808976, -100.333849,     1748.480
  12,   41,   52.812687, -100.175533,     1748.480
  13,   41,   52.816286, -100.017203,     1975.680
  14,   41,   52.819773,  -99.858860,     1549.440
  15,   41,   52.823148,  -99.700503,      731.360
  16,   41,   52.826411,  -99.542133,      731.360
  17,   41,   52.829563,  -99.383750,     1544.960
  18,   41,   52.832602,  -99.225356,     1744.320
  19,   41,   52.835530,  -99.066950,     1550.400
  20,   41,   52.838345,  -98.908534,     1550.400
  21,   41,   52.841049,  -98.750106,     1554.880
  22,   41,   52.843641,  -98.591668,     1382.240
  23,   41,   52.846121,  -98.433221,     1230.240
  24,   41,   52.848489,  -98.274764,     1230.240
  25,   41,   52.850745,  -98.116298,      987.360
  26,   41,   52.852889,  -97.957823,      888.320
  27,   41,   52.854921,  -97.799341,      987.200
  28,   41,   52.856842,  -97.640851,      987.200
  29,   41,   52.858650,  -97.482353,      206.880
  30,   41,   52.860347,  -97.323849,      607.680
  31,   41,   52.861931,  -97.165338,     1228.000
  32,   41,   52.863404,  -97.006822,     1228.000
  33,   41,   52.864765,  -96.848300,     1378.080
  34,   41,   52.866014,  -96.689773,     1377.600
  35,   41,   52.867151,  -96.531241,     1377.760
  36,   41,   52.868176,  -96.372706,     1377.760
  37,   41,   52.869089,  -96.214166,     1748.000
  38,   41,   52.869890,  -96.055623,     1972.160
  39,   41,   52.870579,  -95.897077,     1969.920
  40,   41,   52.871156,  -95.738529,     1969.920
  41,   41,   52.871622,  -95.579979,     2223.040
  42,   41,   52.871975,  -95.421427,     2505.760
  43,   41,   52.872217,  -95.262874,     2815.520
  44,   41,   52.872346,  -95.104320,     3509.440
   1,   42,   52.861352, -101.924221,     2203.840
   2,   42,   52.866182, -101.765886,     2473.760
   3,   42,   52.870901, -101.607532,     2466.240
   4,   42,   52.875507, -101.449160,     2466.240
   5,   42,   52.880002, -101.290771,     2498.880
   6,   42,   52.884385, -101.132364,     2502.240
   7,   42,   52.888656, -100.973941,     2508.480
   8,   42,   52.892815, -100.815501,     2508.480
   9,   42,   52.896862, -100.657045,     2225.760
  10,   42,   52.900797, -100.498574,     1971.840
  11,   42,   52.904620, -100.340088,     1551.040
  12,   42,   52.908331, -100.181587,     1551.040
  13,   42,   52.911931, -100.023072,     1379.040
  14,   42,   52.915418,  -99.864544,     1549.440
  15,   42,   52.918794,  -99.706002,     1224.480
  16,   42,   52.922058,  -99.547447,     1224.480
  17,   42,   52.925210,  -99.388880,     1545.280
  18,   42,   52.928249,  -99.230300,     1547.040
  19,   42,   52.931177,  -99.071710,     1749.440
  20,   42,   52.933993,  -98.913107,     1749.440
  21,   42,   52.936697,  -98.754495,     1554.080
  22,   42,   52.939290,  -98.595872,     1553.920
  23,   42,   52.941770,  -98.437239,     1230.240
  24,   42,   52.944138,  -98.278597,     1752.160
  25,   42,   52.946395,  -98.119945,     1230.080
  26,   42,   52.948539,  -97.961285,       80.640
  27,   42,   52.950572,  -97.802618,     1229.280
  28,   42,   52.952492,  -97.643942,     1229.280
  29,   42,   52.954301,  -97.485259,      120.800
  30,   42,   52.955998,  -97.326569,      441.600
  31,   42,   52.957582,  -97.167873,     1228.000
  32,   42,   52.959055,  -97.009171,      804.800
  33,   42,   52.960416,  -96.850464,     1226.080
  34,   42,   52.961665,  -96.691751,     1547.680
  35,   42,   52.962802,  -96.533034,     1375.680
  36,   42,   52.963827,  -96.374313,     1375.680
  37,   42,   52.964741,  -96.215588,     1547.360
  38,   42,   52.965542,  -96.056859,     1745.440
  39,   42,   52.966231,  -95.898128,     1969.920
  40,   42,   52.966808,  -95.739394,     1967.840
  41,   42,   52.967274,  -95.580658,     2220.480
  42,   42,   52.967627,  -95.421920,     2503.200
  43,   42,   52.967869,  -95.263182,     2813.280
  44,   42,   52.967999,  -95.104442,     2813.280
