   X,    Y,    Latitude,   Longitude, UGRD_201907010600
   1,    1,   48.862147, -101.607558,        1.605
   2,    1,   48.866940, -101.456441,        1.480
   3,    1,   48.871623, -101.305308,        1.292
   4,    1,   48.876194, -101.154159,        0.917
   5,    1,   48.880654, -101.002995,        0.542
   6,    1,   48.885004, -100.851816,        0.230
   7,    1,   48.889242, -100.700623,        0.105
   8,    1,   48.893369, -100.549415,        0.480
   9,    1,   48.897386, -100.398194,        0.917
  10,    1,   48.901291, -100.246959,        1.480
  11,    1,   48.905085, -100.095711,        2.042
  12,    1,   48.908768,  -99.944450,        2.480
  13,    1,   48.912340,  -99.793177,        2.730
  14,    1,   48.915801,  -99.641892,        2.730
  15,    1,   48.919151,  -99.490596,        2.667
  16,    1,   48.922390,  -99.339288,        2.605
  17,    1,   48.925518,  -99.187970,        2.542
  18,    1,   48.928535,  -99.036641,        2.605
  19,    1,   48.931440,  -98.885302,        2.730
  20,    1,   48.934235,  -98.733953,        2.917
  21,    1,   48.936919,  -98.582595,        3.230
  22,    1,   48.939491,  -98.431228,        3.605
  23,    1,   48.941953,  -98.279852,        3.980
  24,    1,   48.944303,  -98.128469,        4.042
  25,    1,   48.946542,  -97.977077,        3.917
  26,    1,   48.948670,  -97.825678,        3.605
  27,    1,   48.950688,  -97.674272,        3.292
  28,    1,   48.952594,  -97.522860,        2.980
  29,    1,   48.954389,  -97.371441,        2.792
  30,    1,   48.956073,  -97.220016,        2.605
  31,    1,   48.957645,  -97.068586,        2.542
  32,    1,   48.959107,  -96.917150,        2.605
  33,    1,   48.960458,  -96.765710,        2.667
  34,    1,   48.961697,  -96.614265,        2.730
  35,    1,   48.962826,  -96.462816,        2.730
  36,    1,   48.963843,  -96.311364,        2.605
  37,    1,   48.964749,  -96.159908,        2.605
  38,    1,   48.965545,  -96.008449,        3.605
  39,    1,   48.966229,  -95.856988,        4.167
  40,    1,   48.966802,  -95.705525,        3.980
  41,    1,   48.967264,  -95.554060,        4.292
  42,    1,   48.967615,  -95.402594,        5.230
  43,    1,   48.967854,  -95.251126,        5.417
  44,    1,   48.967983,  -95.099658,        5.480
   1,    2,   48.961514, -101.614937,        1.855
   2,    2,   48.966308, -101.463652,        1.792
   3,    2,   48.970992, -101.312350,        1.667
   4,    2,   48.975564, -101.161033,        1.292
   5,    2,   48.980026, -101.009701,        0.917
   6,    2,   48.984376, -100.858354,        0.605
   7,    2,   48.988615, -100.706992,        0.542
   8,    2,   48.992744, -100.555615,        0.792
   9,    2,   48.996761, -100.404225,        1.292
  10,    2,   49.000667, -100.252822,        1.917
  11,    2,   49.004462, -100.101405,        2.480
  12,    2,   49.008146,  -99.949976,        2.855
  13,    2,   49.011719,  -99.798534,        2.980
  14,    2,   49.015181,  -99.647080,        2.917
  15,    2,   49.018532,  -99.495615,        2.855
  16,    2,   49.021771,  -99.344138,        2.730
  17,    2,   49.024900,  -99.192651,        2.667
  18,    2,   49.027917,  -99.041153,        2.730
  19,    2,   49.030824,  -98.889645,        2.855
  20,    2,   49.033619,  -98.738127,        3.042
  21,    2,   49.036303,  -98.586600,        3.355
  22,    2,   49.038877,  -98.435064,        3.792
  23,    2,   49.041339,  -98.283519,        4.042
  24,    2,   49.043690,  -98.131967,        3.980
  25,    2,   49.045929,  -97.980406,        3.730
  26,    2,   49.048058,  -97.828838,        3.355
  27,    2,   49.050076,  -97.677263,        3.167
  28,    2,   49.051982,  -97.525681,        2.980
  29,    2,   49.053778,  -97.374093,        2.855
  30,    2,   49.055462,  -97.222499,        2.730
  31,    2,   49.057035,  -97.070899,        2.667
  32,    2,   49.058497,  -96.919294,        2.730
  33,    2,   49.059848,  -96.767684,        2.792
  34,    2,   49.061088,  -96.616070,        2.792
  35,    2,   49.062217,  -96.464452,        3.042
  36,    2,   49.063234,  -96.312830,        2.917
  37,    2,   49.064141,  -96.161205,        2.917
  38,    2,   49.064936,  -96.009577,        3.417
  39,    2,   49.065621,  -95.857947,        3.730
  40,    2,   49.066194,  -95.706314,        3.542
  41,    2,   49.066656,  -95.554680,        4.167
  42,    2,   49.067007,  -95.403044,        4.480
  43,    2,   49.067247,  -95.251407,        4.730
  44,    2,   49.067375,  -95.099770,        4.980
   1,    3,   49.060793, -101.622332,        1.917
   2,    3,   49.065589, -101.470878,        1.917
   3,    3,   49.070274, -101.319408,        1.855
   4,    3,   49.074847, -101.167923,        1.605
   5,    3,   49.079310, -101.016421,        1.292
   6,    3,   49.083661, -100.864905,        1.042
   7,    3,   49.087902, -100.713374,        0.980
   8,    3,   49.092031, -100.561829,        1.292
   9,    3,   49.096049, -100.410270,        1.792
  10,    3,   49.099956, -100.258698,        2.292
  11,    3,   49.103752, -100.107112,        2.605
  12,    3,   49.107437,  -99.955513,        2.855
  13,    3,   49.111011,  -99.803902,        2.917
  14,    3,   49.114473,  -99.652280,        2.917
  15,    3,   49.117825,  -99.500645,        2.792
  16,    3,   49.121065,  -99.348999,        2.730
  17,    3,   49.124195,  -99.197342,        2.667
  18,    3,   49.127213,  -99.045675,        2.667
  19,    3,   49.130120,  -98.893998,        2.792
  20,    3,   49.132916,  -98.742311,        3.105
  21,    3,   49.135601,  -98.590614,        3.542
  22,    3,   49.138175,  -98.438909,        3.917
  23,    3,   49.140637,  -98.287195,        4.042
  24,    3,   49.142989,  -98.135472,        3.917
  25,    3,   49.145229,  -97.983742,        3.605
  26,    3,   49.147358,  -97.832005,        3.355
  27,    3,   49.149376,  -97.680260,        3.230
  28,    3,   49.151283,  -97.528508,        3.105
  29,    3,   49.153079,  -97.376750,        2.980
  30,    3,   49.154764,  -97.224987,        2.980
  31,    3,   49.156338,  -97.073217,        3.855
  32,    3,   49.157800,  -96.921443,        4.292
  33,    3,   49.159151,  -96.769663,        3.792
  34,    3,   49.160391,  -96.617880,        3.105
  35,    3,   49.161520,  -96.466092,        4.417
  36,    3,   49.162538,  -96.314300,        4.230
  37,    3,   49.163445,  -96.162505,        4.230
  38,    3,   49.164241,  -96.010708,        4.292
  39,    3,   49.164925,  -95.858907,        4.480
  40,    3,   49.165498,  -95.707105,        4.667
  41,    3,   49.165960,  -95.555301,        4.917
  42,    3,   49.166311,  -95.403495,        5.042
  43,    3,   49.166551,  -95.251689,        4.917
  44,    3,   49.166680,  -95.099881,        4.230
   1,    4,   49.159986, -101.629744,        1.980
   2,    4,   49.164782, -101.478121,        1.980
   3,    4,   49.169468, -101.326482,        1.917
   4,    4,   49.174043, -101.174827,        1.792
   5,    4,   49.178506, -101.023157,        1.542
   6,    4,   49.182859, -100.871472,        1.355
   7,    4,   49.187100, -100.719771,        1.292
   8,    4,   49.191230, -100.568057,        1.480
   9,    4,   49.195249, -100.416329,        1.730
  10,    4,   49.199157, -100.264587,        2.042
  11,    4,   49.202954, -100.112832,        2.417
  12,    4,   49.206640,  -99.961064,        2.605
  13,    4,   49.210215,  -99.809283,        2.730
  14,    4,   49.213678,  -99.657491,        2.792
  15,    4,   49.217030,  -99.505687,        2.730
  16,    4,   49.220272,  -99.353871,        2.667
  17,    4,   49.223402,  -99.202045,        2.667
  18,    4,   49.226421,  -99.050208,        2.667
  19,    4,   49.229328,  -98.898361,        2.792
  20,    4,   49.232125,  -98.746504,        3.167
  21,    4,   49.234810,  -98.594637,        3.667
  22,    4,   49.237385,  -98.442762,        4.042
  23,    4,   49.239848,  -98.290878,        4.042
  24,    4,   49.242200,  -98.138986,        3.855
  25,    4,   49.244441,  -97.987086,        3.480
  26,    4,   49.246571,  -97.835178,        3.355
  27,    4,   49.248589,  -97.683264,        3.292
  28,    4,   49.250497,  -97.531342,        3.230
  29,    4,   49.252293,  -97.379414,        3.230
  30,    4,   49.253978,  -97.227480,        3.730
  31,    4,   49.255552,  -97.075541,        4.792
  32,    4,   49.257015,  -96.923596,        5.105
  33,    4,   49.258366,  -96.771647,        4.855
  34,    4,   49.259607,  -96.619693,        4.667
  35,    4,   49.260736,  -96.467735,        4.355
  36,    4,   49.261754,  -96.315774,        4.917
  37,    4,   49.262661,  -96.163809,        5.292
  38,    4,   49.263457,  -96.011841,        5.355
  39,    4,   49.264142,  -95.859870,        5.355
  40,    4,   49.264715,  -95.707898,        4.980
  41,    4,   49.265177,  -95.555923,        5.230
  42,    4,   49.265528,  -95.403948,        5.792
  43,    4,   49.265768,  -95.251971,        6.167
  44,    4,   49.265897,  -95.099993,        5.417
   1,    5,   49.259090, -101.637172,        1.917
   2,    5,   49.263888, -101.485380,        1.980
   3,    5,   49.268575, -101.333572,        2.042
   4,    5,   49.273150, -101.181747,        1.980
   5,    5,   49.277615, -101.029908,        1.792
   6,    5,   49.281968, -100.878053,        1.667
   7,    5,   49.286211, -100.726183,        1.542
   8,    5,   49.290342, -100.574299,        1.667
   9,    5,   49.294362, -100.422401,        1.855
  10,    5,   49.298271, -100.270489,        2.042
  11,    5,   49.302068, -100.118564,        2.292
  12,    5,   49.305755,  -99.966626,        2.542
  13,    5,   49.309330,  -99.814676,        2.667
  14,    5,   49.312795,  -99.662713,        2.730
  15,    5,   49.316148,  -99.510739,        2.730
  16,    5,   49.319390,  -99.358754,        2.605
  17,    5,   49.322521,  -99.206757,        2.480
  18,    5,   49.325540,  -99.054750,        2.480
  19,    5,   49.328449,  -98.902733,        2.792
  20,    5,   49.331246,  -98.750706,        3.292
  21,    5,   49.333932,  -98.598670,        3.855
  22,    5,   49.336507,  -98.446624,        4.042
  23,    5,   49.338971,  -98.294570,        3.980
  24,    5,   49.341323,  -98.142507,        3.730
  25,    5,   49.343565,  -97.990437,        3.480
  26,    5,   49.345695,  -97.838359,        3.417
  27,    5,   49.347714,  -97.686274,        3.355
  28,    5,   49.349622,  -97.534182,        3.355
  29,    5,   49.351419,  -97.382084,        3.480
  30,    5,   49.353104,  -97.229980,        4.980
  31,    5,   49.354678,  -97.077870,        5.230
  32,    5,   49.356142,  -96.925755,        5.167
  33,    5,   49.357493,  -96.773635,        5.105
  34,    5,   49.358734,  -96.621511,        5.105
  35,    5,   49.359864,  -96.469382,        4.667
  36,    5,   49.360882,  -96.317250,        4.980
  37,    5,   49.361789,  -96.165115,        5.542
  38,    5,   49.362585,  -96.012976,        5.980
  39,    5,   49.363270,  -95.860835,        6.042
  40,    5,   49.363843,  -95.708692,        5.917
  41,    5,   49.364306,  -95.556547,        6.167
  42,    5,   49.364657,  -95.404401,        6.792
  43,    5,   49.364897,  -95.252254,        7.605
  44,    5,   49.365026,  -95.100106,        6.792
   1,    6,   49.358106, -101.644617,        2.105
   2,    6,   49.362905, -101.492655,        2.167
   3,    6,   49.367593, -101.340677,        2.167
   4,    6,   49.372169, -101.188683,        2.105
   5,    6,   49.376635, -101.036673,        1.980
   6,    6,   49.380990, -100.884648,        1.855
   7,    6,   49.385233, -100.732609,        1.792
   8,    6,   49.389365, -100.580555,        1.792
   9,    6,   49.393386, -100.428486,        1.917
  10,    6,   49.397296, -100.276405,        2.105
  11,    6,   49.401094, -100.124309,        2.355
  12,    6,   49.404782,  -99.972201,        2.542
  13,    6,   49.408358,  -99.820081,        2.667
  14,    6,   49.411823,  -99.667948,        2.730
  15,    6,   49.415177,  -99.515803,        2.667
  16,    6,   49.418420,  -99.363648,        2.605
  17,    6,   49.421551,  -99.211481,        2.605
  18,    6,   49.424571,  -99.059303,        2.792
  19,    6,   49.427481,  -98.907116,        3.105
  20,    6,   49.430279,  -98.754918,        3.480
  21,    6,   49.432965,  -98.602711,        3.917
  22,    6,   49.435541,  -98.450495,        3.980
  23,    6,   49.438005,  -98.298270,        3.855
  24,    6,   49.440358,  -98.146037,        3.605
  25,    6,   49.442600,  -97.993796,        3.542
  26,    6,   49.444731,  -97.841547,        3.480
  27,    6,   49.446750,  -97.689291,        3.480
  28,    6,   49.448659,  -97.537029,        3.480
  29,    6,   49.450456,  -97.384760,        3.417
  30,    6,   49.452142,  -97.232485,        4.917
  31,    6,   49.453716,  -97.080204,        5.355
  32,    6,   49.455180,  -96.927918,        5.292
  33,    6,   49.456532,  -96.775628,        5.042
  34,    6,   49.457773,  -96.623332,        4.667
  35,    6,   49.458903,  -96.471033,        4.917
  36,    6,   49.459921,  -96.318730,        5.480
  37,    6,   49.460829,  -96.166424,        5.917
  38,    6,   49.461625,  -96.014114,        6.355
  39,    6,   49.462310,  -95.861802,        6.667
  40,    6,   49.462883,  -95.709488,        6.855
  41,    6,   49.463346,  -95.557173,        7.167
  42,    6,   49.463697,  -95.404855,        7.605
  43,    6,   49.463937,  -95.252537,        7.542
  44,    6,   49.464066,  -95.100218,        6.230
   1,    7,   49.457033, -101.652079,        2.355
   2,    7,   49.461833, -101.499947,        2.417
   3,    7,   49.466522, -101.347799,        2.417
   4,    7,   49.471100, -101.195634,        2.292
   5,    7,   49.475567, -101.043454,        2.105
   6,    7,   49.479922, -100.891259,        1.980
   7,    7,   49.484166, -100.739049,        1.917
   8,    7,   49.488300, -100.586824,        1.917
   9,    7,   49.492321, -100.434586,        2.042
  10,    7,   49.496232, -100.282333,        2.167
  11,    7,   49.500032, -100.130068,        2.417
  12,    7,   49.503720,  -99.977789,        2.605
  13,    7,   49.507297,  -99.825498,        2.730
  14,    7,   49.510763,  -99.673194,        2.730
  15,    7,   49.514117,  -99.520879,        2.542
  16,    7,   49.517361,  -99.368552,        2.355
  17,    7,   49.520493,  -99.216215,        2.355
  18,    7,   49.523514,  -99.063866,        2.667
  19,    7,   49.526424,  -98.911508,        3.167
  20,    7,   49.529222,  -98.759139,        3.480
  21,    7,   49.531910,  -98.606761,        3.730
  22,    7,   49.534486,  -98.454374,        3.855
  23,    7,   49.536951,  -98.301978,        3.730
  24,    7,   49.539304,  -98.149574,        3.605
  25,    7,   49.541547,  -97.997162,        3.605
  26,    7,   49.543678,  -97.844742,        3.542
  27,    7,   49.545698,  -97.692315,        3.542
  28,    7,   49.547607,  -97.539882,        3.542
  29,    7,   49.549404,  -97.387442,        3.542
  30,    7,   49.551091,  -97.234995,        4.667
  31,    7,   49.552666,  -97.082544,        5.167
  32,    7,   49.554129,  -96.930086,        5.292
  33,    7,   49.555482,  -96.777625,        5.042
  34,    7,   49.556723,  -96.625158,        4.417
  35,    7,   49.557853,  -96.472687,        4.605
  36,    7,   49.558872,  -96.320213,        5.167
  37,    7,   49.559780,  -96.167735,        5.730
  38,    7,   49.560576,  -96.015255,        6.542
  39,    7,   49.561261,  -95.862772,        6.917
  40,    7,   49.561835,  -95.710286,        7.230
  41,    7,   49.562297,  -95.557799,        7.667
  42,    7,   49.562649,  -95.405311,        7.980
  43,    7,   49.562889,  -95.252821,        7.667
  44,    7,   49.563018,  -95.100331,        6.542
   1,    8,   49.555872, -101.659558,        2.480
   2,    8,   49.560673, -101.507255,        2.542
   3,    8,   49.565363, -101.354936,        2.480
   4,    8,   49.569942, -101.202601,        2.355
   5,    8,   49.574410, -101.050251,        2.167
   6,    8,   49.578766, -100.897885,        2.042
   7,    8,   49.583011, -100.745504,        1.980
   8,    8,   49.587145, -100.593108,        1.980
   9,    8,   49.591168, -100.440699,        2.105
  10,    8,   49.595080, -100.288275,        2.292
  11,    8,   49.598880, -100.135839,        2.480
  12,    8,   49.602569,  -99.983389,        2.667
  13,    8,   49.606147,  -99.830927,        2.730
  14,    8,   49.609613,  -99.678452,        2.730
  15,    8,   49.612969,  -99.525966,        2.605
  16,    8,   49.616213,  -99.373468,        2.167
  17,    8,   49.619346,  -99.220959,        2.042
  18,    8,   49.622368,  -99.068440,        2.292
  19,    8,   49.625278,  -98.915910,        3.042
  20,    8,   49.628077,  -98.763370,        3.417
  21,    8,   49.630765,  -98.610821,        3.667
  22,    8,   49.633342,  -98.458262,        3.730
  23,    8,   49.635807,  -98.305695,        3.730
  24,    8,   49.638162,  -98.153119,        3.667
  25,    8,   49.640405,  -98.000536,        3.605
  26,    8,   49.642536,  -97.847945,        3.542
  27,    8,   49.644557,  -97.695346,        3.542
  28,    8,   49.646466,  -97.542741,        3.542
  29,    8,   49.648264,  -97.390129,        3.417
  30,    8,   49.649950,  -97.237512,        3.417
  31,    8,   49.651526,  -97.084888,        4.105
  32,    8,   49.652990,  -96.932260,        5.105
  33,    8,   49.654343,  -96.779626,        4.417
  34,    8,   49.655584,  -96.626988,        4.167
  35,    8,   49.656714,  -96.474346,        4.730
  36,    8,   49.657733,  -96.321700,        5.667
  37,    8,   49.658641,  -96.169050,        6.105
  38,    8,   49.659438,  -96.016398,        6.542
  39,    8,   49.660123,  -95.863743,        6.792
  40,    8,   49.660697,  -95.711086,        7.230
  41,    8,   49.661160,  -95.558427,        7.792
  42,    8,   49.661511,  -95.405767,        8.105
  43,    8,   49.661751,  -95.253106,        8.292
  44,    8,   49.661880,  -95.100444,        8.292
   1,    9,   49.654622, -101.667053,        2.542
   2,    9,   49.659424, -101.514580,        2.605
   3,    9,   49.664115, -101.362090,        2.605
   4,    9,   49.668695, -101.209584,        2.480
   5,    9,   49.673163, -101.057062,        2.292
   6,    9,   49.677521, -100.904525,        2.105
   7,    9,   49.681767, -100.751973,        2.042
   8,    9,   49.685902, -100.599406,        2.042
   9,    9,   49.689925, -100.446826,        2.167
  10,    9,   49.693838, -100.294231,        2.292
  11,    9,   49.697639, -100.141623,        2.480
  12,    9,   49.701329,  -99.989002,        2.605
  13,    9,   49.704908,  -99.836368,        2.667
  14,    9,   49.708375,  -99.683722,        2.667
  15,    9,   49.711731,  -99.531064,        2.730
  16,    9,   49.714976,  -99.378395,        2.605
  17,    9,   49.718110,  -99.225715,        2.605
  18,    9,   49.721132,  -99.073023,        2.730
  19,    9,   49.724043,  -98.920322,        3.167
  20,    9,   49.726843,  -98.767610,        3.480
  21,    9,   49.729531,  -98.614889,        3.605
  22,    9,   49.732109,  -98.462159,        3.730
  23,    9,   49.734575,  -98.309420,        3.730
  24,    9,   49.736929,  -98.156673,        3.667
  25,    9,   49.739173,  -98.003917,        3.605
  26,    9,   49.741305,  -97.851154,        3.542
  27,    9,   49.743326,  -97.698384,        3.542
  28,    9,   49.745235,  -97.545607,        3.542
  29,    9,   49.747034,  -97.392823,        4.167
  30,    9,   49.748721,  -97.240034,        4.542
  31,    9,   49.750296,  -97.087238,        4.542
  32,    9,   49.751761,  -96.934438,        4.605
  33,    9,   49.753114,  -96.781632,        3.730
  34,    9,   49.754356,  -96.628822,        3.980
  35,    9,   49.755486,  -96.476008,        4.730
  36,    9,   49.756506,  -96.323190,        5.730
  37,    9,   49.757414,  -96.170368,        6.042
  38,    9,   49.758210,  -96.017544,        6.292
  39,    9,   49.758896,  -95.864717,        6.605
  40,    9,   49.759470,  -95.711888,        7.105
  41,    9,   49.759932,  -95.559057,        7.667
  42,    9,   49.760284,  -95.406224,        8.105
  43,    9,   49.760524,  -95.253391,        8.417
  44,    9,   49.760653,  -95.100557,        8.730
   1,   10,   49.753282, -101.674565,        2.730
   2,   10,   49.758085, -101.521921,        2.730
   3,   10,   49.762777, -101.369259,        2.667
   4,   10,   49.767358, -101.216582,        2.605
   5,   10,   49.771827, -101.063889,        2.417
   6,   10,   49.776186, -100.911180,        2.167
   7,   10,   49.780433, -100.758457,        2.042
   8,   10,   49.784569, -100.605719,        1.980
   9,   10,   49.788593, -100.452966,        1.980
  10,   10,   49.792507, -100.300200,        2.167
  11,   10,   49.796309, -100.147420,        2.355
  12,   10,   49.799999,  -99.994627,        2.542
  13,   10,   49.803579,  -99.841822,        2.667
  14,   10,   49.807047,  -99.689004,        2.667
  15,   10,   49.810404,  -99.536174,        2.792
  16,   10,   49.813649,  -99.383333,        3.167
  17,   10,   49.816784,  -99.230481,        3.480
  18,   10,   49.819807,  -99.077617,        3.542
  19,   10,   49.822718,  -98.924744,        3.480
  20,   10,   49.825519,  -98.771860,        3.480
  21,   10,   49.828208,  -98.618967,        3.605
  22,   10,   49.830786,  -98.466065,        3.605
  23,   10,   49.833252,  -98.313154,        3.605
  24,   10,   49.835607,  -98.160234,        3.542
  25,   10,   49.837851,  -98.007306,        3.542
  26,   10,   49.839984,  -97.854371,        3.542
  27,   10,   49.842005,  -97.701429,        3.480
  28,   10,   49.843915,  -97.548479,        3.542
  29,   10,   49.845714,  -97.395523,        4.355
  30,   10,   49.847401,  -97.242561,        4.917
  31,   10,   49.848977,  -97.089593,        4.667
  32,   10,   49.850442,  -96.936620,        4.667
  33,   10,   49.851796,  -96.783642,        4.730
  34,   10,   49.853038,  -96.630660,        4.542
  35,   10,   49.854168,  -96.477673,        4.480
  36,   10,   49.855188,  -96.324683,        5.480
  37,   10,   49.856096,  -96.171689,        5.730
  38,   10,   49.856893,  -96.018692,        5.792
  39,   10,   49.857578,  -95.865693,        5.980
  40,   10,   49.858153,  -95.712691,        6.667
  41,   10,   49.858615,  -95.559688,        7.355
  42,   10,   49.858967,  -95.406683,        7.855
  43,   10,   49.859207,  -95.253677,        8.167
  44,   10,   49.859336,  -95.100671,        8.480
   1,   11,   49.851852, -101.682094,        2.792
   2,   11,   49.856656, -101.529278,        2.792
   3,   11,   49.861349, -101.376445,        2.730
   4,   11,   49.865931, -101.223596,        2.605
   5,   11,   49.870402, -101.070731,        2.355
   6,   11,   49.874761, -100.917851,        2.105
   7,   11,   49.879009, -100.764955,        1.855
   8,   11,   49.883146, -100.612045,        1.730
   9,   11,   49.887171, -100.459121,        1.855
  10,   11,   49.891085, -100.306182,        1.980
  11,   11,   49.894888, -100.153230,        2.230
  12,   11,   49.898580, -100.000265,        2.480
  13,   11,   49.902160,  -99.847288,        2.667
  14,   11,   49.905629,  -99.694298,        2.792
  15,   11,   49.908986,  -99.541296,        3.042
  16,   11,   49.912233,  -99.388282,        3.230
  17,   11,   49.915368,  -99.235257,        3.417
  18,   11,   49.918391,  -99.082222,        3.605
  19,   11,   49.921304,  -98.929176,        3.542
  20,   11,   49.924105,  -98.776120,        3.542
  21,   11,   49.926794,  -98.623054,        3.480
  22,   11,   49.929373,  -98.469979,        3.542
  23,   11,   49.931840,  -98.316896,        3.605
  24,   11,   49.934196,  -98.163803,        3.605
  25,   11,   49.936440,  -98.010703,        3.542
  26,   11,   49.938573,  -97.857595,        3.480
  27,   11,   49.940595,  -97.704480,        3.417
  28,   11,   49.942505,  -97.551358,        3.417
  29,   11,   49.944304,  -97.398229,        3.792
  30,   11,   49.945992,  -97.245095,        3.980
  31,   11,   49.947568,  -97.091954,        3.667
  32,   11,   49.949033,  -96.938808,        4.855
  33,   11,   49.950387,  -96.785657,        5.167
  34,   11,   49.951630,  -96.632502,        4.792
  35,   11,   49.952761,  -96.479343,        4.355
  36,   11,   49.953780,  -96.326179,        5.042
  37,   11,   49.954689,  -96.173013,        5.105
  38,   11,   49.955486,  -96.019843,        5.230
  39,   11,   49.956171,  -95.866671,        5.855
  40,   11,   49.956746,  -95.713496,        6.355
  41,   11,   49.957209,  -95.560320,        6.917
  42,   11,   49.957560,  -95.407142,        7.480
  43,   11,   49.957800,  -95.253964,        7.917
  44,   11,   49.957929,  -95.100784,        8.230
   1,   12,   49.950332, -101.689641,        2.792
   2,   12,   49.955138, -101.536652,        2.792
   3,   12,   49.959832, -101.383647,        2.730
   4,   12,   49.964415, -101.230626,        2.542
   5,   12,   49.968886, -101.077589,        2.230
   6,   12,   49.973246, -100.924536,        1.917
   7,   12,   49.977495, -100.771468,        1.730
   8,   12,   49.981633, -100.618386,        1.605
   9,   12,   49.985659, -100.465289,        1.730
  10,   12,   49.989574, -100.312178,        1.917
  11,   12,   49.993378, -100.159054,        2.167
  12,   12,   49.997070, -100.005916,        2.480
  13,   12,   50.000651,  -99.852766,        2.730
  14,   12,   50.004121,  -99.699603,        2.980
  15,   12,   50.007479,  -99.546429,        3.230
  16,   12,   50.010726,  -99.393242,        3.417
  17,   12,   50.013861,  -99.240045,        3.605
  18,   12,   50.016886,  -99.086837,        3.605
  19,   12,   50.019799,  -98.933618,        3.542
  20,   12,   50.022600,  -98.780389,        3.542
  21,   12,   50.025291,  -98.627150,        3.542
  22,   12,   50.027870,  -98.473903,        3.542
  23,   12,   50.030337,  -98.320646,        3.355
  24,   12,   50.032693,  -98.167381,        3.230
  25,   12,   50.034938,  -98.014108,        3.292
  26,   12,   50.037072,  -97.860827,        3.355
  27,   12,   50.039094,  -97.707538,        3.355
  28,   12,   50.041005,  -97.554243,        3.355
  29,   12,   50.042804,  -97.400941,        3.355
  30,   12,   50.044492,  -97.247634,        3.417
  31,   12,   50.046069,  -97.094320,        3.480
  32,   12,   50.047534,  -96.941001,        4.667
  33,   12,   50.048888,  -96.787677,        5.167
  34,   12,   50.050131,  -96.634349,        4.730
  35,   12,   50.051262,  -96.481016,        4.230
  36,   12,   50.052282,  -96.327679,        4.292
  37,   12,   50.053191,  -96.174340,        4.355
  38,   12,   50.053988,  -96.020997,        4.855
  39,   12,   50.054674,  -95.867651,        5.730
  40,   12,   50.055248,  -95.714303,        6.480
  41,   12,   50.055711,  -95.560954,        7.105
  42,   12,   50.056063,  -95.407603,        7.605
  43,   12,   50.056303,  -95.254251,        8.042
  44,   12,   50.056432,  -95.100898,        8.230
   1,   13,   50.048722, -101.697204,        2.792
   2,   13,   50.053529, -101.544043,        2.792
   3,   13,   50.058224, -101.390865,        2.730
   4,   13,   50.062807, -101.237672,        2.355
   5,   13,   50.067280, -101.084462,        2.042
   6,   13,   50.071641, -100.931237,        1.792
   7,   13,   50.075891, -100.777996,        1.605
   8,   13,   50.080029, -100.624741,        1.667
   9,   13,   50.084056, -100.471471,        1.792
  10,   13,   50.087972, -100.318188,        1.980
  11,   13,   50.091777, -100.164890,        2.292
  12,   13,   50.095470, -100.011580,        2.605
  13,   13,   50.099051,  -99.858257,        2.980
  14,   13,   50.102522,  -99.704921,        3.292
  15,   13,   50.105881,  -99.551573,        3.605
  16,   13,   50.109128,  -99.398214,        3.730
  17,   13,   50.112265,  -99.244843,        3.730
  18,   13,   50.115290,  -99.091462,        3.605
  19,   13,   50.118203,  -98.938070,        3.480
  20,   13,   50.121005,  -98.784668,        3.480
  21,   13,   50.123696,  -98.631256,        3.730
  22,   13,   50.126276,  -98.477835,        3.792
  23,   13,   50.128744,  -98.324405,        3.667
  24,   13,   50.131101,  -98.170966,        3.417
  25,   13,   50.133346,  -98.017520,        3.167
  26,   13,   50.135480,  -97.864065,        3.167
  27,   13,   50.137502,  -97.710604,        3.230
  28,   13,   50.139414,  -97.557135,        3.292
  29,   13,   50.141214,  -97.403660,        3.355
  30,   13,   50.142902,  -97.250178,        3.417
  31,   13,   50.144479,  -97.096691,        3.480
  32,   13,   50.145945,  -96.943199,        4.355
  33,   13,   50.147299,  -96.789701,        4.667
  34,   13,   50.148542,  -96.636199,        3.542
  35,   13,   50.149673,  -96.482693,        4.167
  36,   13,   50.150694,  -96.329183,        3.855
  37,   13,   50.151602,  -96.175669,        4.105
  38,   13,   50.152400,  -96.022153,        4.980
  39,   13,   50.153086,  -95.868634,        6.167
  40,   13,   50.153660,  -95.715112,        7.105
  41,   13,   50.154123,  -95.561589,        7.667
  42,   13,   50.154475,  -95.408065,        8.105
  43,   13,   50.154715,  -95.254539,        8.480
  44,   13,   50.154844,  -95.101013,        8.667
   1,   14,   50.147021, -101.704784,        2.855
   2,   14,   50.151829, -101.551450,        2.855
   3,   14,   50.156525, -101.398100,        2.542
   4,   14,   50.161110, -101.244733,        2.167
   5,   14,   50.165583, -101.091351,        1.855
   6,   14,   50.169945, -100.937952,        1.667
   7,   14,   50.174196, -100.784539,        1.667
   8,   14,   50.178335, -100.631110,        1.792
   9,   14,   50.182363, -100.477668,        1.980
  10,   14,   50.186279, -100.324211,        2.167
  11,   14,   50.190085, -100.170740,        2.417
  12,   14,   50.193779, -100.017257,        2.792
  13,   14,   50.197361,  -99.863760,        3.167
  14,   14,   50.200832,  -99.710251,        3.542
  15,   14,   50.204192,  -99.556730,        3.730
  16,   14,   50.207440,  -99.403197,        3.667
  17,   14,   50.210577,  -99.249653,        3.480
  18,   14,   50.213603,  -99.096097,        3.355
  19,   14,   50.216517,  -98.942532,        3.292
  20,   14,   50.219320,  -98.788956,        3.292
  21,   14,   50.222011,  -98.635371,        3.605
  22,   14,   50.224591,  -98.481776,        3.855
  23,   14,   50.227060,  -98.328172,        4.105
  24,   14,   50.229417,  -98.174560,        4.167
  25,   14,   50.231663,  -98.020940,        3.855
  26,   14,   50.233797,  -97.867311,        3.480
  27,   14,   50.235820,  -97.713676,        3.292
  28,   14,   50.237732,  -97.560033,        3.355
  29,   14,   50.239532,  -97.406384,        3.480
  30,   14,   50.241221,  -97.252729,        3.542
  31,   14,   50.242798,  -97.099068,        3.667
  32,   14,   50.244264,  -96.945401,        4.355
  33,   14,   50.245619,  -96.791730,        4.917
  34,   14,   50.246862,  -96.638054,        4.480
  35,   14,   50.247994,  -96.484374,        4.667
  36,   14,   50.249014,  -96.330690,        4.667
  37,   14,   50.249923,  -96.177002,        4.917
  38,   14,   50.250720,  -96.023312,        5.542
  39,   14,   50.251406,  -95.869618,        6.855
  40,   14,   50.251981,  -95.715923,        7.730
  41,   14,   50.252444,  -95.562226,        8.355
  42,   14,   50.252796,  -95.408527,        8.792
  43,   14,   50.253037,  -95.254827,        8.980
  44,   14,   50.253166,  -95.101127,        9.230
   1,   15,   50.245229, -101.712381,        2.917
   2,   15,   50.250038, -101.558875,        2.730
   3,   15,   50.254735, -101.405351,        2.292
   4,   15,   50.259321, -101.251811,        1.980
   5,   15,   50.263795, -101.098255,        1.730
   6,   15,   50.268158, -100.944683,        1.667
   7,   15,   50.272409, -100.791096,        1.792
   8,   15,   50.276550, -100.637494,        1.917
   9,   15,   50.280578, -100.483878,        2.042
  10,   15,   50.284496, -100.330247,        2.230
  11,   15,   50.288302, -100.176603,        2.542
  12,   15,   50.291996, -100.022946,        2.917
  13,   15,   50.295580,  -99.869275,        3.417
  14,   15,   50.299051,  -99.715593,        3.917
  15,   15,   50.302412,  -99.561898,        4.230
  16,   15,   50.305661,  -99.408191,        3.917
  17,   15,   50.308798,  -99.254473,        3.480
  18,   15,   50.311825,  -99.100744,        3.167
  19,   15,   50.314739,  -98.947004,        3.042
  20,   15,   50.317543,  -98.793254,        3.105
  21,   15,   50.320235,  -98.639495,        3.230
  22,   15,   50.322815,  -98.485726,        3.792
  23,   15,   50.325284,  -98.331948,        4.355
  24,   15,   50.327642,  -98.178162,        4.542
  25,   15,   50.329888,  -98.024367,        3.792
  26,   15,   50.332023,  -97.870565,        3.542
  27,   15,   50.334047,  -97.716755,        3.480
  28,   15,   50.335958,  -97.562938,        3.605
  29,   15,   50.337759,  -97.409115,        4.042
  30,   15,   50.339448,  -97.255285,        3.917
  31,   15,   50.341026,  -97.101450,        3.917
  32,   15,   50.342492,  -96.947609,        4.417
  33,   15,   50.343847,  -96.793763,        5.292
  34,   15,   50.345090,  -96.639913,        5.105
  35,   15,   50.346222,  -96.486058,        4.917
  36,   15,   50.347243,  -96.332200,        5.292
  37,   15,   50.348152,  -96.178338,        5.980
  38,   15,   50.348950,  -96.024473,        6.480
  39,   15,   50.349636,  -95.870605,        7.480
  40,   15,   50.350211,  -95.716736,        8.230
  41,   15,   50.350674,  -95.562864,        8.792
  42,   15,   50.351026,  -95.408991,        9.230
  43,   15,   50.351266,  -95.255117,        9.480
  44,   15,   50.351396,  -95.101242,        9.730
   1,   16,   50.343346, -101.719996,        2.792
   2,   16,   50.348156, -101.566316,        2.542
   3,   16,   50.352854, -101.412619,        2.105
   4,   16,   50.357440, -101.258905,        1.855
   5,   16,   50.361916, -101.105175,        1.730
   6,   16,   50.366279, -100.951429,        1.730
   7,   16,   50.370532, -100.797669,        1.855
   8,   16,   50.374673, -100.643893,        1.980
   9,   16,   50.378702, -100.490102,        2.042
  10,   16,   50.382621, -100.336298,        2.167
  11,   16,   50.386427, -100.182480,        2.355
  12,   16,   50.390123, -100.028648,        2.917
  13,   16,   50.393707,  -99.874804,        3.667
  14,   16,   50.397179,  -99.720947,        4.167
  15,   16,   50.400540,  -99.567077,        4.355
  16,   16,   50.403790,  -99.413196,        3.980
  17,   16,   50.406928,  -99.259304,        3.480
  18,   16,   50.409955,  -99.105400,        3.167
  19,   16,   50.412870,  -98.951486,        3.167
  20,   16,   50.415674,  -98.797562,        3.417
  21,   16,   50.418367,  -98.643628,        3.667
  22,   16,   50.420948,  -98.489685,        4.355
  23,   16,   50.423417,  -98.335733,        4.917
  24,   16,   50.425776,  -98.181772,        5.042
  25,   16,   50.428022,  -98.027803,        4.792
  26,   16,   50.430158,  -97.873826,        5.105
  27,   16,   50.432181,  -97.719841,        5.542
  28,   16,   50.434094,  -97.565850,        5.980
  29,   16,   50.435895,  -97.411852,        6.292
  30,   16,   50.437584,  -97.257848,        5.105
  31,   16,   50.439162,  -97.103837,        4.855
  32,   16,   50.440629,  -96.949822,        5.230
  33,   16,   50.441984,  -96.795801,        5.417
  34,   16,   50.443227,  -96.641776,        5.855
  35,   16,   50.444360,  -96.487747,        6.042
  36,   16,   50.445380,  -96.333714,        6.167
  37,   16,   50.446290,  -96.179677,        6.730
  38,   16,   50.447088,  -96.025637,        7.292
  39,   16,   50.447774,  -95.871595,        8.042
  40,   16,   50.448349,  -95.717550,        8.605
  41,   16,   50.448812,  -95.563504,        9.042
  42,   16,   50.449164,  -95.409456,        9.605
  43,   16,   50.449405,  -95.255407,        9.917
  44,   16,   50.449534,  -95.101357,       10.230
   1,   17,   50.441372, -101.727628,        2.667
   2,   17,   50.446182, -101.573774,        2.292
   3,   17,   50.450881, -101.419903,        1.980
   4,   17,   50.455468, -101.266015,        1.792
   5,   17,   50.459945, -101.112111,        1.730
   6,   17,   50.464309, -100.958191,        1.792
   7,   17,   50.468562, -100.804256,        1.855
   8,   17,   50.472704, -100.650306,        1.917
   9,   17,   50.476735, -100.496341,        2.042
  10,   17,   50.480654, -100.342362,        2.230
  11,   17,   50.484461, -100.188369,        2.480
  12,   17,   50.488157, -100.034363,        2.667
  13,   17,   50.491742,  -99.880344,        2.730
  14,   17,   50.495215,  -99.726313,        2.792
  15,   17,   50.498577,  -99.572269,        3.167
  16,   17,   50.501827,  -99.418213,        3.355
  17,   17,   50.504966,  -99.264146,        3.167
  18,   17,   50.507993,  -99.110068,        3.042
  19,   17,   50.510909,  -98.955979,        3.042
  20,   17,   50.513714,  -98.801880,        3.480
  21,   17,   50.516407,  -98.647771,        4.542
  22,   17,   50.518989,  -98.493653,        5.480
  23,   17,   50.521459,  -98.339526,        5.917
  24,   17,   50.523817,  -98.185390,        5.855
  25,   17,   50.526064,  -98.031246,        5.855
  26,   17,   50.528200,  -97.877094,        6.042
  27,   17,   50.530224,  -97.722934,        6.292
  28,   17,   50.532137,  -97.568768,        6.417
  29,   17,   50.533938,  -97.414595,        6.480
  30,   17,   50.535628,  -97.260416,        6.667
  31,   17,   50.537207,  -97.106230,        6.855
  32,   17,   50.538673,  -96.952040,        6.855
  33,   17,   50.540029,  -96.797844,        5.980
  34,   17,   50.541273,  -96.643644,        6.355
  35,   17,   50.542405,  -96.489439,        6.917
  36,   17,   50.543426,  -96.335231,        7.542
  37,   17,   50.544336,  -96.181019,        7.605
  38,   17,   50.545133,  -96.026804,        7.980
  39,   17,   50.545820,  -95.872586,        8.480
  40,   17,   50.546395,  -95.718366,        8.855
  41,   17,   50.546859,  -95.564145,        9.105
  42,   17,   50.547211,  -95.409921,        9.667
  43,   17,   50.547451,  -95.255697,       10.105
  44,   17,   50.547580,  -95.101472,       10.480
   1,   18,   50.539305, -101.735277,        2.480
   2,   18,   50.544116, -101.581249,        2.167
   3,   18,   50.548816, -101.427203,        1.917
   4,   18,   50.553405, -101.273141,        1.792
   5,   18,   50.557882, -101.119062,        1.792
   6,   18,   50.562247, -100.964968,        1.855
   7,   18,   50.566501, -100.810858,        1.917
   8,   18,   50.570644, -100.656733,        1.980
   9,   18,   50.574675, -100.502594,        1.917
  10,   18,   50.578595, -100.348440,        1.792
  11,   18,   50.582403, -100.194273,        1.855
  12,   18,   50.586100, -100.040092,        1.980
  13,   18,   50.589685,  -99.885898,        1.980
  14,   18,   50.593159,  -99.731691,        2.167
  15,   18,   50.596522,  -99.577472,        2.605
  16,   18,   50.599772,  -99.423241,        2.792
  17,   18,   50.602912,  -99.268999,        2.855
  18,   18,   50.605940,  -99.114746,        3.042
  19,   18,   50.608856,  -98.960482,        3.480
  20,   18,   50.611662,  -98.806208,        3.980
  21,   18,   50.614355,  -98.651924,        5.230
  22,   18,   50.616937,  -98.497630,        6.667
  23,   18,   50.619408,  -98.343328,        7.292
  24,   18,   50.621767,  -98.189016,        6.417
  25,   18,   50.624014,  -98.034697,        6.292
  26,   18,   50.626151,  -97.880369,        6.355
  27,   18,   50.628175,  -97.726035,        6.417
  28,   18,   50.630088,  -97.571693,        6.542
  29,   18,   50.631890,  -97.417344,        6.605
  30,   18,   50.633580,  -97.262989,        6.792
  31,   18,   50.635159,  -97.108629,        7.105
  32,   18,   50.636626,  -96.954263,        7.417
  33,   18,   50.637982,  -96.799891,        6.917
  34,   18,   50.639226,  -96.645515,        6.917
  35,   18,   50.640358,  -96.491135,        7.042
  36,   18,   50.641379,  -96.336751,        7.417
  37,   18,   50.642289,  -96.182364,        7.917
  38,   18,   50.643087,  -96.027973,        8.230
  39,   18,   50.643774,  -95.873580,        8.542
  40,   18,   50.644349,  -95.719184,        8.792
  41,   18,   50.644813,  -95.564787,        9.105
  42,   18,   50.645165,  -95.410388,        9.542
  43,   18,   50.645405,  -95.255988,        9.917
  44,   18,   50.645535,  -95.101588,       10.292
   1,   19,   50.637146, -101.742944,        2.417
   2,   19,   50.641958, -101.588741,        2.167
   3,   19,   50.646659, -101.434520,        1.980
   4,   19,   50.651248, -101.280283,        1.855
   5,   19,   50.655726, -101.126029,        1.730
   6,   19,   50.660093, -100.971760,        1.855
   7,   19,   50.664348, -100.817475,        2.042
   8,   19,   50.668491, -100.663175,        1.980
   9,   19,   50.672523, -100.508861,        1.667
  10,   19,   50.676444, -100.354532,        1.292
  11,   19,   50.680253, -100.200189,        1.417
  12,   19,   50.683950, -100.045833,        2.230
  13,   19,   50.687536,  -99.891464,        3.230
  14,   19,   50.691011,  -99.737081,        3.105
  15,   19,   50.694374,  -99.582687,        3.480
  16,   19,   50.697625,  -99.428281,        3.230
  17,   19,   50.700765,  -99.273863,        3.042
  18,   19,   50.703794,  -99.119434,        3.230
  19,   19,   50.706711,  -98.964995,        3.980
  20,   19,   50.709517,  -98.810545,        5.355
  21,   19,   50.712211,  -98.656085,        6.605
  22,   19,   50.714793,  -98.501616,        6.917
  23,   19,   50.717264,  -98.347138,        6.542
  24,   19,   50.719624,  -98.192651,        6.292
  25,   19,   50.721872,  -98.038156,        6.230
  26,   19,   50.724009,  -97.883653,        6.292
  27,   19,   50.726034,  -97.729142,        6.417
  28,   19,   50.727947,  -97.574624,        6.480
  29,   19,   50.729749,  -97.420100,        6.480
  30,   19,   50.731439,  -97.265569,        6.605
  31,   19,   50.733018,  -97.111032,        6.792
  32,   19,   50.734486,  -96.956490,        7.105
  33,   19,   50.735842,  -96.801943,        7.292
  34,   19,   50.737086,  -96.647391,        7.105
  35,   19,   50.738219,  -96.492835,        6.792
  36,   19,   50.739240,  -96.338275,        7.105
  37,   19,   50.740150,  -96.183712,        7.355
  38,   19,   50.740948,  -96.029145,        7.855
  39,   19,   50.741635,  -95.874576,        8.417
  40,   19,   50.742210,  -95.720004,        8.730
  41,   19,   50.742674,  -95.565431,        9.042
  42,   19,   50.743026,  -95.410856,        9.292
  43,   19,   50.743267,  -95.256280,        9.605
  44,   19,   50.743396,  -95.101704,        9.917
   1,   20,   50.734895, -101.750628,        2.480
   2,   20,   50.739708, -101.596250,        2.230
   3,   20,   50.744409, -101.441854,        1.980
   4,   20,   50.749000, -101.287441,        1.855
   5,   20,   50.753478, -101.133013,        1.855
   6,   20,   50.757846, -100.978568,        1.855
   7,   20,   50.762101, -100.824108,        1.917
   8,   20,   50.766246, -100.669632,        1.855
   9,   20,   50.770278, -100.515142,        1.792
  10,   20,   50.774200, -100.360638,        1.730
  11,   20,   50.778009, -100.206119,        2.105
  12,   20,   50.781708, -100.051587,        2.792
  13,   20,   50.785294,  -99.897042,        3.355
  14,   20,   50.788770,  -99.742484,        2.855
  15,   20,   50.792133,  -99.587914,        2.917
  16,   20,   50.795386,  -99.433332,        3.230
  17,   20,   50.798526,  -99.278738,        3.417
  18,   20,   50.801555,  -99.124134,        3.417
  19,   20,   50.804473,  -98.969518,        4.667
  20,   20,   50.807279,  -98.814892,        5.980
  21,   20,   50.809974,  -98.660257,        6.417
  22,   20,   50.812557,  -98.505611,        6.230
  23,   20,   50.815028,  -98.350957,        5.980
  24,   20,   50.817388,  -98.196294,        5.980
  25,   20,   50.819637,  -98.041623,        6.105
  26,   20,   50.821774,  -97.886943,        6.230
  27,   20,   50.823799,  -97.732256,        6.292
  28,   20,   50.825713,  -97.577562,        6.292
  29,   20,   50.827515,  -97.422862,        6.230
  30,   20,   50.829206,  -97.268155,        6.230
  31,   20,   50.830785,  -97.113442,        6.542
  32,   20,   50.832253,  -96.958723,        6.667
  33,   20,   50.833609,  -96.804000,        6.605
  34,   20,   50.834854,  -96.649272,        6.417
  35,   20,   50.835987,  -96.494539,        6.042
  36,   20,   50.837008,  -96.339803,        6.355
  37,   20,   50.837918,  -96.185063,        6.917
  38,   20,   50.838717,  -96.030320,        7.480
  39,   20,   50.839404,  -95.875574,        7.917
  40,   20,   50.839979,  -95.720826,        8.480
  41,   20,   50.840443,  -95.566076,        8.917
  42,   20,   50.840795,  -95.411325,        9.105
  43,   20,   50.841036,  -95.256573,        9.355
  44,   20,   50.841165,  -95.101820,        9.730
   1,   21,   50.832550, -101.758330,        2.605
   2,   21,   50.837364, -101.603776,        2.292
   3,   21,   50.842067, -101.449204,        2.105
   4,   21,   50.846658, -101.294616,        2.042
   5,   21,   50.851138, -101.140012,        3.042
   6,   21,   50.855506, -100.985391,        3.105
   7,   21,   50.859762, -100.830755,        2.855
   8,   21,   50.863907, -100.676104,        2.730
   9,   21,   50.867941, -100.521438,        2.730
  10,   21,   50.871863, -100.366757,        2.980
  11,   21,   50.875673, -100.212063,        3.230
  12,   21,   50.879372, -100.057355,        3.667
  13,   21,   50.882960,  -99.902633,        4.105
  14,   21,   50.886436,  -99.747899,        3.605
  15,   21,   50.889800,  -99.593153,        3.480
  16,   21,   50.893053,  -99.438395,        3.605
  17,   21,   50.896194,  -99.283625,        3.792
  18,   21,   50.899224,  -99.128844,        4.230
  19,   21,   50.902142,  -98.974052,        5.667
  20,   21,   50.904949,  -98.819250,        6.167
  21,   21,   50.907644,  -98.664438,        5.980
  22,   21,   50.910227,  -98.509616,        5.855
  23,   21,   50.912699,  -98.354785,        5.980
  24,   21,   50.915060,  -98.199945,        6.042
  25,   21,   50.917309,  -98.045097,        6.105
  26,   21,   50.919446,  -97.890241,        5.792
  27,   21,   50.921472,  -97.735378,        5.480
  28,   21,   50.923386,  -97.580507,        5.167
  29,   21,   50.925189,  -97.425630,        4.855
  30,   21,   50.926880,  -97.270746,        4.667
  31,   21,   50.928459,  -97.115857,        4.792
  32,   21,   50.929927,  -96.960961,        5.042
  33,   21,   50.931284,  -96.806061,        5.292
  34,   21,   50.932528,  -96.651156,        5.230
  35,   21,   50.933662,  -96.496247,        5.042
  36,   21,   50.934683,  -96.341334,        5.730
  37,   21,   50.935594,  -96.186417,        6.605
  38,   21,   50.936392,  -96.031497,        7.417
  39,   21,   50.937079,  -95.876575,        8.105
  40,   21,   50.937655,  -95.721650,        8.480
  41,   21,   50.938119,  -95.566723,        8.917
  42,   21,   50.938471,  -95.411795,        9.230
  43,   21,   50.938712,  -95.256866,        9.417
  44,   21,   50.938841,  -95.101936,        9.855
   1,   22,   50.930113, -101.766049,        2.667
   2,   22,   50.934928, -101.611319,        2.355
   3,   22,   50.939631, -101.456572,        2.167
   4,   22,   50.944223, -101.301807,        2.230
   5,   22,   50.948704, -101.147027,        2.730
   6,   22,   50.953073, -100.992230,        3.167
   7,   22,   50.957330, -100.837418,        3.605
   8,   22,   50.961476, -100.682590,        3.667
   9,   22,   50.965510, -100.527748,        3.605
  10,   22,   50.969433, -100.372891,        3.730
  11,   22,   50.973244, -100.218020,        3.855
  12,   22,   50.976944, -100.063135,        3.980
  13,   22,   50.980532,  -99.908238,        4.105
  14,   22,   50.984008,  -99.753327,        3.667
  15,   22,   50.987373,  -99.598404,        3.542
  16,   22,   50.990627,  -99.443469,        3.542
  17,   22,   50.993768,  -99.288522,        3.855
  18,   22,   50.996799,  -99.133565,        5.980
  19,   22,   50.999718,  -98.978596,        6.542
  20,   22,   51.002525,  -98.823617,        6.355
  21,   22,   51.005220,  -98.668628,        5.917
  22,   22,   51.007804,  -98.513629,        5.730
  23,   22,   51.010277,  -98.358622,        5.730
  24,   22,   51.012638,  -98.203605,        5.792
  25,   22,   51.014887,  -98.048580,        5.605
  26,   22,   51.017025,  -97.893547,        4.042
  27,   22,   51.019051,  -97.738507,        3.792
  28,   22,   51.020965,  -97.583459,        3.917
  29,   22,   51.022768,  -97.428404,        4.230
  30,   22,   51.024460,  -97.273344,        3.667
  31,   22,   51.026040,  -97.118277,        4.542
  32,   22,   51.027508,  -96.963205,        4.917
  33,   22,   51.028865,  -96.808127,        4.855
  34,   22,   51.030110,  -96.653045,        4.542
  35,   22,   51.031243,  -96.497959,        4.480
  36,   22,   51.032265,  -96.342868,        5.542
  37,   22,   51.033175,  -96.187774,        6.730
  38,   22,   51.033974,  -96.032677,        7.667
  39,   22,   51.034661,  -95.877578,        8.417
  40,   22,   51.035237,  -95.722476,        8.855
  41,   22,   51.035701,  -95.567372,        9.230
  42,   22,   51.036053,  -95.412266,        9.542
  43,   22,   51.036294,  -95.257160,        9.667
  44,   22,   51.036423,  -95.102053,        9.980
   1,   23,   51.027582, -101.773786,        2.730
   2,   23,   51.032398, -101.618880,        2.355
   3,   23,   51.037102, -101.463956,        2.105
   4,   23,   51.041695, -101.309015,        2.355
   5,   23,   51.046176, -101.154058,        2.980
   6,   23,   51.050546, -100.999085,        3.605
   7,   23,   51.054804, -100.844096,        3.917
   8,   23,   51.058951, -100.689091,        3.667
   9,   23,   51.062986, -100.534072,        3.605
  10,   23,   51.066909, -100.379038,        3.667
  11,   23,   51.070721, -100.223991,        3.792
  12,   23,   51.074421, -100.068929,        3.855
  13,   23,   51.078010,  -99.913855,        3.980
  14,   23,   51.081487,  -99.758767,        4.667
  15,   23,   51.084853,  -99.603667,        5.292
  16,   23,   51.088107,  -99.448555,        5.230
  17,   23,   51.091249,  -99.293431,        3.792
  18,   23,   51.094280,  -99.138296,        5.667
  19,   23,   51.097199,  -98.983150,        6.667
  20,   23,   51.100007,  -98.827994,        6.605
  21,   23,   51.102703,  -98.672828,        6.042
  22,   23,   51.105288,  -98.517652,        5.667
  23,   23,   51.107761,  -98.362467,        5.355
  24,   23,   51.110122,  -98.207273,        5.105
  25,   23,   51.112372,  -98.052071,        4.980
  26,   23,   51.114510,  -97.896860,        5.042
  27,   23,   51.116536,  -97.741642,        4.042
  28,   23,   51.118451,  -97.586417,        3.855
  29,   23,   51.120255,  -97.431185,        4.542
  30,   23,   51.121946,  -97.275947,        4.230
  31,   23,   51.123526,  -97.120703,        4.917
  32,   23,   51.124995,  -96.965453,        4.855
  33,   23,   51.126352,  -96.810198,        3.980
  34,   23,   51.127597,  -96.654938,        2.480
  35,   23,   51.128731,  -96.499674,        3.730
  36,   23,   51.129753,  -96.344406,        5.730
  37,   23,   51.130664,  -96.189135,        7.292
  38,   23,   51.131462,  -96.033860,        7.980
  39,   23,   51.132150,  -95.878583,        8.667
  40,   23,   51.132725,  -95.723303,        9.167
  41,   23,   51.133189,  -95.568021,        9.417
  42,   23,   51.133542,  -95.412738,        9.605
  43,   23,   51.133783,  -95.257454,        9.855
  44,   23,   51.133912,  -95.102170,        9.917
   1,   24,   51.124958, -101.781541,        2.542
   2,   24,   51.129774, -101.626458,        2.167
   3,   24,   51.134480, -101.471357,        1.917
   4,   24,   51.139073, -101.316239,        2.105
   5,   24,   51.143555, -101.161105,        3.105
   6,   24,   51.147926, -101.005955,        3.792
   7,   24,   51.152185, -100.850789,        3.667
   8,   24,   51.156332, -100.695607,        3.855
   9,   24,   51.160368, -100.540411,        3.667
  10,   24,   51.164292, -100.385200,        3.542
  11,   24,   51.168104, -100.229975,        3.542
  12,   24,   51.171805, -100.074736,        3.667
  13,   24,   51.175395,  -99.919484,        4.042
  14,   24,   51.178873,  -99.764219,        5.167
  15,   24,   51.182239,  -99.608942,        5.980
  16,   24,   51.185493,  -99.453652,        5.667
  17,   24,   51.188636,  -99.298351,        4.167
  18,   24,   51.191668,  -99.143039,        5.480
  19,   24,   51.194588,  -98.987715,        6.542
  20,   24,   51.197396,  -98.832381,        6.355
  21,   24,   51.200092,  -98.677038,        5.667
  22,   24,   51.202677,  -98.521684,        5.230
  23,   24,   51.205151,  -98.366321,        4.980
  24,   24,   51.207512,  -98.210949,        5.105
  25,   24,   51.209762,  -98.055569,        5.230
  26,   24,   51.211901,  -97.900181,        4.917
  27,   24,   51.213928,  -97.744785,        3.730
  28,   24,   51.215843,  -97.589382,        3.042
  29,   24,   51.217647,  -97.433973,        4.167
  30,   24,   51.219339,  -97.278556,        5.167
  31,   24,   51.220919,  -97.123134,        5.917
  32,   24,   51.222388,  -96.967706,        6.167
  33,   24,   51.223745,  -96.812274,        5.605
  34,   24,   51.224991,  -96.656836,        4.355
  35,   24,   51.226125,  -96.501394,        5.792
  36,   24,   51.227147,  -96.345948,        7.042
  37,   24,   51.228058,  -96.190498,        7.730
  38,   24,   51.228857,  -96.035046,        8.167
  39,   24,   51.229544,  -95.879590,        8.667
  40,   24,   51.230120,  -95.724132,        9.042
  41,   24,   51.230584,  -95.568673,        9.355
  42,   24,   51.230936,  -95.413212,        9.667
  43,   24,   51.231177,  -95.257750,        9.730
  44,   24,   51.231307,  -95.102287,        9.792
   1,   25,   51.222239, -101.789313,        2.292
   2,   25,   51.227057, -101.634053,        2.105
   3,   25,   51.231763, -101.478775,        2.105
   4,   25,   51.236357, -101.323480,        2.355
   5,   25,   51.240840, -101.168168,        3.167
   6,   25,   51.245211, -101.012841,        3.605
   7,   25,   51.249471, -100.857497,        3.542
   8,   25,   51.253619, -100.702138,        3.605
   9,   25,   51.257655, -100.546764,        3.605
  10,   25,   51.261580, -100.391376,        3.417
  11,   25,   51.265394, -100.235973,        3.042
  12,   25,   51.269095, -100.080557,        3.417
  13,   25,   51.272685,  -99.925127,        3.667
  14,   25,   51.276164,  -99.769684,        4.542
  15,   25,   51.279530,  -99.614229,        5.605
  16,   25,   51.282786,  -99.458762,        5.417
  17,   25,   51.285929,  -99.303283,        5.230
  18,   25,   51.288961,  -99.147792,        5.980
  19,   25,   51.291881,  -98.992291,        6.355
  20,   25,   51.294690,  -98.836779,        5.917
  21,   25,   51.297387,  -98.681257,        4.917
  22,   25,   51.299973,  -98.525725,        4.542
  23,   25,   51.302446,  -98.370184,        4.730
  24,   25,   51.304808,  -98.214634,        5.105
  25,   25,   51.307059,  -98.059076,        5.230
  26,   25,   51.309198,  -97.903510,        4.792
  27,   25,   51.311225,  -97.747936,        3.792
  28,   25,   51.313141,  -97.592354,        2.980
  29,   25,   51.314945,  -97.436766,        5.042
  30,   25,   51.316637,  -97.281172,        5.855
  31,   25,   51.318218,  -97.125571,        6.417
  32,   25,   51.319687,  -96.969965,        6.417
  33,   25,   51.321044,  -96.814354,        5.730
  34,   25,   51.322290,  -96.658738,        4.917
  35,   25,   51.323424,  -96.503117,        5.667
  36,   25,   51.324447,  -96.347493,        6.792
  37,   25,   51.325357,  -96.191865,        7.417
  38,   25,   51.326157,  -96.036234,        8.105
  39,   25,   51.326844,  -95.880600,        8.542
  40,   25,   51.327420,  -95.724964,        8.917
  41,   25,   51.327884,  -95.569326,        9.230
  42,   25,   51.328237,  -95.413686,        9.355
  43,   25,   51.328478,  -95.258045,        9.542
  44,   25,   51.328607,  -95.102404,        9.667
   1,   26,   51.319426, -101.797103,        2.605
   2,   26,   51.324245, -101.641665,        3.667
   3,   26,   51.328951, -101.486210,        3.792
   4,   26,   51.333547, -101.330737,        3.792
   5,   26,   51.338030, -101.175248,        3.792
   6,   26,   51.342402, -101.019743,        4.105
   7,   26,   51.346663, -100.864221,        4.480
   8,   26,   51.350812, -100.708684,        3.855
   9,   26,   51.354849, -100.553132,        3.730
  10,   26,   51.358774, -100.397566,        3.792
  11,   26,   51.362588, -100.241985,        3.605
  12,   26,   51.366290, -100.086391,        3.167
  13,   26,   51.369881,  -99.930783,        2.980
  14,   26,   51.373360,  -99.775162,        3.480
  15,   26,   51.376728,  -99.619528,        4.417
  16,   26,   51.379983,  -99.463883,        5.042
  17,   26,   51.383127,  -99.308225,        5.480
  18,   26,   51.386160,  -99.152556,        5.792
  19,   26,   51.389081,  -98.996877,        5.917
  20,   26,   51.391890,  -98.841186,        5.542
  21,   26,   51.394587,  -98.685486,        4.542
  22,   26,   51.397173,  -98.529776,        4.542
  23,   26,   51.399647,  -98.374056,        4.855
  24,   26,   51.402010,  -98.218328,        4.792
  25,   26,   51.404261,  -98.062591,        5.480
  26,   26,   51.406400,  -97.906846,        5.605
  27,   26,   51.408428,  -97.751093,        5.230
  28,   26,   51.410344,  -97.595333,        4.792
  29,   26,   51.412148,  -97.439566,        5.667
  30,   26,   51.413841,  -97.283793,        6.105
  31,   26,   51.415422,  -97.128014,        6.167
  32,   26,   51.416891,  -96.972229,        5.855
  33,   26,   51.418249,  -96.816439,        5.292
  34,   26,   51.419495,  -96.660644,        5.167
  35,   26,   51.420629,  -96.504845,        5.542
  36,   26,   51.421652,  -96.349041,        6.167
  37,   26,   51.422562,  -96.193235,        7.167
  38,   26,   51.423362,  -96.037425,        7.917
  39,   26,   51.424049,  -95.881612,        8.417
  40,   26,   51.424625,  -95.725797,        8.855
  41,   26,   51.425090,  -95.569980,        9.292
  42,   26,   51.425442,  -95.414162,        9.480
  43,   26,   51.425683,  -95.258342,        9.730
  44,   26,   51.425813,  -95.102522,        9.917
   1,   27,   51.416518, -101.804912,        3.667
   2,   27,   51.421338, -101.649296,        4.042
   3,   27,   51.426046, -101.493662,        4.042
   4,   27,   51.430642, -101.338011,        3.917
   5,   27,   51.435126, -101.182344,        4.417
   6,   27,   51.439499, -101.026660,        5.417
   7,   27,   51.443760, -100.870960,        5.605
   8,   27,   51.447909, -100.715245,        4.542
   9,   27,   51.451947, -100.559515,        3.542
  10,   27,   51.455874, -100.403770,        2.792
  11,   27,   51.459688, -100.248011,        2.792
  12,   27,   51.463391, -100.092238,        2.730
  13,   27,   51.466982,  -99.936451,        2.542
  14,   27,   51.470462,  -99.780652,        2.480
  15,   27,   51.473830,  -99.624840,        2.792
  16,   27,   51.477086,  -99.469015,        4.292
  17,   27,   51.480231,  -99.313179,        4.855
  18,   27,   51.483264,  -99.157332,        5.480
  19,   27,   51.486185,  -99.001473,        6.730
  20,   27,   51.488995,  -98.845604,        6.855
  21,   27,   51.491693,  -98.689724,        6.167
  22,   27,   51.494279,  -98.533835,        5.355
  23,   27,   51.496754,  -98.377937,        4.730
  24,   27,   51.499117,  -98.222029,        4.667
  25,   27,   51.501368,  -98.066114,        5.480
  26,   27,   51.503508,  -97.910189,        5.855
  27,   27,   51.505536,  -97.754258,        5.792
  28,   27,   51.507452,  -97.598319,        5.480
  29,   27,   51.509257,  -97.442373,        5.417
  30,   27,   51.510949,  -97.286420,        5.605
  31,   27,   51.512531,  -97.130462,        5.730
  32,   27,   51.514000,  -96.974498,        5.792
  33,   27,   51.515358,  -96.818529,        5.542
  34,   27,   51.516604,  -96.662555,        5.667
  35,   27,   51.517739,  -96.506576,        6.042
  36,   27,   51.518762,  -96.350594,        6.417
  37,   27,   51.519673,  -96.194608,        7.292
  38,   27,   51.520472,  -96.038618,        7.855
  39,   27,   51.521160,  -95.882626,        8.355
  40,   27,   51.521736,  -95.726632,        8.917
  41,   27,   51.522200,  -95.570636,        9.417
  42,   27,   51.522553,  -95.414638,        9.855
  43,   27,   51.522794,  -95.258639,       10.167
  44,   27,   51.522923,  -95.102640,       10.355
   1,   28,   51.513516, -101.812738,        3.667
   2,   28,   51.518336, -101.656943,        3.480
   3,   28,   51.523045, -101.501131,        3.480
   4,   28,   51.527642, -101.345302,        4.042
   5,   28,   51.532127, -101.189456,        5.167
   6,   28,   51.536500, -101.033594,        6.480
   7,   28,   51.540762, -100.877715,        6.292
   8,   28,   51.544912, -100.721821,        5.167
   9,   28,   51.548951, -100.565912,        3.542
  10,   28,   51.552878, -100.409989,        1.917
  11,   28,   51.556693, -100.254051,        1.605
  12,   28,   51.560397, -100.098099,        2.042
  13,   28,   51.563988,  -99.942133,        2.667
  14,   28,   51.567469,  -99.786155,        3.167
  15,   28,   51.570837,  -99.630163,        3.417
  16,   28,   51.574094,  -99.474160,        3.730
  17,   28,   51.577239,  -99.318145,        4.167
  18,   28,   51.580273,  -99.162118,        4.980
  19,   28,   51.583195,  -99.006080,        5.667
  20,   28,   51.586005,  -98.850031,        5.792
  21,   28,   51.588703,  -98.693973,        5.230
  22,   28,   51.591290,  -98.537904,        4.230
  23,   28,   51.593765,  -98.381827,        3.292
  24,   28,   51.596128,  -98.225740,        4.292
  25,   28,   51.598380,  -98.069644,        4.792
  26,   28,   51.600520,  -97.913541,        5.105
  27,   28,   51.602548,  -97.757430,        5.292
  28,   28,   51.604465,  -97.601311,        4.917
  29,   28,   51.606270,  -97.445186,        4.730
  30,   28,   51.607963,  -97.289054,        4.542
  31,   28,   51.609545,  -97.132916,        4.480
  32,   28,   51.611014,  -96.976772,        5.292
  33,   28,   51.612372,  -96.820623,        5.542
  34,   28,   51.613619,  -96.664470,        5.792
  35,   28,   51.614754,  -96.508312,        6.167
  36,   28,   51.615777,  -96.352149,        6.605
  37,   28,   51.616688,  -96.195984,        7.292
  38,   28,   51.617487,  -96.039815,        7.792
  39,   28,   51.618175,  -95.883643,        8.355
  40,   28,   51.618751,  -95.727469,        9.167
  41,   28,   51.619216,  -95.571293,        9.667
  42,   28,   51.619569,  -95.415116,       10.042
  43,   28,   51.619810,  -95.258937,       10.355
  44,   28,   51.619939,  -95.102758,       10.792
   1,   29,   51.610418, -101.820582,        3.917
   2,   29,   51.615239, -101.664608,        4.167
   3,   29,   51.619949, -101.508618,        4.792
   4,   29,   51.624546, -101.352609,        5.605
   5,   29,   51.629032, -101.196584,        6.542
   6,   29,   51.633406, -101.040543,        7.667
   7,   29,   51.637669, -100.884486,        7.417
   8,   29,   51.641820, -100.728413,        5.917
   9,   29,   51.645859, -100.572324,        3.667
  10,   29,   51.649787, -100.416222,        1.855
  11,   29,   51.653603, -100.260104,        1.667
  12,   29,   51.657307, -100.103973,        1.917
  13,   29,   51.660899,  -99.947828,        2.355
  14,   29,   51.664380,  -99.791670,        3.042
  15,   29,   51.667749,  -99.635499,        4.042
  16,   29,   51.671007,  -99.479316,        3.980
  17,   29,   51.674152,  -99.323121,        4.230
  18,   29,   51.677186,  -99.166915,        4.792
  19,   29,   51.680109,  -99.010698,        5.105
  20,   29,   51.682919,  -98.854469,        5.042
  21,   29,   51.685618,  -98.698231,        4.480
  22,   29,   51.688205,  -98.541983,        3.855
  23,   29,   51.690681,  -98.385725,        3.730
  24,   29,   51.693045,  -98.229459,        3.792
  25,   29,   51.695297,  -98.073184,        3.792
  26,   29,   51.697437,  -97.916900,        3.730
  27,   29,   51.699466,  -97.760609,        4.480
  28,   29,   51.701382,  -97.604311,        4.230
  29,   29,   51.703188,  -97.448005,        3.917
  30,   29,   51.704881,  -97.291693,        3.667
  31,   29,   51.706463,  -97.135375,        3.792
  32,   29,   51.707933,  -96.979052,        3.980
  33,   29,   51.709291,  -96.822723,        4.417
  34,   29,   51.710538,  -96.666389,        5.105
  35,   29,   51.711673,  -96.510051,        5.792
  36,   29,   51.712696,  -96.353709,        6.480
  37,   29,   51.713607,  -96.197363,        7.042
  38,   29,   51.714407,  -96.041014,        7.605
  39,   29,   51.715095,  -95.884662,        8.292
  40,   29,   51.715671,  -95.728308,        9.355
  41,   29,   51.716136,  -95.571952,       10.042
  42,   29,   51.716489,  -95.415595,       10.355
  43,   29,   51.716730,  -95.259236,       10.417
  44,   29,   51.716859,  -95.102877,       10.917
   1,   30,   51.707225, -101.828444,        3.667
   2,   30,   51.712047, -101.672291,        4.480
   3,   30,   51.716757, -101.516121,        5.355
   4,   30,   51.721355, -101.359934,        6.480
   5,   30,   51.725842, -101.203729,        7.855
   6,   30,   51.730217, -101.047509,        9.042
   7,   30,   51.734480, -100.891272,        8.417
   8,   30,   51.738632, -100.735019,        6.542
   9,   30,   51.742672, -100.578751,        4.105
  10,   30,   51.746600, -100.422469,        2.605
  11,   30,   51.750417, -100.266172,        2.230
  12,   30,   51.754121, -100.109861,        2.355
  13,   30,   51.757714,  -99.953536,        2.980
  14,   30,   51.761196,  -99.797198,        4.105
  15,   30,   51.764565,  -99.640848,        3.980
  16,   30,   51.767823,  -99.484485,        4.480
  17,   30,   51.770970,  -99.328110,        5.230
  18,   30,   51.774004,  -99.171723,        5.292
  19,   30,   51.776927,  -99.015326,        5.855
  20,   30,   51.779738,  -98.858918,        5.480
  21,   30,   51.782437,  -98.702499,        4.792
  22,   30,   51.785025,  -98.546071,        4.480
  23,   30,   51.787501,  -98.389633,        4.105
  24,   30,   51.789865,  -98.233186,        3.730
  25,   30,   51.792117,  -98.076731,        3.105
  26,   30,   51.794258,  -97.920267,        2.355
  27,   30,   51.796287,  -97.763796,        3.605
  28,   30,   51.798204,  -97.607317,        3.542
  29,   30,   51.800010,  -97.450831,        3.042
  30,   30,   51.801704,  -97.294339,        2.605
  31,   30,   51.803286,  -97.137841,        3.042
  32,   30,   51.804756,  -96.981337,        2.480
  33,   30,   51.806114,  -96.824827,        2.917
  34,   30,   51.807361,  -96.668313,        4.167
  35,   30,   51.808496,  -96.511794,        5.417
  36,   30,   51.809520,  -96.355272,        6.292
  37,   30,   51.810431,  -96.198745,        7.167
  38,   30,   51.811231,  -96.042216,        7.980
  39,   30,   51.811919,  -95.885684,        8.855
  40,   30,   51.812495,  -95.729149,        9.917
  41,   30,   51.812960,  -95.572613,       10.667
  42,   30,   51.813313,  -95.416074,       10.917
  43,   30,   51.813554,  -95.259535,       10.792
  44,   30,   51.813684,  -95.102995,       11.230
   1,   31,   51.803936, -101.836324,        3.042
   2,   31,   51.808759, -101.679992,        3.792
   3,   31,   51.813470, -101.523642,        5.042
   4,   31,   51.818069, -101.367275,        6.730
   5,   31,   51.822556, -101.210891,        8.042
   6,   31,   51.826932, -101.054490,        8.605
   7,   31,   51.831196, -100.898073,        8.105
   8,   31,   51.835348, -100.741641,        6.792
   9,   31,   51.839389, -100.585193,        4.855
  10,   31,   51.843317, -100.428730,        3.480
  11,   31,   51.847135, -100.272253,        2.792
  12,   31,   51.850840, -100.115762,        2.855
  13,   31,   51.854434,  -99.959257,        3.730
  14,   31,   51.857916,  -99.802739,        5.042
  15,   31,   51.861286,  -99.646208,        5.730
  16,   31,   51.864544,  -99.489665,        6.355
  17,   31,   51.867691,  -99.333110,        6.667
  18,   31,   51.870726,  -99.176543,        6.667
  19,   31,   51.873649,  -99.019965,        6.355
  20,   31,   51.876461,  -98.863376,        5.792
  21,   31,   51.879161,  -98.706777,        5.230
  22,   31,   51.881749,  -98.550168,        4.605
  23,   31,   51.884225,  -98.393550,        4.230
  24,   31,   51.886589,  -98.236922,        3.855
  25,   31,   51.888842,  -98.080286,        3.230
  26,   31,   51.890983,  -97.923642,        2.105
  27,   31,   51.893012,  -97.766990,        2.542
  28,   31,   51.894930,  -97.610330,        2.417
  29,   31,   51.896736,  -97.453664,        2.292
  30,   31,   51.898430,  -97.296991,        2.105
  31,   31,   51.900012,  -97.140312,        2.542
  32,   31,   51.901483,  -96.983627,        2.480
  33,   31,   51.902841,  -96.826937,        2.917
  34,   31,   51.904088,  -96.670241,        4.167
  35,   31,   51.905224,  -96.513542,        5.480
  36,   31,   51.906247,  -96.356838,        6.605
  37,   31,   51.907159,  -96.200131,        7.730
  38,   31,   51.907959,  -96.043421,        8.730
  39,   31,   51.908647,  -95.886708,        9.480
  40,   31,   51.909224,  -95.729992,       10.355
  41,   31,   51.909688,  -95.573274,       10.855
  42,   31,   51.910041,  -95.416555,       11.167
  43,   31,   51.910282,  -95.259835,       11.417
  44,   31,   51.910412,  -95.103114,       11.792
   1,   32,   51.900551, -101.844222,        3.167
   2,   32,   51.905374, -101.687710,        3.230
   3,   32,   51.910086, -101.531180,        3.855
   4,   32,   51.914686, -101.374633,        4.917
   5,   32,   51.919174, -101.218069,        6.855
   6,   32,   51.923550, -101.061488,        7.480
   7,   32,   51.927815, -100.904891,        7.167
   8,   32,   51.931968, -100.748278,        6.230
   9,   32,   51.936009, -100.591650,        5.105
  10,   32,   51.939939, -100.435006,        4.042
  11,   32,   51.943756, -100.278349,        3.417
  12,   32,   51.947462, -100.121677,        3.292
  13,   32,   51.951057,  -99.964991,        4.417
  14,   32,   51.954539,  -99.808293,        5.417
  15,   32,   51.957910,  -99.651581,        6.167
  16,   32,   51.961169,  -99.494857,        6.542
  17,   32,   51.964316,  -99.338121,        6.417
  18,   32,   51.967352,  -99.181373,        6.230
  19,   32,   51.970275,  -99.024614,        5.605
  20,   32,   51.973087,  -98.867845,        5.230
  21,   32,   51.975787,  -98.711065,        5.167
  22,   32,   51.978376,  -98.554275,        4.417
  23,   32,   51.980853,  -98.397476,        3.980
  24,   32,   51.983217,  -98.240667,        3.480
  25,   32,   51.985471,  -98.083850,        2.855
  26,   32,   51.987612,  -97.927024,        1.792
  27,   32,   51.989642,  -97.770191,        1.355
  28,   32,   51.991559,  -97.613351,        1.480
  29,   32,   51.993366,  -97.456503,        1.980
  30,   32,   51.995060,  -97.299649,        2.167
  31,   32,   51.996642,  -97.142788,        2.480
  32,   32,   51.998113,  -96.985922,        3.042
  33,   32,   51.999472,  -96.829051,        3.980
  34,   32,   52.000719,  -96.672174,        5.105
  35,   32,   52.001855,  -96.515293,        6.292
  36,   32,   52.002878,  -96.358409,        7.480
  37,   32,   52.003790,  -96.201520,        8.605
  38,   32,   52.004590,  -96.044628,        9.542
  39,   32,   52.005279,  -95.887734,        9.980
  40,   32,   52.005855,  -95.730837,       10.605
  41,   32,   52.006320,  -95.573938,       11.167
  42,   32,   52.006673,  -95.417037,       11.667
  43,   32,   52.006914,  -95.260136,       11.917
  44,   32,   52.007044,  -95.103234,       12.355
   1,   33,   51.997070, -101.852139,        3.980
   2,   33,   52.001894, -101.695447,        3.605
   3,   33,   52.006606, -101.538736,        3.230
   4,   33,   52.011207, -101.382008,        3.230
   5,   33,   52.015695, -101.225263,        4.480
   6,   33,   52.020073, -101.068502,        5.105
   7,   33,   52.024338, -100.911724,        5.417
   8,   33,   52.028492, -100.754930,        5.355
   9,   33,   52.032533, -100.598121,        4.792
  10,   33,   52.036463, -100.441297,        4.667
  11,   33,   52.040282, -100.284458,        4.105
  12,   33,   52.043988, -100.127606,        3.480
  13,   33,   52.047583,  -99.970739,        4.917
  14,   33,   52.051066,  -99.813859,        5.542
  15,   33,   52.054437,  -99.656966,        6.042
  16,   33,   52.057697,  -99.500061,        6.355
  17,   33,   52.060845,  -99.343144,        6.042
  18,   33,   52.063881,  -99.186215,        5.667
  19,   33,   52.066805,  -99.029275,        5.355
  20,   33,   52.069617,  -98.872324,        5.105
  21,   33,   52.072318,  -98.715363,        4.917
  22,   33,   52.074907,  -98.558391,        4.667
  23,   33,   52.077384,  -98.401410,        4.417
  24,   33,   52.079749,  -98.244420,        3.855
  25,   33,   52.082002,  -98.087422,        2.730
  26,   33,   52.084144,  -97.930415,        2.355
  27,   33,   52.086174,  -97.773400,        2.105
  28,   33,   52.088092,  -97.616378,        2.167
  29,   33,   52.089899,  -97.459349,        2.480
  30,   33,   52.091593,  -97.302313,        2.417
  31,   33,   52.093176,  -97.145271,        2.417
  32,   33,   52.094647,  -96.988223,        2.792
  33,   33,   52.096006,  -96.831170,        3.917
  34,   33,   52.097254,  -96.674112,        5.292
  35,   33,   52.098389,  -96.517049,        6.792
  36,   33,   52.099413,  -96.359982,        8.167
  37,   33,   52.100325,  -96.202912,        9.355
  38,   33,   52.101125,  -96.045839,       10.167
  39,   33,   52.101814,  -95.888762,       10.730
  40,   33,   52.102390,  -95.731684,       11.292
  41,   33,   52.102855,  -95.574603,       11.855
  42,   33,   52.103208,  -95.417521,       12.542
  43,   33,   52.103449,  -95.260437,       12.792
  44,   33,   52.103579,  -95.103353,       13.042
   1,   34,   52.093491, -101.860074,        5.105
   2,   34,   52.098316, -101.703201,        4.480
   3,   34,   52.103029, -101.546309,        3.667
   4,   34,   52.107631, -101.389401,        3.230
   5,   34,   52.112120, -101.232475,        3.105
   6,   34,   52.116498, -101.075532,        3.792
   7,   34,   52.120764, -100.918573,        4.355
   8,   34,   52.124918, -100.761598,        4.042
   9,   34,   52.128961, -100.604608,        4.667
  10,   34,   52.132891, -100.447602,        4.917
  11,   34,   52.136710, -100.290582,        4.480
  12,   34,   52.140417, -100.133548,        3.480
  13,   34,   52.144013,  -99.976500,        4.605
  14,   34,   52.147496,  -99.819439,        5.042
  15,   34,   52.150868,  -99.662364,        5.292
  16,   34,   52.154128,  -99.505277,        5.542
  17,   34,   52.157276,  -99.348179,        5.480
  18,   34,   52.160313,  -99.191068,        5.230
  19,   34,   52.163237,  -99.033946,        5.105
  20,   34,   52.166050,  -98.876813,        5.355
  21,   34,   52.168751,  -98.719670,        5.417
  22,   34,   52.171341,  -98.562517,        5.605
  23,   34,   52.173818,  -98.405354,        5.292
  24,   34,   52.176184,  -98.248183,        4.355
  25,   34,   52.178437,  -98.091002,        2.792
  26,   34,   52.180579,  -97.933813,        2.980
  27,   34,   52.182610,  -97.776616,        3.355
  28,   34,   52.184528,  -97.619412,        3.542
  29,   34,   52.186335,  -97.462201,        3.042
  30,   34,   52.188030,  -97.304983,        2.605
  31,   34,   52.189613,  -97.147759,        2.292
  32,   34,   52.191084,  -96.990529,        2.730
  33,   34,   52.192443,  -96.833294,        4.167
  34,   34,   52.193691,  -96.676053,        5.730
  35,   34,   52.194827,  -96.518809,        7.292
  36,   34,   52.195851,  -96.361560,        8.730
  37,   34,   52.196763,  -96.204307,        9.855
  38,   34,   52.197563,  -96.047052,       10.730
  39,   34,   52.198252,  -95.889793,       11.355
  40,   34,   52.198828,  -95.732532,       11.855
  41,   34,   52.199293,  -95.575269,       12.417
  42,   34,   52.199646,  -95.418005,       12.792
  43,   34,   52.199888,  -95.260739,       13.355
  44,   34,   52.200017,  -95.103473,       13.855
   1,   35,   52.189816, -101.868027,        5.042
   2,   35,   52.194642, -101.710973,        4.480
   3,   35,   52.199356, -101.553900,        4.105
   4,   35,   52.203958, -101.396810,        3.417
   5,   35,   52.208448, -101.239702,        3.167
   6,   35,   52.212826, -101.082578,        3.230
   7,   35,   52.217093, -100.925438,        3.292
   8,   35,   52.221248, -100.768281,        3.167
   9,   35,   52.225291, -100.611109,        4.042
  10,   35,   52.229222, -100.453922,        4.542
  11,   35,   52.233042, -100.296720,        4.417
  12,   35,   52.236750, -100.139504,        3.480
  13,   35,   52.240345,  -99.982274,        3.667
  14,   35,   52.243829,  -99.825031,        3.792
  15,   35,   52.247202,  -99.667775,        3.980
  16,   35,   52.250462,  -99.510506,        4.480
  17,   35,   52.253611,  -99.353225,        5.167
  18,   35,   52.256648,  -99.195932,        5.542
  19,   35,   52.259573,  -99.038628,        5.917
  20,   35,   52.262386,  -98.881313,        6.605
  21,   35,   52.265088,  -98.723988,        6.855
  22,   35,   52.267677,  -98.566653,        6.542
  23,   35,   52.270155,  -98.409308,        5.542
  24,   35,   52.272521,  -98.251953,        4.105
  25,   35,   52.274775,  -98.094591,        3.230
  26,   35,   52.276918,  -97.937219,        3.292
  27,   35,   52.278948,  -97.779840,        3.292
  28,   35,   52.280867,  -97.622453,        3.167
  29,   35,   52.282674,  -97.465060,        2.730
  30,   35,   52.284369,  -97.307659,        2.042
  31,   35,   52.285952,  -97.150253,        2.042
  32,   35,   52.287424,  -96.992840,        2.917
  33,   35,   52.288783,  -96.835422,        4.542
  34,   35,   52.290031,  -96.678000,        6.105
  35,   35,   52.291167,  -96.520572,        7.667
  36,   35,   52.292191,  -96.363141,        9.105
  37,   35,   52.293103,  -96.205706,       10.230
  38,   35,   52.293904,  -96.048268,       10.980
  39,   35,   52.294592,  -95.890827,       11.605
  40,   35,   52.295169,  -95.733383,       12.105
  41,   35,   52.295634,  -95.575938,       12.667
  42,   35,   52.295987,  -95.418490,       12.980
  43,   35,   52.296229,  -95.261042,       13.480
  44,   35,   52.296358,  -95.103593,       14.105
   1,   36,   52.286044, -101.875999,        6.230
   2,   36,   52.290870, -101.718763,        6.042
   3,   36,   52.295585, -101.561509,        5.417
   4,   36,   52.300188, -101.404236,        4.855
   5,   36,   52.304678, -101.246947,        3.792
   6,   36,   52.309058, -101.089641,        2.917
   7,   36,   52.313325, -100.932318,        2.480
   8,   36,   52.317480, -100.774980,        2.792
   9,   36,   52.321524, -100.617626,        3.605
  10,   36,   52.325456, -100.460256,        4.292
  11,   36,   52.329276, -100.302872,        4.605
  12,   36,   52.332984, -100.145474,        3.792
  13,   36,   52.336581,  -99.988062,        3.105
  14,   36,   52.340065,  -99.830636,        2.730
  15,   36,   52.343438,  -99.673198,        2.855
  16,   36,   52.346699,  -99.515746,        4.042
  17,   36,   52.349848,  -99.358283,        5.667
  18,   36,   52.352885,  -99.200808,        6.855
  19,   36,   52.355811,  -99.043321,        7.480
  20,   36,   52.358625,  -98.885824,        7.917
  21,   36,   52.361326,  -98.728316,        7.667
  22,   36,   52.363916,  -98.570798,        6.417
  23,   36,   52.366395,  -98.413270,        4.605
  24,   36,   52.368761,  -98.255733,        3.417
  25,   36,   52.371016,  -98.098187,        3.417
  26,   36,   52.373158,  -97.940633,        3.355
  27,   36,   52.375189,  -97.783071,        3.230
  28,   36,   52.377108,  -97.625502,        2.917
  29,   36,   52.378915,  -97.467925,        2.542
  30,   36,   52.380611,  -97.310342,        1.980
  31,   36,   52.382194,  -97.152752,        1.855
  32,   36,   52.383666,  -96.995157,        2.917
  33,   36,   52.385025,  -96.837556,        5.105
  34,   36,   52.386273,  -96.679950,        6.855
  35,   36,   52.387410,  -96.522340,        8.292
  36,   36,   52.388434,  -96.364726,        9.480
  37,   36,   52.389346,  -96.207108,       10.417
  38,   36,   52.390147,  -96.049486,       11.230
  39,   36,   52.390836,  -95.891862,       11.792
  40,   36,   52.391412,  -95.734236,       12.105
  41,   36,   52.391878,  -95.576607,       12.667
  42,   36,   52.392231,  -95.418977,       13.042
  43,   36,   52.392472,  -95.261346,       13.480
  44,   36,   52.392602,  -95.103714,       14.042
   1,   37,   52.382174, -101.883990,        6.980
   2,   37,   52.387001, -101.726571,        7.042
   3,   37,   52.391716, -101.569135,        7.042
   4,   37,   52.396320, -101.411680,        6.355
   5,   37,   52.400811, -101.254209,        4.855
   6,   37,   52.405191, -101.096720,        3.292
   7,   37,   52.409459, -100.939215,        2.167
   8,   37,   52.413615, -100.781694,        2.542
   9,   37,   52.417659, -100.624157,        3.480
  10,   37,   52.421592, -100.466606,        4.730
  11,   37,   52.425412, -100.309039,        5.855
  12,   37,   52.429121, -100.151458,        5.417
  13,   37,   52.432718,  -99.993863,        4.417
  14,   37,   52.436203,  -99.836255,        3.292
  15,   37,   52.439577,  -99.678633,        2.855
  16,   37,   52.442838,  -99.520999,        4.792
  17,   37,   52.445988,  -99.363353,        6.792
  18,   37,   52.449025,  -99.205695,        8.167
  19,   37,   52.451951,  -99.048025,        8.542
  20,   37,   52.454765,  -98.890345,        8.105
  21,   37,   52.457468,  -98.732653,        6.917
  22,   37,   52.460058,  -98.574952,        5.105
  23,   37,   52.462537,  -98.417242,        3.480
  24,   37,   52.464903,  -98.259521,        3.542
  25,   37,   52.467158,  -98.101793,        3.480
  26,   37,   52.469301,  -97.944055,        3.417
  27,   37,   52.471332,  -97.786310,        3.167
  28,   37,   52.473251,  -97.628557,        2.605
  29,   37,   52.475059,  -97.470797,        1.980
  30,   37,   52.476754,  -97.313031,        1.542
  31,   37,   52.478338,  -97.155258,        1.855
  32,   37,   52.479810,  -96.997479,        3.730
  33,   37,   52.481170,  -96.839695,        5.980
  34,   37,   52.482418,  -96.681906,        7.605
  35,   37,   52.483554,  -96.524112,        8.792
  36,   37,   52.484579,  -96.366314,        9.792
  37,   37,   52.485491,  -96.208513,       10.542
  38,   37,   52.486292,  -96.050708,       11.167
  39,   37,   52.486981,  -95.892900,       11.730
  40,   37,   52.487558,  -95.735090,       12.105
  41,   37,   52.488023,  -95.577278,       12.605
  42,   37,   52.488376,  -95.419465,       12.917
  43,   37,   52.488618,  -95.261650,       13.292
  44,   37,   52.488747,  -95.103835,       13.605
   1,   38,   52.478206, -101.891999,        7.417
   2,   38,   52.483034, -101.734398,        7.980
   3,   38,   52.487750, -101.576778,        8.417
   4,   38,   52.492354, -101.419141,        7.605
   5,   38,   52.496846, -101.261487,        5.917
   6,   38,   52.501227, -101.103816,        3.792
   7,   38,   52.505495, -100.946128,        2.417
   8,   38,   52.509652, -100.788424,        3.167
   9,   38,   52.513697, -100.630704,        4.480
  10,   38,   52.517630, -100.472970,        6.042
  11,   38,   52.521451, -100.315220,        7.355
  12,   38,   52.525160, -100.157456,        6.980
  13,   38,   52.528758,  -99.999678,        5.605
  14,   38,   52.532243,  -99.841886,        4.230
  15,   38,   52.535617,  -99.684081,        4.980
  16,   38,   52.538879,  -99.526264,        6.480
  17,   38,   52.542029,  -99.368434,        7.917
  18,   38,   52.545067,  -99.210593,        8.792
  19,   38,   52.547994,  -99.052740,        8.792
  20,   38,   52.550808,  -98.894876,        7.480
  21,   38,   52.553511,  -98.737001,        5.667
  22,   38,   52.556101,  -98.579117,        4.105
  23,   38,   52.558580,  -98.421222,        3.667
  24,   38,   52.560947,  -98.263319,        3.730
  25,   38,   52.563203,  -98.105406,        3.542
  26,   38,   52.565346,  -97.947485,        3.292
  27,   38,   52.567377,  -97.789556,        2.980
  28,   38,   52.569297,  -97.631620,        2.167
  29,   38,   52.571105,  -97.473676,        1.417
  30,   38,   52.572800,  -97.315726,        1.355
  31,   38,   52.574384,  -97.157769,        2.542
  32,   38,   52.575856,  -96.999807,        4.917
  33,   38,   52.577217,  -96.841839,        6.667
  34,   38,   52.578465,  -96.683866,        7.980
  35,   38,   52.579601,  -96.525888,        8.980
  36,   38,   52.580626,  -96.367907,        9.792
  37,   38,   52.581539,  -96.209921,       10.480
  38,   38,   52.582339,  -96.051933,       11.042
  39,   38,   52.583028,  -95.893941,       11.542
  40,   38,   52.583605,  -95.735947,       11.980
  41,   38,   52.584071,  -95.577951,       12.417
  42,   38,   52.584424,  -95.419954,       12.792
  43,   38,   52.584665,  -95.261955,       13.105
  44,   38,   52.584795,  -95.103956,       13.355
   1,   39,   52.574141, -101.900026,        7.167
   2,   39,   52.578969, -101.742242,        8.417
   3,   39,   52.583686, -101.584440,        8.917
   4,   39,   52.588290, -101.426620,        8.542
   5,   39,   52.592783, -101.268782,        7.542
   6,   39,   52.597164, -101.110928,        6.355
   7,   39,   52.601433, -100.953057,        5.667
   8,   39,   52.605591, -100.795170,        5.792
   9,   39,   52.609636, -100.637267,        6.605
  10,   39,   52.613570, -100.479348,        7.730
  11,   39,   52.617391, -100.321415,        8.542
  12,   39,   52.621101, -100.163468,        7.917
  13,   39,   52.624699, -100.005506,        6.667
  14,   39,   52.628185,  -99.847531,        5.730
  15,   39,   52.631559,  -99.689542,        7.355
  16,   39,   52.634822,  -99.531541,        8.355
  17,   39,   52.637972,  -99.373528,        8.730
  18,   39,   52.641011,  -99.215502,        8.855
  19,   39,   52.643938,  -99.057466,        8.292
  20,   39,   52.646753,  -98.899418,        6.480
  21,   39,   52.649456,  -98.741359,        4.605
  22,   39,   52.652047,  -98.583291,        3.230
  23,   39,   52.654526,  -98.425212,        3.417
  24,   39,   52.656893,  -98.267125,        3.417
  25,   39,   52.659149,  -98.109028,        3.355
  26,   39,   52.661292,  -97.950923,        3.167
  27,   39,   52.663324,  -97.792810,        2.730
  28,   39,   52.665244,  -97.634690,        1.855
  29,   39,   52.667052,  -97.476562,        1.605
  30,   39,   52.668748,  -97.318427,        2.417
  31,   39,   52.670332,  -97.160286,        4.167
  32,   39,   52.671804,  -97.002140,        5.667
  33,   39,   52.673165,  -96.843987,        6.980
  34,   39,   52.674413,  -96.685830,        8.167
  35,   39,   52.675550,  -96.527668,        8.917
  36,   39,   52.676575,  -96.369503,        9.730
  37,   39,   52.677487,  -96.211333,       10.417
  38,   39,   52.678288,  -96.053160,       10.980
  39,   39,   52.678977,  -95.894984,       11.417
  40,   39,   52.679554,  -95.736806,       11.855
  41,   39,   52.680020,  -95.578625,       12.230
  42,   39,   52.680373,  -95.420444,       12.542
  43,   39,   52.680615,  -95.262261,       12.980
  44,   39,   52.680744,  -95.104077,       13.230
   1,   40,   52.669977, -101.908072,        6.480
   2,   40,   52.674806, -101.750105,        8.105
   3,   40,   52.679523, -101.592119,        8.667
   4,   40,   52.684128, -101.434116,        8.730
   5,   40,   52.688622, -101.276095,        8.355
   6,   40,   52.693003, -101.118057,        7.417
   7,   40,   52.697273, -100.960002,        6.855
   8,   40,   52.701431, -100.801931,        7.167
   9,   40,   52.705477, -100.643844,        7.855
  10,   40,   52.709411, -100.485742,        8.730
  11,   40,   52.713233, -100.327625,        8.792
  12,   40,   52.716943, -100.169493,        7.917
  13,   40,   52.720542, -100.011348,        6.917
  14,   40,   52.724029,  -99.853189,        6.667
  15,   40,   52.727403,  -99.695016,        8.355
  16,   40,   52.730666,  -99.536831,        9.105
  17,   40,   52.733817,  -99.378633,        9.167
  18,   40,   52.736856,  -99.220424,        8.730
  19,   40,   52.739783,  -99.062203,        7.355
  20,   40,   52.742598,  -98.903970,        5.355
  21,   40,   52.745302,  -98.745728,        3.792
  22,   40,   52.747893,  -98.587475,        3.355
  23,   40,   52.750373,  -98.429212,        3.605
  24,   40,   52.752741,  -98.270940,        3.542
  25,   40,   52.754996,  -98.112659,        3.355
  26,   40,   52.757140,  -97.954369,        3.167
  27,   40,   52.759172,  -97.796072,        2.730
  28,   40,   52.761092,  -97.637766,        1.980
  29,   40,   52.762900,  -97.479454,        2.105
  30,   40,   52.764597,  -97.321135,        3.542
  31,   40,   52.766181,  -97.162809,        5.105
  32,   40,   52.767654,  -97.004478,        6.292
  33,   40,   52.769014,  -96.846141,        7.292
  34,   40,   52.770263,  -96.687799,        8.167
  35,   40,   52.771400,  -96.529453,        8.792
  36,   40,   52.772424,  -96.371102,        9.605
  37,   40,   52.773337,  -96.212748,       10.292
  38,   40,   52.774138,  -96.054390,       10.855
  39,   40,   52.774828,  -95.896029,       11.292
  40,   40,   52.775405,  -95.737666,       11.730
  41,   40,   52.775870,  -95.579301,       12.105
  42,   40,   52.776224,  -95.420935,       12.417
  43,   40,   52.776465,  -95.262567,       12.792
  44,   40,   52.776595,  -95.104198,       13.105
   1,   41,   52.765714, -101.916137,        5.730
   2,   41,   52.770543, -101.757986,        7.230
   3,   41,   52.775261, -101.599817,        7.792
   4,   41,   52.779867, -101.441629,        8.105
   5,   41,   52.784361, -101.283424,        8.167
   6,   41,   52.788743, -101.125202,        7.355
   7,   41,   52.793014, -100.966963,        5.667
   8,   41,   52.797172, -100.808708,        5.355
   9,   41,   52.801219, -100.650437,        6.792
  10,   41,   52.805153, -100.492151,        8.105
  11,   41,   52.808976, -100.333849,        7.980
  12,   41,   52.812687, -100.175533,        7.105
  13,   41,   52.816286, -100.017203,        6.292
  14,   41,   52.819773,  -99.858860,        6.855
  15,   41,   52.823148,  -99.700503,        7.917
  16,   41,   52.826411,  -99.542133,        8.292
  17,   41,   52.829563,  -99.383750,        8.167
  18,   41,   52.832602,  -99.225356,        7.605
  19,   41,   52.835530,  -99.066950,        5.667
  20,   41,   52.838345,  -98.908534,        4.042
  21,   41,   52.841049,  -98.750106,        3.167
  22,   41,   52.843641,  -98.591668,        3.667
  23,   41,   52.846121,  -98.433221,        3.730
  24,   41,   52.848489,  -98.274764,        3.605
  25,   41,   52.850745,  -98.116298,        3.480
  26,   41,   52.852889,  -97.957823,        3.355
  27,   41,   52.854921,  -97.799341,        3.230
  28,   41,   52.856842,  -97.640851,        2.792
  29,   41,   52.858650,  -97.482353,        2.917
  30,   41,   52.860347,  -97.323849,        4.105
  31,   41,   52.861931,  -97.165338,        5.667
  32,   41,   52.863404,  -97.006822,        6.730
  33,   41,   52.864765,  -96.848300,        7.355
  34,   41,   52.866014,  -96.689773,        8.105
  35,   41,   52.867151,  -96.531241,        8.730
  36,   41,   52.868176,  -96.372706,        9.542
  37,   41,   52.869089,  -96.214166,       10.230
  38,   41,   52.869890,  -96.055623,       10.792
  39,   41,   52.870579,  -95.897077,       11.167
  40,   41,   52.871156,  -95.738529,       11.542
  41,   41,   52.871622,  -95.579979,       11.917
  42,   41,   52.871975,  -95.421427,       12.230
  43,   41,   52.872217,  -95.262874,       12.605
  44,   41,   52.872346,  -95.104320,       12.917
   1,   42,   52.861352, -101.924221,        5.480
   2,   42,   52.866182, -101.765886,        6.230
   3,   42,   52.870901, -101.607532,        6.730
   4,   42,   52.875507, -101.449160,        7.167
   5,   42,   52.880002, -101.290771,        7.542
   6,   42,   52.884385, -101.132364,        6.730
   7,   42,   52.888656, -100.973941,        5.542
   8,   42,   52.892815, -100.815501,        5.292
   9,   42,   52.896862, -100.657045,        6.292
  10,   42,   52.900797, -100.498574,        6.855
  11,   42,   52.904620, -100.340088,        6.542
  12,   42,   52.908331, -100.181587,        5.917
  13,   42,   52.911931, -100.023072,        5.230
  14,   42,   52.915418,  -99.864544,        6.292
  15,   42,   52.918794,  -99.706002,        6.855
  16,   42,   52.922058,  -99.547447,        7.105
  17,   42,   52.925210,  -99.388880,        6.980
  18,   42,   52.928249,  -99.230300,        5.980
  19,   42,   52.931177,  -99.071710,        4.417
  20,   42,   52.933993,  -98.913107,        3.417
  21,   42,   52.936697,  -98.754495,        3.105
  22,   42,   52.939290,  -98.595872,        3.605
  23,   42,   52.941770,  -98.437239,        3.542
  24,   42,   52.944138,  -98.278597,        3.605
  25,   42,   52.946395,  -98.119945,        3.792
  26,   42,   52.948539,  -97.961285,        3.855
  27,   42,   52.950572,  -97.802618,        3.855
  28,   42,   52.952492,  -97.643942,        3.917
  29,   42,   52.954301,  -97.485259,        3.980
  30,   42,   52.955998,  -97.326569,        4.355
  31,   42,   52.957582,  -97.167873,        5.667
  32,   42,   52.959055,  -97.009171,        6.667
  33,   42,   52.960416,  -96.850464,        7.355
  34,   42,   52.961665,  -96.691751,        7.980
  35,   42,   52.962802,  -96.533034,        8.855
  36,   42,   52.963827,  -96.374313,        9.542
  37,   42,   52.964741,  -96.215588,       10.105
  38,   42,   52.965542,  -96.056859,       10.542
  39,   42,   52.966231,  -95.898128,       10.917
  40,   42,   52.966808,  -95.739394,       11.292
  41,   42,   52.967274,  -95.580658,       11.667
  42,   42,   52.967627,  -95.421920,       11.917
  43,   42,   52.967869,  -95.263182,       12.355
  44,   42,   52.967999,  -95.104442,       12.667
