   X,    Y,    Latitude,   Longitude, UGRD_201907130000
   1,    1,   48.862147, -101.607558,       -1.390
   2,    1,   48.866940, -101.456441,       -1.270
   3,    1,   48.871623, -101.305308,       -1.120
   4,    1,   48.876194, -101.154159,       -0.960
   5,    1,   48.880654, -101.002995,       -0.750
   6,    1,   48.885004, -100.851816,       -0.480
   7,    1,   48.889242, -100.700623,       -0.160
   8,    1,   48.893369, -100.549415,        0.180
   9,    1,   48.897386, -100.398194,        0.440
  10,    1,   48.901291, -100.246959,        0.640
  11,    1,   48.905085, -100.095711,        0.780
  12,    1,   48.908768,  -99.944450,        0.850
  13,    1,   48.912340,  -99.793177,        0.850
  14,    1,   48.915801,  -99.641892,        0.870
  15,    1,   48.919151,  -99.490596,        0.940
  16,    1,   48.922390,  -99.339288,        1.070
  17,    1,   48.925518,  -99.187970,        1.240
  18,    1,   48.928535,  -99.036641,        1.410
  19,    1,   48.931440,  -98.885302,        1.580
  20,    1,   48.934235,  -98.733953,        1.730
  21,    1,   48.936919,  -98.582595,        1.830
  22,    1,   48.939491,  -98.431228,        1.850
  23,    1,   48.941953,  -98.279852,        1.720
  24,    1,   48.944303,  -98.128469,        1.570
  25,    1,   48.946542,  -97.977077,        1.530
  26,    1,   48.948670,  -97.825678,        1.620
  27,    1,   48.950688,  -97.674272,        1.810
  28,    1,   48.952594,  -97.522860,        1.960
  29,    1,   48.954389,  -97.371441,        2.070
  30,    1,   48.956073,  -97.220016,        2.170
  31,    1,   48.957645,  -97.068586,        2.280
  32,    1,   48.959107,  -96.917150,        2.410
  33,    1,   48.960458,  -96.765710,        2.510
  34,    1,   48.961697,  -96.614265,        2.570
  35,    1,   48.962826,  -96.462816,        2.610
  36,    1,   48.963843,  -96.311364,        2.620
  37,    1,   48.964749,  -96.159908,        2.560
  38,    1,   48.965545,  -96.008449,        2.490
  39,    1,   48.966229,  -95.856988,        2.410
  40,    1,   48.966802,  -95.705525,        2.330
  41,    1,   48.967264,  -95.554060,        2.210
  42,    1,   48.967615,  -95.402594,        1.920
  43,    1,   48.967854,  -95.251126,        1.590
  44,    1,   48.967983,  -95.099658,        1.300
   1,    2,   48.961514, -101.614937,       -1.270
   2,    2,   48.966308, -101.463652,       -1.130
   3,    2,   48.970992, -101.312350,       -0.980
   4,    2,   48.975564, -101.161033,       -0.790
   5,    2,   48.980026, -101.009701,       -0.550
   6,    2,   48.984376, -100.858354,       -0.260
   7,    2,   48.988615, -100.706992,        0.080
   8,    2,   48.992744, -100.555615,        0.380
   9,    2,   48.996761, -100.404225,        0.590
  10,    2,   49.000667, -100.252822,        0.720
  11,    2,   49.004462, -100.101405,        0.790
  12,    2,   49.008146,  -99.949976,        0.790
  13,    2,   49.011719,  -99.798534,        0.740
  14,    2,   49.015181,  -99.647080,        0.750
  15,    2,   49.018532,  -99.495615,        0.830
  16,    2,   49.021771,  -99.344138,        0.980
  17,    2,   49.024900,  -99.192651,        1.180
  18,    2,   49.027917,  -99.041153,        1.390
  19,    2,   49.030824,  -98.889645,        1.580
  20,    2,   49.033619,  -98.738127,        1.750
  21,    2,   49.036303,  -98.586600,        1.850
  22,    2,   49.038877,  -98.435064,        1.820
  23,    2,   49.041339,  -98.283519,        1.670
  24,    2,   49.043690,  -98.131967,        1.560
  25,    2,   49.045929,  -97.980406,        1.550
  26,    2,   49.048058,  -97.828838,        1.680
  27,    2,   49.050076,  -97.677263,        1.880
  28,    2,   49.051982,  -97.525681,        2.020
  29,    2,   49.053778,  -97.374093,        2.120
  30,    2,   49.055462,  -97.222499,        2.200
  31,    2,   49.057035,  -97.070899,        2.300
  32,    2,   49.058497,  -96.919294,        2.400
  33,    2,   49.059848,  -96.767684,        2.470
  34,    2,   49.061088,  -96.616070,        2.510
  35,    2,   49.062217,  -96.464452,        2.500
  36,    2,   49.063234,  -96.312830,        2.450
  37,    2,   49.064141,  -96.161205,        2.350
  38,    2,   49.064936,  -96.009577,        2.250
  39,    2,   49.065621,  -95.857947,        2.180
  40,    2,   49.066194,  -95.706314,        2.160
  41,    2,   49.066656,  -95.554680,        2.060
  42,    2,   49.067007,  -95.403044,        1.760
  43,    2,   49.067247,  -95.251407,        1.400
  44,    2,   49.067375,  -95.099770,        1.070
   1,    3,   49.060793, -101.622332,       -1.100
   2,    3,   49.065589, -101.470878,       -0.980
   3,    3,   49.070274, -101.319408,       -0.830
   4,    3,   49.074847, -101.167923,       -0.630
   5,    3,   49.079310, -101.016421,       -0.400
   6,    3,   49.083661, -100.864905,       -0.130
   7,    3,   49.087902, -100.713374,        0.170
   8,    3,   49.092031, -100.561829,        0.410
   9,    3,   49.096049, -100.410270,        0.550
  10,    3,   49.099956, -100.258698,        0.620
  11,    3,   49.103752, -100.107112,        0.640
  12,    3,   49.107437,  -99.955513,        0.620
  13,    3,   49.111011,  -99.803902,        0.590
  14,    3,   49.114473,  -99.652280,        0.620
  15,    3,   49.117825,  -99.500645,        0.730
  16,    3,   49.121065,  -99.348999,        0.900
  17,    3,   49.124195,  -99.197342,        1.140
  18,    3,   49.127213,  -99.045675,        1.370
  19,    3,   49.130120,  -98.893998,        1.590
  20,    3,   49.132916,  -98.742311,        1.770
  21,    3,   49.135601,  -98.590614,        1.850
  22,    3,   49.138175,  -98.438909,        1.760
  23,    3,   49.140637,  -98.287195,        1.610
  24,    3,   49.142989,  -98.135472,        1.540
  25,    3,   49.145229,  -97.983742,        1.580
  26,    3,   49.147358,  -97.832005,        1.750
  27,    3,   49.149376,  -97.680260,        1.930
  28,    3,   49.151283,  -97.528508,        2.050
  29,    3,   49.153079,  -97.376750,        2.130
  30,    3,   49.154764,  -97.224987,        2.190
  31,    3,   49.156338,  -97.073217,        2.250
  32,    3,   49.157800,  -96.921443,        2.300
  33,    3,   49.159151,  -96.769663,        2.320
  34,    3,   49.160391,  -96.617880,        2.320
  35,    3,   49.161520,  -96.466092,        2.300
  36,    3,   49.162538,  -96.314300,        2.250
  37,    3,   49.163445,  -96.162505,        2.160
  38,    3,   49.164241,  -96.010708,        2.080
  39,    3,   49.164925,  -95.858907,        2.060
  40,    3,   49.165498,  -95.707105,        2.100
  41,    3,   49.165960,  -95.555301,        2.070
  42,    3,   49.166311,  -95.403495,        1.890
  43,    3,   49.166551,  -95.251689,        1.570
  44,    3,   49.166680,  -95.099881,        1.140
   1,    4,   49.159986, -101.629744,       -0.920
   2,    4,   49.164782, -101.478121,       -0.830
   3,    4,   49.169468, -101.326482,       -0.690
   4,    4,   49.174043, -101.174827,       -0.520
   5,    4,   49.178506, -101.023157,       -0.320
   6,    4,   49.182859, -100.871472,       -0.100
   7,    4,   49.187100, -100.719771,        0.130
   8,    4,   49.191230, -100.568057,        0.300
   9,    4,   49.195249, -100.416329,        0.400
  10,    4,   49.199157, -100.264587,        0.450
  11,    4,   49.202954, -100.112832,        0.460
  12,    4,   49.206640,  -99.961064,        0.470
  13,    4,   49.210215,  -99.809283,        0.490
  14,    4,   49.213678,  -99.657491,        0.560
  15,    4,   49.217030,  -99.505687,        0.690
  16,    4,   49.220272,  -99.353871,        0.890
  17,    4,   49.223402,  -99.202045,        1.130
  18,    4,   49.226421,  -99.050208,        1.390
  19,    4,   49.229328,  -98.898361,        1.630
  20,    4,   49.232125,  -98.746504,        1.790
  21,    4,   49.234810,  -98.594637,        1.810
  22,    4,   49.237385,  -98.442762,        1.670
  23,    4,   49.239848,  -98.290878,        1.560
  24,    4,   49.242200,  -98.138986,        1.550
  25,    4,   49.244441,  -97.987086,        1.660
  26,    4,   49.246571,  -97.835178,        1.840
  27,    4,   49.248589,  -97.683264,        1.970
  28,    4,   49.250497,  -97.531342,        2.060
  29,    4,   49.252293,  -97.379414,        2.110
  30,    4,   49.253978,  -97.227480,        2.140
  31,    4,   49.255552,  -97.075541,        2.150
  32,    4,   49.257015,  -96.923596,        2.150
  33,    4,   49.258366,  -96.771647,        2.140
  34,    4,   49.259607,  -96.619693,        2.130
  35,    4,   49.260736,  -96.467735,        2.130
  36,    4,   49.261754,  -96.315774,        2.090
  37,    4,   49.262661,  -96.163809,        2.030
  38,    4,   49.263457,  -96.011841,        1.990
  39,    4,   49.264142,  -95.859870,        2.010
  40,    4,   49.264715,  -95.707898,        2.070
  41,    4,   49.265177,  -95.555923,        2.110
  42,    4,   49.265528,  -95.403948,        2.060
  43,    4,   49.265768,  -95.251971,        1.840
  44,    4,   49.265897,  -95.099993,        1.380
   1,    5,   49.259090, -101.637172,       -0.720
   2,    5,   49.263888, -101.485380,       -0.680
   3,    5,   49.268575, -101.333572,       -0.580
   4,    5,   49.273150, -101.181747,       -0.450
   5,    5,   49.277615, -101.029908,       -0.300
   6,    5,   49.281968, -100.878053,       -0.140
   7,    5,   49.286211, -100.726183,        0.020
   8,    5,   49.290342, -100.574299,        0.150
   9,    5,   49.294362, -100.422401,        0.240
  10,    5,   49.298271, -100.270489,        0.300
  11,    5,   49.302068, -100.118564,        0.350
  12,    5,   49.305755,  -99.966626,        0.410
  13,    5,   49.309330,  -99.814676,        0.480
  14,    5,   49.312795,  -99.662713,        0.580
  15,    5,   49.316148,  -99.510739,        0.720
  16,    5,   49.319390,  -99.358754,        0.910
  17,    5,   49.322521,  -99.206757,        1.150
  18,    5,   49.325540,  -99.054750,        1.410
  19,    5,   49.328449,  -98.902733,        1.630
  20,    5,   49.331246,  -98.750706,        1.760
  21,    5,   49.333932,  -98.598670,        1.700
  22,    5,   49.336507,  -98.446624,        1.580
  23,    5,   49.338971,  -98.294570,        1.530
  24,    5,   49.341323,  -98.142507,        1.590
  25,    5,   49.343565,  -97.990437,        1.750
  26,    5,   49.345695,  -97.838359,        1.900
  27,    5,   49.347714,  -97.686274,        2.000
  28,    5,   49.349622,  -97.534182,        2.060
  29,    5,   49.351419,  -97.382084,        2.070
  30,    5,   49.353104,  -97.229980,        2.060
  31,    5,   49.354678,  -97.077870,        2.020
  32,    5,   49.356142,  -96.925755,        1.980
  33,    5,   49.357493,  -96.773635,        1.950
  34,    5,   49.358734,  -96.621511,        1.960
  35,    5,   49.359864,  -96.469382,        1.990
  36,    5,   49.360882,  -96.317250,        1.970
  37,    5,   49.361789,  -96.165115,        1.940
  38,    5,   49.362585,  -96.012976,        1.930
  39,    5,   49.363270,  -95.860835,        2.000
  40,    5,   49.363843,  -95.708692,        2.080
  41,    5,   49.364306,  -95.556547,        2.160
  42,    5,   49.364657,  -95.404401,        2.160
  43,    5,   49.364897,  -95.252254,        2.000
  44,    5,   49.365026,  -95.100106,        1.640
   1,    6,   49.358106, -101.644617,       -0.550
   2,    6,   49.362905, -101.492655,       -0.540
   3,    6,   49.367593, -101.340677,       -0.490
   4,    6,   49.372169, -101.188683,       -0.410
   5,    6,   49.376635, -101.036673,       -0.320
   6,    6,   49.380990, -100.884648,       -0.210
   7,    6,   49.385233, -100.732609,       -0.090
   8,    6,   49.389365, -100.580555,        0.020
   9,    6,   49.393386, -100.428486,        0.130
  10,    6,   49.397296, -100.276405,        0.230
  11,    6,   49.401094, -100.124309,        0.340
  12,    6,   49.404782,  -99.972201,        0.430
  13,    6,   49.408358,  -99.820081,        0.530
  14,    6,   49.411823,  -99.667948,        0.630
  15,    6,   49.415177,  -99.515803,        0.750
  16,    6,   49.418420,  -99.363648,        0.930
  17,    6,   49.421551,  -99.211481,        1.160
  18,    6,   49.424571,  -99.059303,        1.390
  19,    6,   49.427481,  -98.907116,        1.590
  20,    6,   49.430279,  -98.754918,        1.670
  21,    6,   49.432965,  -98.602711,        1.590
  22,    6,   49.435541,  -98.450495,        1.520
  23,    6,   49.438005,  -98.298270,        1.520
  24,    6,   49.440358,  -98.146037,        1.630
  25,    6,   49.442600,  -97.993796,        1.800
  26,    6,   49.444731,  -97.841547,        1.930
  27,    6,   49.446750,  -97.689291,        2.020
  28,    6,   49.448659,  -97.537029,        2.050
  29,    6,   49.450456,  -97.384760,        2.030
  30,    6,   49.452142,  -97.232485,        1.970
  31,    6,   49.453716,  -97.080204,        1.880
  32,    6,   49.455180,  -96.927918,        1.790
  33,    6,   49.456532,  -96.775628,        1.730
  34,    6,   49.457773,  -96.623332,        1.750
  35,    6,   49.458903,  -96.471033,        1.800
  36,    6,   49.459921,  -96.318730,        1.820
  37,    6,   49.460829,  -96.166424,        1.840
  38,    6,   49.461625,  -96.014114,        1.900
  39,    6,   49.462310,  -95.861802,        2.000
  40,    6,   49.462883,  -95.709488,        2.110
  41,    6,   49.463346,  -95.557173,        2.200
  42,    6,   49.463697,  -95.404855,        2.220
  43,    6,   49.463937,  -95.252537,        2.040
  44,    6,   49.464066,  -95.100218,        1.870
   1,    7,   49.457033, -101.652079,       -0.410
   2,    7,   49.461833, -101.499947,       -0.440
   3,    7,   49.466522, -101.347799,       -0.420
   4,    7,   49.471100, -101.195634,       -0.380
   5,    7,   49.475567, -101.043454,       -0.330
   6,    7,   49.479922, -100.891259,       -0.250
   7,    7,   49.484166, -100.739049,       -0.150
   8,    7,   49.488300, -100.586824,       -0.040
   9,    7,   49.492321, -100.434586,        0.100
  10,    7,   49.496232, -100.282333,        0.250
  11,    7,   49.500032, -100.130068,        0.390
  12,    7,   49.503720,  -99.977789,        0.500
  13,    7,   49.507297,  -99.825498,        0.600
  14,    7,   49.510763,  -99.673194,        0.690
  15,    7,   49.514117,  -99.520879,        0.800
  16,    7,   49.517361,  -99.368552,        0.950
  17,    7,   49.520493,  -99.216215,        1.140
  18,    7,   49.523514,  -99.063866,        1.330
  19,    7,   49.526424,  -98.911508,        1.500
  20,    7,   49.529222,  -98.759139,        1.550
  21,    7,   49.531910,  -98.606761,        1.510
  22,    7,   49.534486,  -98.454374,        1.490
  23,    7,   49.536951,  -98.301978,        1.530
  24,    7,   49.539304,  -98.149574,        1.660
  25,    7,   49.541547,  -97.997162,        1.810
  26,    7,   49.543678,  -97.844742,        1.940
  27,    7,   49.545698,  -97.692315,        2.020
  28,    7,   49.547607,  -97.539882,        2.050
  29,    7,   49.549404,  -97.387442,        2.010
  30,    7,   49.551091,  -97.234995,        1.900
  31,    7,   49.552666,  -97.082544,        1.750
  32,    7,   49.554129,  -96.930086,        1.590
  33,    7,   49.555482,  -96.777625,        1.480
  34,    7,   49.556723,  -96.625158,        1.540
  35,    7,   49.557853,  -96.472687,        1.620
  36,    7,   49.558872,  -96.320213,        1.710
  37,    7,   49.559780,  -96.167735,        1.770
  38,    7,   49.560576,  -96.015255,        1.890
  39,    7,   49.561261,  -95.862772,        2.020
  40,    7,   49.561835,  -95.710286,        2.140
  41,    7,   49.562297,  -95.557799,        2.240
  42,    7,   49.562649,  -95.405311,        2.280
  43,    7,   49.562889,  -95.252821,        2.150
  44,    7,   49.563018,  -95.100331,        2.020
   1,    8,   49.555872, -101.659558,       -0.290
   2,    8,   49.560673, -101.507255,       -0.340
   3,    8,   49.565363, -101.354936,       -0.340
   4,    8,   49.569942, -101.202601,       -0.320
   5,    8,   49.574410, -101.050251,       -0.290
   6,    8,   49.578766, -100.897885,       -0.240
   7,    8,   49.583011, -100.745504,       -0.150
   8,    8,   49.587145, -100.593108,       -0.020
   9,    8,   49.591168, -100.440699,        0.140
  10,    8,   49.595080, -100.288275,        0.320
  11,    8,   49.598880, -100.135839,        0.490
  12,    8,   49.602569,  -99.983389,        0.620
  13,    8,   49.606147,  -99.830927,        0.720
  14,    8,   49.609613,  -99.678452,        0.790
  15,    8,   49.612969,  -99.525966,        0.890
  16,    8,   49.616213,  -99.373468,        1.020
  17,    8,   49.619346,  -99.220959,        1.150
  18,    8,   49.622368,  -99.068440,        1.280
  19,    8,   49.625278,  -98.915910,        1.380
  20,    8,   49.628077,  -98.763370,        1.430
  21,    8,   49.630765,  -98.610821,        1.440
  22,    8,   49.633342,  -98.458262,        1.460
  23,    8,   49.635807,  -98.305695,        1.530
  24,    8,   49.638162,  -98.153119,        1.660
  25,    8,   49.640405,  -98.000536,        1.800
  26,    8,   49.642536,  -97.847945,        1.930
  27,    8,   49.644557,  -97.695346,        2.030
  28,    8,   49.646466,  -97.542741,        2.060
  29,    8,   49.648264,  -97.390129,        1.970
  30,    8,   49.649950,  -97.237512,        1.810
  31,    8,   49.651526,  -97.084888,        1.610
  32,    8,   49.652990,  -96.932260,        1.400
  33,    8,   49.654343,  -96.779626,        1.290
  34,    8,   49.655584,  -96.626988,        1.360
  35,    8,   49.656714,  -96.474346,        1.500
  36,    8,   49.657733,  -96.321700,        1.650
  37,    8,   49.658641,  -96.169050,        1.760
  38,    8,   49.659438,  -96.016398,        1.900
  39,    8,   49.660123,  -95.863743,        2.050
  40,    8,   49.660697,  -95.711086,        2.190
  41,    8,   49.661160,  -95.558427,        2.290
  42,    8,   49.661511,  -95.405767,        2.330
  43,    8,   49.661751,  -95.253106,        2.280
  44,    8,   49.661880,  -95.100444,        2.200
   1,    9,   49.654622, -101.667053,       -0.180
   2,    9,   49.659424, -101.514580,       -0.240
   3,    9,   49.664115, -101.362090,       -0.240
   4,    9,   49.668695, -101.209584,       -0.230
   5,    9,   49.673163, -101.057062,       -0.210
   6,    9,   49.677521, -100.904525,       -0.170
   7,    9,   49.681767, -100.751973,       -0.080
   8,    9,   49.685902, -100.599406,        0.060
   9,    9,   49.689925, -100.446826,        0.250
  10,    9,   49.693838, -100.294231,        0.450
  11,    9,   49.697639, -100.141623,        0.630
  12,    9,   49.701329,  -99.989002,        0.780
  13,    9,   49.704908,  -99.836368,        0.880
  14,    9,   49.708375,  -99.683722,        0.970
  15,    9,   49.711731,  -99.531064,        1.080
  16,    9,   49.714976,  -99.378395,        1.170
  17,    9,   49.718110,  -99.225715,        1.230
  18,    9,   49.721132,  -99.073023,        1.260
  19,    9,   49.724043,  -98.920322,        1.290
  20,    9,   49.726843,  -98.767610,        1.330
  21,    9,   49.729531,  -98.614889,        1.380
  22,    9,   49.732109,  -98.462159,        1.440
  23,    9,   49.734575,  -98.309420,        1.520
  24,    9,   49.736929,  -98.156673,        1.640
  25,    9,   49.739173,  -98.003917,        1.780
  26,    9,   49.741305,  -97.851154,        1.930
  27,    9,   49.743326,  -97.698384,        2.040
  28,    9,   49.745235,  -97.545607,        2.050
  29,    9,   49.747034,  -97.392823,        1.940
  30,    9,   49.748721,  -97.240034,        1.730
  31,    9,   49.750296,  -97.087238,        1.470
  32,    9,   49.751761,  -96.934438,        1.220
  33,    9,   49.753114,  -96.781632,        1.160
  34,    9,   49.754356,  -96.628822,        1.250
  35,    9,   49.755486,  -96.476008,        1.420
  36,    9,   49.756506,  -96.323190,        1.620
  37,    9,   49.757414,  -96.170368,        1.760
  38,    9,   49.758210,  -96.017544,        1.920
  39,    9,   49.758896,  -95.864717,        2.090
  40,    9,   49.759470,  -95.711888,        2.250
  41,    9,   49.759932,  -95.559057,        2.350
  42,    9,   49.760284,  -95.406224,        2.370
  43,    9,   49.760524,  -95.253391,        2.340
  44,    9,   49.760653,  -95.100557,        2.270
   1,   10,   49.753282, -101.674565,       -0.060
   2,   10,   49.758085, -101.521921,       -0.130
   3,   10,   49.762777, -101.369259,       -0.130
   4,   10,   49.767358, -101.216582,       -0.120
   5,   10,   49.771827, -101.063889,       -0.100
   6,   10,   49.776186, -100.911180,       -0.050
   7,   10,   49.780433, -100.758457,        0.060
   8,   10,   49.784569, -100.605719,        0.220
   9,   10,   49.788593, -100.452966,        0.430
  10,   10,   49.792507, -100.300200,        0.650
  11,   10,   49.796309, -100.147420,        0.840
  12,   10,   49.799999,  -99.994627,        0.980
  13,   10,   49.803579,  -99.841822,        1.100
  14,   10,   49.807047,  -99.689004,        1.200
  15,   10,   49.810404,  -99.536174,        1.300
  16,   10,   49.813649,  -99.383333,        1.350
  17,   10,   49.816784,  -99.230481,        1.350
  18,   10,   49.819807,  -99.077617,        1.280
  19,   10,   49.822718,  -98.924744,        1.240
  20,   10,   49.825519,  -98.771860,        1.250
  21,   10,   49.828208,  -98.618967,        1.310
  22,   10,   49.830786,  -98.466065,        1.390
  23,   10,   49.833252,  -98.313154,        1.470
  24,   10,   49.835607,  -98.160234,        1.600
  25,   10,   49.837851,  -98.007306,        1.760
  26,   10,   49.839984,  -97.854371,        1.940
  27,   10,   49.842005,  -97.701429,        2.090
  28,   10,   49.843915,  -97.548479,        2.060
  29,   10,   49.845714,  -97.395523,        1.910
  30,   10,   49.847401,  -97.242561,        1.650
  31,   10,   49.848977,  -97.089593,        1.330
  32,   10,   49.850442,  -96.936620,        1.100
  33,   10,   49.851796,  -96.783642,        1.060
  34,   10,   49.853038,  -96.630660,        1.170
  35,   10,   49.854168,  -96.477673,        1.390
  36,   10,   49.855188,  -96.324683,        1.630
  37,   10,   49.856096,  -96.171689,        1.800
  38,   10,   49.856893,  -96.018692,        1.980
  39,   10,   49.857578,  -95.865693,        2.140
  40,   10,   49.858153,  -95.712691,        2.290
  41,   10,   49.858615,  -95.559688,        2.380
  42,   10,   49.858967,  -95.406683,        2.400
  43,   10,   49.859207,  -95.253677,        2.350
  44,   10,   49.859336,  -95.100671,        2.290
   1,   11,   49.851852, -101.682094,        0.040
   2,   11,   49.856656, -101.529278,       -0.020
   3,   11,   49.861349, -101.376445,       -0.030
   4,   11,   49.865931, -101.223596,       -0.010
   5,   11,   49.870402, -101.070731,        0.050
   6,   11,   49.874761, -100.917851,        0.150
   7,   11,   49.879009, -100.764955,        0.290
   8,   11,   49.883146, -100.612045,        0.490
   9,   11,   49.887171, -100.459121,        0.710
  10,   11,   49.891085, -100.306182,        0.930
  11,   11,   49.894888, -100.153230,        1.120
  12,   11,   49.898580, -100.000265,        1.260
  13,   11,   49.902160,  -99.847288,        1.350
  14,   11,   49.905629,  -99.694298,        1.430
  15,   11,   49.908986,  -99.541296,        1.480
  16,   11,   49.912233,  -99.388282,        1.480
  17,   11,   49.915368,  -99.235257,        1.400
  18,   11,   49.918391,  -99.082222,        1.270
  19,   11,   49.921304,  -98.929176,        1.170
  20,   11,   49.924105,  -98.776120,        1.150
  21,   11,   49.926794,  -98.623054,        1.200
  22,   11,   49.929373,  -98.469979,        1.280
  23,   11,   49.931840,  -98.316896,        1.390
  24,   11,   49.934196,  -98.163803,        1.540
  25,   11,   49.936440,  -98.010703,        1.750
  26,   11,   49.938573,  -97.857595,        1.980
  27,   11,   49.940595,  -97.704480,        2.140
  28,   11,   49.942505,  -97.551358,        2.100
  29,   11,   49.944304,  -97.398229,        1.910
  30,   11,   49.945992,  -97.245095,        1.590
  31,   11,   49.947568,  -97.091954,        1.210
  32,   11,   49.949033,  -96.938808,        0.990
  33,   11,   49.950387,  -96.785657,        0.970
  34,   11,   49.951630,  -96.632502,        1.120
  35,   11,   49.952761,  -96.479343,        1.400
  36,   11,   49.953780,  -96.326179,        1.670
  37,   11,   49.954689,  -96.173013,        1.880
  38,   11,   49.955486,  -96.019843,        2.060
  39,   11,   49.956171,  -95.866671,        2.230
  40,   11,   49.956746,  -95.713496,        2.350
  41,   11,   49.957209,  -95.560320,        2.430
  42,   11,   49.957560,  -95.407142,        2.430
  43,   11,   49.957800,  -95.253964,        2.380
  44,   11,   49.957929,  -95.100784,        2.320
   1,   12,   49.950332, -101.689641,        0.110
   2,   12,   49.955138, -101.536652,        0.060
   3,   12,   49.959832, -101.383647,        0.060
   4,   12,   49.964415, -101.230626,        0.120
   5,   12,   49.968886, -101.077589,        0.240
   6,   12,   49.973246, -100.924536,        0.410
   7,   12,   49.977495, -100.771468,        0.620
   8,   12,   49.981633, -100.618386,        0.850
   9,   12,   49.985659, -100.465289,        1.080
  10,   12,   49.989574, -100.312178,        1.290
  11,   12,   49.993378, -100.159054,        1.460
  12,   12,   49.997070, -100.005916,        1.580
  13,   12,   50.000651,  -99.852766,        1.630
  14,   12,   50.004121,  -99.699603,        1.650
  15,   12,   50.007479,  -99.546429,        1.630
  16,   12,   50.010726,  -99.393242,        1.550
  17,   12,   50.013861,  -99.240045,        1.410
  18,   12,   50.016886,  -99.086837,        1.230
  19,   12,   50.019799,  -98.933618,        1.090
  20,   12,   50.022600,  -98.780389,        0.990
  21,   12,   50.025291,  -98.627150,        0.920
  22,   12,   50.027870,  -98.473903,        0.980
  23,   12,   50.030337,  -98.320646,        1.150
  24,   12,   50.032693,  -98.167381,        1.390
  25,   12,   50.034938,  -98.014108,        1.700
  26,   12,   50.037072,  -97.860827,        2.050
  27,   12,   50.039094,  -97.707538,        2.230
  28,   12,   50.041005,  -97.554243,        2.200
  29,   12,   50.042804,  -97.400941,        1.970
  30,   12,   50.044492,  -97.247634,        1.580
  31,   12,   50.046069,  -97.094320,        1.140
  32,   12,   50.047534,  -96.941001,        0.910
  33,   12,   50.048888,  -96.787677,        0.900
  34,   12,   50.050131,  -96.634349,        1.100
  35,   12,   50.051262,  -96.481016,        1.460
  36,   12,   50.052282,  -96.327679,        1.760
  37,   12,   50.053191,  -96.174340,        1.990
  38,   12,   50.053988,  -96.020997,        2.170
  39,   12,   50.054674,  -95.867651,        2.330
  40,   12,   50.055248,  -95.714303,        2.440
  41,   12,   50.055711,  -95.560954,        2.490
  42,   12,   50.056063,  -95.407603,        2.490
  43,   12,   50.056303,  -95.254251,        2.440
  44,   12,   50.056432,  -95.100898,        2.400
   1,   13,   50.048722, -101.697204,        0.160
   2,   13,   50.053529, -101.544043,        0.130
   3,   13,   50.058224, -101.390865,        0.160
   4,   13,   50.062807, -101.237672,        0.280
   5,   13,   50.067280, -101.084462,        0.470
   6,   13,   50.071641, -100.931237,        0.720
   7,   13,   50.075891, -100.777996,        0.980
   8,   13,   50.080029, -100.624741,        1.230
   9,   13,   50.084056, -100.471471,        1.480
  10,   13,   50.087972, -100.318188,        1.690
  11,   13,   50.091777, -100.164890,        1.850
  12,   13,   50.095470, -100.011580,        1.940
  13,   13,   50.099051,  -99.858257,        1.930
  14,   13,   50.102522,  -99.704921,        1.860
  15,   13,   50.105881,  -99.551573,        1.740
  16,   13,   50.109128,  -99.398214,        1.580
  17,   13,   50.112265,  -99.244843,        1.380
  18,   13,   50.115290,  -99.091462,        1.200
  19,   13,   50.118203,  -98.938070,        1.020
  20,   13,   50.121005,  -98.784668,        0.790
  21,   13,   50.123696,  -98.631256,        0.490
  22,   13,   50.126276,  -98.477835,        0.420
  23,   13,   50.128744,  -98.324405,        0.580
  24,   13,   50.131101,  -98.170966,        0.960
  25,   13,   50.133346,  -98.017520,        1.530
  26,   13,   50.135480,  -97.864065,        2.100
  27,   13,   50.137502,  -97.710604,        2.370
  28,   13,   50.139414,  -97.557135,        2.360
  29,   13,   50.141214,  -97.403660,        2.100
  30,   13,   50.142902,  -97.250178,        1.620
  31,   13,   50.144479,  -97.096691,        1.120
  32,   13,   50.145945,  -96.943199,        0.850
  33,   13,   50.147299,  -96.789701,        0.850
  34,   13,   50.148542,  -96.636199,        1.110
  35,   13,   50.149673,  -96.482693,        1.540
  36,   13,   50.150694,  -96.329183,        1.890
  37,   13,   50.151602,  -96.175669,        2.140
  38,   13,   50.152400,  -96.022153,        2.310
  39,   13,   50.153086,  -95.868634,        2.460
  40,   13,   50.153660,  -95.715112,        2.540
  41,   13,   50.154123,  -95.561589,        2.580
  42,   13,   50.154475,  -95.408065,        2.560
  43,   13,   50.154715,  -95.254539,        2.510
  44,   13,   50.154844,  -95.101013,        2.490
   1,   14,   50.147021, -101.704784,        0.210
   2,   14,   50.151829, -101.551450,        0.190
   3,   14,   50.156525, -101.398100,        0.270
   4,   14,   50.161110, -101.244733,        0.460
   5,   14,   50.165583, -101.091351,        0.720
   6,   14,   50.169945, -100.937952,        1.020
   7,   14,   50.174196, -100.784539,        1.310
   8,   14,   50.178335, -100.631110,        1.590
   9,   14,   50.182363, -100.477668,        1.850
  10,   14,   50.186279, -100.324211,        2.080
  11,   14,   50.190085, -100.170740,        2.260
  12,   14,   50.193779, -100.017257,        2.320
  13,   14,   50.197361,  -99.863760,        2.250
  14,   14,   50.200832,  -99.710251,        2.080
  15,   14,   50.204192,  -99.556730,        1.830
  16,   14,   50.207440,  -99.403197,        1.550
  17,   14,   50.210577,  -99.249653,        1.340
  18,   14,   50.213603,  -99.096097,        1.190
  19,   14,   50.216517,  -98.942532,        1.010
  20,   14,   50.219320,  -98.788956,        0.680
  21,   14,   50.222011,  -98.635371,        0.150
  22,   14,   50.224591,  -98.481776,       -0.120
  23,   14,   50.227060,  -98.328172,        0.000
  24,   14,   50.229417,  -98.174560,        0.520
  25,   14,   50.231663,  -98.020940,        1.430
  26,   14,   50.233797,  -97.867311,        2.190
  27,   14,   50.235820,  -97.713676,        2.560
  28,   14,   50.237732,  -97.560033,        2.570
  29,   14,   50.239532,  -97.406384,        2.280
  30,   14,   50.241221,  -97.252729,        1.710
  31,   14,   50.242798,  -97.099068,        1.120
  32,   14,   50.244264,  -96.945401,        0.790
  33,   14,   50.245619,  -96.791730,        0.800
  34,   14,   50.246862,  -96.638054,        1.200
  35,   14,   50.247994,  -96.484374,        1.670
  36,   14,   50.249014,  -96.330690,        2.030
  37,   14,   50.249923,  -96.177002,        2.270
  38,   14,   50.250720,  -96.023312,        2.440
  39,   14,   50.251406,  -95.869618,        2.570
  40,   14,   50.251981,  -95.715923,        2.660
  41,   14,   50.252444,  -95.562226,        2.680
  42,   14,   50.252796,  -95.408527,        2.650
  43,   14,   50.253037,  -95.254827,        2.590
  44,   14,   50.253166,  -95.101127,        2.570
   1,   15,   50.245229, -101.712381,        0.210
   2,   15,   50.250038, -101.558875,        0.230
   3,   15,   50.254735, -101.405351,        0.390
   4,   15,   50.259321, -101.251811,        0.650
   5,   15,   50.263795, -101.098255,        0.960
   6,   15,   50.268158, -100.944683,        1.290
   7,   15,   50.272409, -100.791096,        1.600
   8,   15,   50.276550, -100.637494,        1.880
   9,   15,   50.280578, -100.483878,        2.150
  10,   15,   50.284496, -100.330247,        2.400
  11,   15,   50.288302, -100.176603,        2.610
  12,   15,   50.291996, -100.022946,        2.680
  13,   15,   50.295580,  -99.869275,        2.560
  14,   15,   50.299051,  -99.715593,        2.280
  15,   15,   50.302412,  -99.561898,        1.870
  16,   15,   50.305661,  -99.408191,        1.440
  17,   15,   50.308798,  -99.254473,        1.210
  18,   15,   50.311825,  -99.100744,        1.100
  19,   15,   50.314739,  -98.947004,        0.970
  20,   15,   50.317543,  -98.793254,        0.610
  21,   15,   50.320235,  -98.639495,       -0.080
  22,   15,   50.322815,  -98.485726,       -0.450
  23,   15,   50.325284,  -98.331948,       -0.290
  24,   15,   50.327642,  -98.178162,        0.430
  25,   15,   50.329888,  -98.024367,        1.540
  26,   15,   50.332023,  -97.870565,        2.350
  27,   15,   50.334047,  -97.716755,        2.750
  28,   15,   50.335958,  -97.562938,        2.780
  29,   15,   50.337759,  -97.409115,        2.500
  30,   15,   50.339448,  -97.255285,        1.870
  31,   15,   50.341026,  -97.101450,        1.190
  32,   15,   50.342492,  -96.947609,        0.740
  33,   15,   50.343847,  -96.793763,        0.740
  34,   15,   50.345090,  -96.639913,        1.230
  35,   15,   50.346222,  -96.486058,        1.730
  36,   15,   50.347243,  -96.332200,        2.100
  37,   15,   50.348152,  -96.178338,        2.330
  38,   15,   50.348950,  -96.024473,        2.500
  39,   15,   50.349636,  -95.870605,        2.640
  40,   15,   50.350211,  -95.716736,        2.720
  41,   15,   50.350674,  -95.562864,        2.750
  42,   15,   50.351026,  -95.408991,        2.730
  43,   15,   50.351266,  -95.255117,        2.680
  44,   15,   50.351396,  -95.101242,        2.650
   1,   16,   50.343346, -101.719996,        0.180
   2,   16,   50.348156, -101.566316,        0.270
   3,   16,   50.352854, -101.412619,        0.520
   4,   16,   50.357440, -101.258905,        0.840
   5,   16,   50.361916, -101.105175,        1.200
   6,   16,   50.366279, -100.951429,        1.540
   7,   16,   50.370532, -100.797669,        1.840
   8,   16,   50.374673, -100.643893,        2.110
   9,   16,   50.378702, -100.490102,        2.380
  10,   16,   50.382621, -100.336298,        2.640
  11,   16,   50.386427, -100.182480,        2.890
  12,   16,   50.390123, -100.028648,        2.960
  13,   16,   50.393707,  -99.874804,        2.790
  14,   16,   50.397179,  -99.720947,        2.360
  15,   16,   50.400540,  -99.567077,        1.730
  16,   16,   50.403790,  -99.413196,        1.180
  17,   16,   50.406928,  -99.259304,        0.930
  18,   16,   50.409955,  -99.105400,        0.840
  19,   16,   50.412870,  -98.951486,        0.710
  20,   16,   50.415674,  -98.797562,        0.220
  21,   16,   50.418367,  -98.643628,       -0.440
  22,   16,   50.420948,  -98.489685,       -0.690
  23,   16,   50.423417,  -98.335733,       -0.340
  24,   16,   50.425776,  -98.181772,        0.640
  25,   16,   50.428022,  -98.027803,        1.770
  26,   16,   50.430158,  -97.873826,        2.530
  27,   16,   50.432181,  -97.719841,        2.920
  28,   16,   50.434094,  -97.565850,        2.970
  29,   16,   50.435895,  -97.411852,        2.660
  30,   16,   50.437584,  -97.257848,        1.990
  31,   16,   50.439162,  -97.103837,        1.210
  32,   16,   50.440629,  -96.949822,        0.630
  33,   16,   50.441984,  -96.795801,        0.620
  34,   16,   50.443227,  -96.641776,        1.150
  35,   16,   50.444360,  -96.487747,        1.660
  36,   16,   50.445380,  -96.333714,        2.060
  37,   16,   50.446290,  -96.179677,        2.340
  38,   16,   50.447088,  -96.025637,        2.550
  39,   16,   50.447774,  -95.871595,        2.700
  40,   16,   50.448349,  -95.717550,        2.780
  41,   16,   50.448812,  -95.563504,        2.800
  42,   16,   50.449164,  -95.409456,        2.780
  43,   16,   50.449405,  -95.255407,        2.750
  44,   16,   50.449534,  -95.101357,        2.710
   1,   17,   50.441372, -101.727628,        0.190
   2,   17,   50.446182, -101.573774,        0.370
   3,   17,   50.450881, -101.419903,        0.670
   4,   17,   50.455468, -101.266015,        1.040
   5,   17,   50.459945, -101.112111,        1.410
   6,   17,   50.464309, -100.958191,        1.760
   7,   17,   50.468562, -100.804256,        2.040
   8,   17,   50.472704, -100.650306,        2.280
   9,   17,   50.476735, -100.496341,        2.510
  10,   17,   50.480654, -100.342362,        2.750
  11,   17,   50.484461, -100.188369,        2.990
  12,   17,   50.488157, -100.034363,        3.060
  13,   17,   50.491742,  -99.880344,        2.810
  14,   17,   50.495215,  -99.726313,        2.210
  15,   17,   50.498577,  -99.572269,        1.350
  16,   17,   50.501827,  -99.418213,        0.760
  17,   17,   50.504966,  -99.264146,        0.530
  18,   17,   50.507993,  -99.110068,        0.480
  19,   17,   50.510909,  -98.955979,        0.350
  20,   17,   50.513714,  -98.801880,       -0.290
  21,   17,   50.516407,  -98.647771,       -0.890
  22,   17,   50.518989,  -98.493653,       -0.940
  23,   17,   50.521459,  -98.339526,       -0.300
  24,   17,   50.523817,  -98.185390,        0.940
  25,   17,   50.526064,  -98.031246,        2.020
  26,   17,   50.528200,  -97.877094,        2.730
  27,   17,   50.530224,  -97.722934,        3.090
  28,   17,   50.532137,  -97.568768,        3.130
  29,   17,   50.533938,  -97.414595,        2.740
  30,   17,   50.535628,  -97.260416,        1.970
  31,   17,   50.537207,  -97.106230,        1.100
  32,   17,   50.538673,  -96.952040,        0.410
  33,   17,   50.540029,  -96.797844,        0.470
  34,   17,   50.541273,  -96.643644,        0.970
  35,   17,   50.542405,  -96.489439,        1.540
  36,   17,   50.543426,  -96.335231,        2.060
  37,   17,   50.544336,  -96.181019,        2.430
  38,   17,   50.545133,  -96.026804,        2.680
  39,   17,   50.545820,  -95.872586,        2.820
  40,   17,   50.546395,  -95.718366,        2.870
  41,   17,   50.546859,  -95.564145,        2.870
  42,   17,   50.547211,  -95.409921,        2.830
  43,   17,   50.547451,  -95.255697,        2.800
  44,   17,   50.547580,  -95.101472,        2.760
   1,   18,   50.539305, -101.735277,        0.250
   2,   18,   50.544116, -101.581249,        0.500
   3,   18,   50.548816, -101.427203,        0.840
   4,   18,   50.553405, -101.273141,        1.220
   5,   18,   50.557882, -101.119062,        1.610
   6,   18,   50.562247, -100.964968,        1.950
   7,   18,   50.566501, -100.810858,        2.200
   8,   18,   50.570644, -100.656733,        2.380
   9,   18,   50.574675, -100.502594,        2.530
  10,   18,   50.578595, -100.348440,        2.700
  11,   18,   50.582403, -100.194273,        2.880
  12,   18,   50.586100, -100.040092,        2.880
  13,   18,   50.589685,  -99.885898,        2.560
  14,   18,   50.593159,  -99.731691,        1.800
  15,   18,   50.596522,  -99.577472,        0.840
  16,   18,   50.599772,  -99.423241,        0.300
  17,   18,   50.602912,  -99.268999,        0.110
  18,   18,   50.605940,  -99.114746,        0.050
  19,   18,   50.608856,  -98.960482,       -0.220
  20,   18,   50.611662,  -98.806208,       -0.840
  21,   18,   50.614355,  -98.651924,       -1.180
  22,   18,   50.616937,  -98.497630,       -0.960
  23,   18,   50.619408,  -98.343328,       -0.010
  24,   18,   50.621767,  -98.189016,        1.290
  25,   18,   50.624014,  -98.034697,        2.290
  26,   18,   50.626151,  -97.880369,        2.940
  27,   18,   50.628175,  -97.726035,        3.240
  28,   18,   50.630088,  -97.571693,        3.220
  29,   18,   50.631890,  -97.417344,        2.770
  30,   18,   50.633580,  -97.262989,        1.950
  31,   18,   50.635159,  -97.108629,        1.000
  32,   18,   50.636626,  -96.954263,        0.280
  33,   18,   50.637982,  -96.799891,        0.350
  34,   18,   50.639226,  -96.645515,        0.800
  35,   18,   50.640358,  -96.491135,        1.440
  36,   18,   50.641379,  -96.336751,        2.130
  37,   18,   50.642289,  -96.182364,        2.570
  38,   18,   50.643087,  -96.027973,        2.830
  39,   18,   50.643774,  -95.873580,        2.950
  40,   18,   50.644349,  -95.719184,        2.960
  41,   18,   50.644813,  -95.564787,        2.930
  42,   18,   50.645165,  -95.410388,        2.890
  43,   18,   50.645405,  -95.255988,        2.840
  44,   18,   50.645535,  -95.101588,        2.800
   1,   19,   50.637146, -101.742944,        0.370
   2,   19,   50.641958, -101.588741,        0.670
   3,   19,   50.646659, -101.434520,        1.040
   4,   19,   50.651248, -101.280283,        1.440
   5,   19,   50.655726, -101.126029,        1.820
   6,   19,   50.660093, -100.971760,        2.120
   7,   19,   50.664348, -100.817475,        2.300
   8,   19,   50.668491, -100.663175,        2.400
   9,   19,   50.672523, -100.508861,        2.450
  10,   19,   50.676444, -100.354532,        2.550
  11,   19,   50.680253, -100.200189,        2.630
  12,   19,   50.683950, -100.045833,        2.520
  13,   19,   50.687536,  -99.891464,        2.090
  14,   19,   50.691011,  -99.737081,        1.250
  15,   19,   50.694374,  -99.582687,        0.400
  16,   19,   50.697625,  -99.428281,       -0.040
  17,   19,   50.700765,  -99.273863,       -0.210
  18,   19,   50.703794,  -99.119434,       -0.350
  19,   19,   50.706711,  -98.964995,       -0.840
  20,   19,   50.709517,  -98.810545,       -1.280
  21,   19,   50.712211,  -98.656085,       -1.240
  22,   19,   50.714793,  -98.501616,       -0.590
  23,   19,   50.717264,  -98.347138,        0.610
  24,   19,   50.719624,  -98.192651,        1.750
  25,   19,   50.721872,  -98.038156,        2.600
  26,   19,   50.724009,  -97.883653,        3.120
  27,   19,   50.726034,  -97.729142,        3.350
  28,   19,   50.727947,  -97.574624,        3.250
  29,   19,   50.729749,  -97.420100,        2.820
  30,   19,   50.731439,  -97.265569,        2.090
  31,   19,   50.733018,  -97.111032,        1.170
  32,   19,   50.734486,  -96.956490,        0.490
  33,   19,   50.735842,  -96.801943,        0.400
  34,   19,   50.737086,  -96.647391,        0.760
  35,   19,   50.738219,  -96.492835,        1.420
  36,   19,   50.739240,  -96.338275,        2.180
  37,   19,   50.740150,  -96.183712,        2.640
  38,   19,   50.740948,  -96.029145,        2.920
  39,   19,   50.741635,  -95.874576,        3.040
  40,   19,   50.742210,  -95.720004,        3.030
  41,   19,   50.742674,  -95.565431,        2.980
  42,   19,   50.743026,  -95.410856,        2.930
  43,   19,   50.743267,  -95.256280,        2.890
  44,   19,   50.743396,  -95.101704,        2.850
   1,   20,   50.734895, -101.750628,        0.500
   2,   20,   50.739708, -101.596250,        0.860
   3,   20,   50.744409, -101.441854,        1.260
   4,   20,   50.749000, -101.287441,        1.680
   5,   20,   50.753478, -101.133013,        2.020
   6,   20,   50.757846, -100.978568,        2.230
   7,   20,   50.762101, -100.824108,        2.310
   8,   20,   50.766246, -100.669632,        2.330
   9,   20,   50.770278, -100.515142,        2.330
  10,   20,   50.774200, -100.360638,        2.380
  11,   20,   50.778009, -100.206119,        2.350
  12,   20,   50.781708, -100.051587,        2.100
  13,   20,   50.785294,  -99.897042,        1.560
  14,   20,   50.788770,  -99.742484,        0.730
  15,   20,   50.792133,  -99.587914,        0.090
  16,   20,   50.795386,  -99.433332,       -0.190
  17,   20,   50.798526,  -99.278738,       -0.310
  18,   20,   50.801555,  -99.124134,       -0.520
  19,   20,   50.804473,  -98.969518,       -1.030
  20,   20,   50.807279,  -98.814892,       -1.190
  21,   20,   50.809974,  -98.660257,       -0.830
  22,   20,   50.812557,  -98.505611,        0.070
  23,   20,   50.815028,  -98.350957,        1.240
  24,   20,   50.817388,  -98.196294,        2.180
  25,   20,   50.819637,  -98.041623,        2.850
  26,   20,   50.821774,  -97.886943,        3.240
  27,   20,   50.823799,  -97.732256,        3.360
  28,   20,   50.825713,  -97.577562,        3.220
  29,   20,   50.827515,  -97.422862,        2.800
  30,   20,   50.829206,  -97.268155,        2.100
  31,   20,   50.830785,  -97.113442,        1.180
  32,   20,   50.832253,  -96.958723,        0.610
  33,   20,   50.833609,  -96.804000,        0.490
  34,   20,   50.834854,  -96.649272,        0.800
  35,   20,   50.835987,  -96.494539,        1.470
  36,   20,   50.837008,  -96.339803,        2.220
  37,   20,   50.837918,  -96.185063,        2.700
  38,   20,   50.838717,  -96.030320,        2.980
  39,   20,   50.839404,  -95.875574,        3.090
  40,   20,   50.839979,  -95.720826,        3.080
  41,   20,   50.840443,  -95.566076,        3.030
  42,   20,   50.840795,  -95.411325,        2.980
  43,   20,   50.841036,  -95.256573,        2.930
  44,   20,   50.841165,  -95.101820,        2.880
   1,   21,   50.832550, -101.758330,        0.640
   2,   21,   50.837364, -101.603776,        1.040
   3,   21,   50.842067, -101.449204,        1.490
   4,   21,   50.846658, -101.294616,        1.920
   5,   21,   50.851138, -101.140012,        2.210
   6,   21,   50.855506, -100.985391,        2.310
   7,   21,   50.859762, -100.830755,        2.310
   8,   21,   50.863907, -100.676104,        2.290
   9,   21,   50.867941, -100.521438,        2.300
  10,   21,   50.871863, -100.366757,        2.290
  11,   21,   50.875673, -100.212063,        2.120
  12,   21,   50.879372, -100.057355,        1.710
  13,   21,   50.882960,  -99.902633,        1.050
  14,   21,   50.886436,  -99.747899,        0.360
  15,   21,   50.889800,  -99.593153,       -0.040
  16,   21,   50.893053,  -99.438395,       -0.180
  17,   21,   50.896194,  -99.283625,       -0.200
  18,   21,   50.899224,  -99.128844,       -0.410
  19,   21,   50.902142,  -98.974052,       -0.690
  20,   21,   50.904949,  -98.819250,       -0.620
  21,   21,   50.907644,  -98.664438,       -0.110
  22,   21,   50.910227,  -98.509616,        0.790
  23,   21,   50.912699,  -98.354785,        1.740
  24,   21,   50.915060,  -98.199945,        2.500
  25,   21,   50.917309,  -98.045097,        3.030
  26,   21,   50.919446,  -97.890241,        3.300
  27,   21,   50.921472,  -97.735378,        3.320
  28,   21,   50.923386,  -97.580507,        3.130
  29,   21,   50.925189,  -97.425630,        2.650
  30,   21,   50.926880,  -97.270746,        1.840
  31,   21,   50.928459,  -97.115857,        0.860
  32,   21,   50.929927,  -96.960961,        0.400
  33,   21,   50.931284,  -96.806061,        0.400
  34,   21,   50.932528,  -96.651156,        0.810
  35,   21,   50.933662,  -96.496247,        1.550
  36,   21,   50.934683,  -96.341334,        2.290
  37,   21,   50.935594,  -96.186417,        2.780
  38,   21,   50.936392,  -96.031497,        3.040
  39,   21,   50.937079,  -95.876575,        3.130
  40,   21,   50.937655,  -95.721650,        3.110
  41,   21,   50.938119,  -95.566723,        3.070
  42,   21,   50.938471,  -95.411795,        3.020
  43,   21,   50.938712,  -95.256866,        2.970
  44,   21,   50.938841,  -95.101936,        2.920
   1,   22,   50.930113, -101.766049,        0.770
   2,   22,   50.934928, -101.611319,        1.210
   3,   22,   50.939631, -101.456572,        1.700
   4,   22,   50.944223, -101.301807,        2.180
   5,   22,   50.948704, -101.147027,        2.460
   6,   22,   50.953073, -100.992230,        2.550
   7,   22,   50.957330, -100.837418,        2.530
   8,   22,   50.961476, -100.682590,        2.460
   9,   22,   50.965510, -100.527748,        2.440
  10,   22,   50.969433, -100.372891,        2.290
  11,   22,   50.973244, -100.218020,        1.910
  12,   22,   50.976944, -100.063135,        1.270
  13,   22,   50.980532,  -99.908238,        0.480
  14,   22,   50.984008,  -99.753327,       -0.010
  15,   22,   50.987373,  -99.598404,       -0.160
  16,   22,   50.990627,  -99.443469,       -0.110
  17,   22,   50.993768,  -99.288522,       -0.030
  18,   22,   50.996799,  -99.133565,       -0.210
  19,   22,   50.999718,  -98.978596,       -0.280
  20,   22,   51.002525,  -98.823617,       -0.080
  21,   22,   51.005220,  -98.668628,        0.490
  22,   22,   51.007804,  -98.513629,        1.310
  23,   22,   51.010277,  -98.358622,        2.090
  24,   22,   51.012638,  -98.203605,        2.710
  25,   22,   51.014887,  -98.048580,        3.120
  26,   22,   51.017025,  -97.893547,        3.270
  27,   22,   51.019051,  -97.738507,        3.240
  28,   22,   51.020965,  -97.583459,        3.000
  29,   22,   51.022768,  -97.428404,        2.460
  30,   22,   51.024460,  -97.273344,        1.540
  31,   22,   51.026040,  -97.118277,        0.610
  32,   22,   51.027508,  -96.963205,        0.200
  33,   22,   51.028865,  -96.808127,        0.280
  34,   22,   51.030110,  -96.653045,        0.770
  35,   22,   51.031243,  -96.497959,        1.640
  36,   22,   51.032265,  -96.342868,        2.390
  37,   22,   51.033175,  -96.187774,        2.860
  38,   22,   51.033974,  -96.032677,        3.080
  39,   22,   51.034661,  -95.877578,        3.140
  40,   22,   51.035237,  -95.722476,        3.130
  41,   22,   51.035701,  -95.567372,        3.100
  42,   22,   51.036053,  -95.412266,        3.060
  43,   22,   51.036294,  -95.257160,        3.020
  44,   22,   51.036423,  -95.102053,        2.970
   1,   23,   51.027582, -101.773786,        0.880
   2,   23,   51.032398, -101.618880,        1.350
   3,   23,   51.037102, -101.463956,        1.880
   4,   23,   51.041695, -101.309015,        2.380
   5,   23,   51.046176, -101.154058,        2.690
   6,   23,   51.050546, -100.999085,        2.840
   7,   23,   51.054804, -100.844096,        2.870
   8,   23,   51.058951, -100.689091,        2.820
   9,   23,   51.062986, -100.534072,        2.660
  10,   23,   51.066909, -100.379038,        2.290
  11,   23,   51.070721, -100.223991,        1.630
  12,   23,   51.074421, -100.068929,        0.680
  13,   23,   51.078010,  -99.913855,       -0.170
  14,   23,   51.081487,  -99.758767,       -0.440
  15,   23,   51.084853,  -99.603667,       -0.340
  16,   23,   51.088107,  -99.448555,       -0.070
  17,   23,   51.091249,  -99.293431,        0.000
  18,   23,   51.094280,  -99.138296,       -0.210
  19,   23,   51.097199,  -98.983150,       -0.240
  20,   23,   51.100007,  -98.827994,        0.060
  21,   23,   51.102703,  -98.672828,        0.780
  22,   23,   51.105288,  -98.517652,        1.580
  23,   23,   51.107761,  -98.362467,        2.260
  24,   23,   51.110122,  -98.207273,        2.770
  25,   23,   51.112372,  -98.052071,        3.080
  26,   23,   51.114510,  -97.896860,        3.150
  27,   23,   51.116536,  -97.741642,        3.110
  28,   23,   51.118451,  -97.586417,        2.850
  29,   23,   51.120255,  -97.431185,        2.300
  30,   23,   51.121946,  -97.275947,        1.330
  31,   23,   51.123526,  -97.120703,        0.420
  32,   23,   51.124995,  -96.965453,       -0.060
  33,   23,   51.126352,  -96.810198,       -0.010
  34,   23,   51.127597,  -96.654938,        0.670
  35,   23,   51.128731,  -96.499674,        1.700
  36,   23,   51.129753,  -96.344406,        2.460
  37,   23,   51.130664,  -96.189135,        2.910
  38,   23,   51.131462,  -96.033860,        3.080
  39,   23,   51.132150,  -95.878583,        3.130
  40,   23,   51.132725,  -95.723303,        3.140
  41,   23,   51.133189,  -95.568021,        3.120
  42,   23,   51.133542,  -95.412738,        3.090
  43,   23,   51.133783,  -95.257454,        3.060
  44,   23,   51.133912,  -95.102170,        3.020
   1,   24,   51.124958, -101.781541,        0.990
   2,   24,   51.129774, -101.626458,        1.470
   3,   24,   51.134480, -101.471357,        2.000
   4,   24,   51.139073, -101.316239,        2.460
   5,   24,   51.143555, -101.161105,        2.770
   6,   24,   51.147926, -101.005955,        2.940
   7,   24,   51.152185, -100.850789,        2.980
   8,   24,   51.156332, -100.695607,        2.910
   9,   24,   51.160368, -100.540411,        2.650
  10,   24,   51.164292, -100.385200,        2.090
  11,   24,   51.168104, -100.229975,        1.180
  12,   24,   51.171805, -100.074736,        0.000
  13,   24,   51.175395,  -99.919484,       -0.680
  14,   24,   51.178873,  -99.764219,       -0.720
  15,   24,   51.182239,  -99.608942,       -0.400
  16,   24,   51.185493,  -99.453652,       -0.040
  17,   24,   51.188636,  -99.298351,       -0.150
  18,   24,   51.191668,  -99.143039,       -0.400
  19,   24,   51.194588,  -98.987715,       -0.420
  20,   24,   51.197396,  -98.832381,        0.010
  21,   24,   51.200092,  -98.677038,        0.900
  22,   24,   51.202677,  -98.521684,        1.680
  23,   24,   51.205151,  -98.366321,        2.290
  24,   24,   51.207512,  -98.210949,        2.710
  25,   24,   51.209762,  -98.055569,        2.930
  26,   24,   51.211901,  -97.900181,        2.990
  27,   24,   51.213928,  -97.744785,        2.940
  28,   24,   51.215843,  -97.589382,        2.680
  29,   24,   51.217647,  -97.433973,        2.170
  30,   24,   51.219339,  -97.278556,        1.170
  31,   24,   51.220919,  -97.123134,        0.210
  32,   24,   51.222388,  -96.967706,       -0.390
  33,   24,   51.223745,  -96.812274,       -0.350
  34,   24,   51.224991,  -96.656836,        0.620
  35,   24,   51.226125,  -96.501394,        1.720
  36,   24,   51.227147,  -96.345948,        2.510
  37,   24,   51.228058,  -96.190498,        2.910
  38,   24,   51.228857,  -96.035046,        3.060
  39,   24,   51.229544,  -95.879590,        3.120
  40,   24,   51.230120,  -95.724132,        3.150
  41,   24,   51.230584,  -95.568673,        3.160
  42,   24,   51.230936,  -95.413212,        3.140
  43,   24,   51.231177,  -95.257750,        3.110
  44,   24,   51.231307,  -95.102287,        3.080
   1,   25,   51.222239, -101.789313,        1.090
   2,   25,   51.227057, -101.634053,        1.580
   3,   25,   51.231763, -101.478775,        2.080
   4,   25,   51.236357, -101.323480,        2.460
   5,   25,   51.240840, -101.168168,        2.710
   6,   25,   51.245211, -101.012841,        2.840
   7,   25,   51.249471, -100.857497,        2.840
   8,   25,   51.253619, -100.702138,        2.710
   9,   25,   51.257655, -100.546764,        2.380
  10,   25,   51.261580, -100.391376,        1.730
  11,   25,   51.265394, -100.235973,        0.750
  12,   25,   51.269095, -100.080557,       -0.320
  13,   25,   51.272685,  -99.925127,       -0.700
  14,   25,   51.276164,  -99.769684,       -0.550
  15,   25,   51.279530,  -99.614229,       -0.150
  16,   25,   51.282786,  -99.458762,        0.100
  17,   25,   51.285929,  -99.303283,       -0.210
  18,   25,   51.288961,  -99.147792,       -0.500
  19,   25,   51.291881,  -98.992291,       -0.480
  20,   25,   51.294690,  -98.836779,        0.110
  21,   25,   51.297387,  -98.681257,        1.030
  22,   25,   51.299973,  -98.525725,        1.760
  23,   25,   51.302446,  -98.370184,        2.300
  24,   25,   51.304808,  -98.214634,        2.640
  25,   25,   51.307059,  -98.059076,        2.800
  26,   25,   51.309198,  -97.903510,        2.810
  27,   25,   51.311225,  -97.747936,        2.720
  28,   25,   51.313141,  -97.592354,        2.510
  29,   25,   51.314945,  -97.436766,        2.020
  30,   25,   51.316637,  -97.281172,        1.050
  31,   25,   51.318218,  -97.125571,        0.130
  32,   25,   51.319687,  -96.969965,       -0.450
  33,   25,   51.321044,  -96.814354,       -0.300
  34,   25,   51.322290,  -96.658738,        0.790
  35,   25,   51.323424,  -96.503117,        1.820
  36,   25,   51.324447,  -96.347493,        2.560
  37,   25,   51.325357,  -96.191865,        2.890
  38,   25,   51.326157,  -96.036234,        3.040
  39,   25,   51.326844,  -95.880600,        3.130
  40,   25,   51.327420,  -95.724964,        3.180
  41,   25,   51.327884,  -95.569326,        3.210
  42,   25,   51.328237,  -95.413686,        3.200
  43,   25,   51.328478,  -95.258045,        3.180
  44,   25,   51.328607,  -95.102404,        3.150
   1,   26,   51.319426, -101.797103,        1.210
   2,   26,   51.324245, -101.641665,        1.690
   3,   26,   51.328951, -101.486210,        2.120
   4,   26,   51.333547, -101.330737,        2.440
   5,   26,   51.338030, -101.175248,        2.650
   6,   26,   51.342402, -101.019743,        2.730
   7,   26,   51.346663, -100.864221,        2.660
   8,   26,   51.350812, -100.708684,        2.410
   9,   26,   51.354849, -100.553132,        2.010
  10,   26,   51.358774, -100.397566,        1.430
  11,   26,   51.362588, -100.241985,        0.670
  12,   26,   51.366290, -100.086391,        0.000
  13,   26,   51.369881,  -99.930783,       -0.150
  14,   26,   51.373360,  -99.775162,        0.010
  15,   26,   51.376728,  -99.619528,        0.270
  16,   26,   51.379983,  -99.463883,        0.140
  17,   26,   51.383127,  -99.308225,       -0.370
  18,   26,   51.386160,  -99.152556,       -0.690
  19,   26,   51.389081,  -98.996877,       -0.550
  20,   26,   51.391890,  -98.841186,        0.250
  21,   26,   51.394587,  -98.685486,        1.170
  22,   26,   51.397173,  -98.529776,        1.910
  23,   26,   51.399647,  -98.374056,        2.430
  24,   26,   51.402010,  -98.218328,        2.720
  25,   26,   51.404261,  -98.062591,        2.770
  26,   26,   51.406400,  -97.906846,        2.680
  27,   26,   51.408428,  -97.751093,        2.490
  28,   26,   51.410344,  -97.595333,        2.260
  29,   26,   51.412148,  -97.439566,        1.810
  30,   26,   51.413841,  -97.283793,        1.000
  31,   26,   51.415422,  -97.128014,        0.280
  32,   26,   51.416891,  -96.972229,       -0.110
  33,   26,   51.418249,  -96.816439,        0.270
  34,   26,   51.419495,  -96.660644,        1.170
  35,   26,   51.420629,  -96.504845,        2.000
  36,   26,   51.421652,  -96.349041,        2.600
  37,   26,   51.422562,  -96.193235,        2.880
  38,   26,   51.423362,  -96.037425,        3.050
  39,   26,   51.424049,  -95.881612,        3.170
  40,   26,   51.424625,  -95.725797,        3.240
  41,   26,   51.425090,  -95.569980,        3.280
  42,   26,   51.425442,  -95.414162,        3.280
  43,   26,   51.425683,  -95.258342,        3.250
  44,   26,   51.425813,  -95.102522,        3.210
   1,   27,   51.416518, -101.804912,        1.310
   2,   27,   51.421338, -101.649296,        1.730
   3,   27,   51.426046, -101.493662,        2.120
   4,   27,   51.430642, -101.338011,        2.420
   5,   27,   51.435126, -101.182344,        2.630
   6,   27,   51.439499, -101.026660,        2.700
   7,   27,   51.443760, -100.870960,        2.530
   8,   27,   51.447909, -100.715245,        2.140
   9,   27,   51.451947, -100.559515,        1.660
  10,   27,   51.455874, -100.403770,        1.170
  11,   27,   51.459688, -100.248011,        0.750
  12,   27,   51.463391, -100.092238,        0.480
  13,   27,   51.466982,  -99.936451,        0.420
  14,   27,   51.470462,  -99.780652,        0.390
  15,   27,   51.473830,  -99.624840,        0.300
  16,   27,   51.477086,  -99.469015,       -0.260
  17,   27,   51.480231,  -99.313179,       -0.850
  18,   27,   51.483264,  -99.157332,       -1.100
  19,   27,   51.486185,  -99.001473,       -0.770
  20,   27,   51.488995,  -98.845604,        0.190
  21,   27,   51.491693,  -98.689724,        1.230
  22,   27,   51.494279,  -98.533835,        2.110
  23,   27,   51.496754,  -98.377937,        2.700
  24,   27,   51.499117,  -98.222029,        2.920
  25,   27,   51.501368,  -98.066114,        2.880
  26,   27,   51.503508,  -97.910189,        2.640
  27,   27,   51.505536,  -97.754258,        2.260
  28,   27,   51.507452,  -97.598319,        1.760
  29,   27,   51.509257,  -97.442373,        1.220
  30,   27,   51.510949,  -97.286420,        0.710
  31,   27,   51.512531,  -97.130462,        0.340
  32,   27,   51.514000,  -96.974498,        0.310
  33,   27,   51.515358,  -96.818529,        0.830
  34,   27,   51.516604,  -96.662555,        1.520
  35,   27,   51.517739,  -96.506576,        2.160
  36,   27,   51.518762,  -96.350594,        2.640
  37,   27,   51.519673,  -96.194608,        2.910
  38,   27,   51.520472,  -96.038618,        3.100
  39,   27,   51.521160,  -95.882626,        3.240
  40,   27,   51.521736,  -95.726632,        3.320
  41,   27,   51.522200,  -95.570636,        3.350
  42,   27,   51.522553,  -95.414638,        3.340
  43,   27,   51.522794,  -95.258639,        3.310
  44,   27,   51.522923,  -95.102640,        3.260
   1,   28,   51.513516, -101.812738,        1.420
   2,   28,   51.518336, -101.656943,        1.740
   3,   28,   51.523045, -101.501131,        2.050
   4,   28,   51.527642, -101.345302,        2.340
   5,   28,   51.532127, -101.189456,        2.580
   6,   28,   51.536500, -101.033594,        2.680
   7,   28,   51.540762, -100.877715,        2.430
   8,   28,   51.544912, -100.721821,        1.940
   9,   28,   51.548951, -100.565912,        1.410
  10,   28,   51.552878, -100.409989,        0.970
  11,   28,   51.556693, -100.254051,        0.680
  12,   28,   51.560397, -100.098099,        0.390
  13,   28,   51.563988,  -99.942133,        0.140
  14,   28,   51.567469,  -99.786155,       -0.130
  15,   28,   51.570837,  -99.630163,       -0.510
  16,   28,   51.574094,  -99.474160,       -1.020
  17,   28,   51.577239,  -99.318145,       -1.310
  18,   28,   51.580273,  -99.162118,       -1.240
  19,   28,   51.583195,  -99.006080,       -0.660
  20,   28,   51.586005,  -98.850031,        0.320
  21,   28,   51.588703,  -98.693973,        1.350
  22,   28,   51.591290,  -98.537904,        2.280
  23,   28,   51.593765,  -98.381827,        2.960
  24,   28,   51.596128,  -98.225740,        3.120
  25,   28,   51.598380,  -98.069644,        3.020
  26,   28,   51.600520,  -97.913541,        2.670
  27,   28,   51.602548,  -97.757430,        2.050
  28,   28,   51.604465,  -97.601311,        1.080
  29,   28,   51.606270,  -97.445186,        0.250
  30,   28,   51.607963,  -97.289054,       -0.230
  31,   28,   51.609545,  -97.132916,       -0.200
  32,   28,   51.611014,  -96.976772,        0.310
  33,   28,   51.612372,  -96.820623,        1.010
  34,   28,   51.613619,  -96.664470,        1.710
  35,   28,   51.614754,  -96.508312,        2.300
  36,   28,   51.615777,  -96.352149,        2.730
  37,   28,   51.616688,  -96.195984,        3.010
  38,   28,   51.617487,  -96.039815,        3.210
  39,   28,   51.618175,  -95.883643,        3.350
  40,   28,   51.618751,  -95.727469,        3.410
  41,   28,   51.619216,  -95.571293,        3.410
  42,   28,   51.619569,  -95.415116,        3.380
  43,   28,   51.619810,  -95.258937,        3.340
  44,   28,   51.619939,  -95.102758,        3.290
   1,   29,   51.610418, -101.820582,        1.610
   2,   29,   51.615239, -101.664608,        1.830
   3,   29,   51.619949, -101.508618,        2.050
   4,   29,   51.624546, -101.352609,        2.290
   5,   29,   51.629032, -101.196584,        2.520
   6,   29,   51.633406, -101.040543,        2.630
   7,   29,   51.637669, -100.884486,        2.320
   8,   29,   51.641820, -100.728413,        1.790
   9,   29,   51.645859, -100.572324,        1.210
  10,   29,   51.649787, -100.416222,        0.720
  11,   29,   51.653603, -100.260104,        0.320
  12,   29,   51.657307, -100.103973,       -0.110
  13,   29,   51.660899,  -99.947828,       -0.540
  14,   29,   51.664380,  -99.791670,       -0.960
  15,   29,   51.667749,  -99.635499,       -1.290
  16,   29,   51.671007,  -99.479316,       -1.340
  17,   29,   51.674152,  -99.323121,       -1.160
  18,   29,   51.677186,  -99.166915,       -0.740
  19,   29,   51.680109,  -99.010698,       -0.090
  20,   29,   51.682919,  -98.854469,        0.710
  21,   29,   51.685618,  -98.698231,        1.530
  22,   29,   51.688205,  -98.541983,        2.290
  23,   29,   51.690681,  -98.385725,        2.890
  24,   29,   51.693045,  -98.229459,        3.110
  25,   29,   51.695297,  -98.073184,        3.040
  26,   29,   51.697437,  -97.916900,        2.650
  27,   29,   51.699466,  -97.760609,        1.810
  28,   29,   51.701382,  -97.604311,        0.470
  29,   29,   51.703188,  -97.448005,       -0.560
  30,   29,   51.704881,  -97.291693,       -1.060
  31,   29,   51.706463,  -97.135375,       -0.860
  32,   29,   51.707933,  -96.979052,        0.000
  33,   29,   51.709291,  -96.822723,        0.970
  34,   29,   51.710538,  -96.666389,        1.830
  35,   29,   51.711673,  -96.510051,        2.460
  36,   29,   51.712696,  -96.353709,        2.860
  37,   29,   51.713607,  -96.197363,        3.140
  38,   29,   51.714407,  -96.041014,        3.330
  39,   29,   51.715095,  -95.884662,        3.450
  40,   29,   51.715671,  -95.728308,        3.490
  41,   29,   51.716136,  -95.571952,        3.470
  42,   29,   51.716489,  -95.415595,        3.420
  43,   29,   51.716730,  -95.259236,        3.350
  44,   29,   51.716859,  -95.102877,        3.310
   1,   30,   51.707225, -101.828444,        1.890
   2,   30,   51.712047, -101.672291,        2.060
   3,   30,   51.716757, -101.516121,        2.220
   4,   30,   51.721355, -101.359934,        2.400
   5,   30,   51.725842, -101.203729,        2.580
   6,   30,   51.730217, -101.047509,        2.570
   7,   30,   51.734480, -100.891272,        2.210
   8,   30,   51.738632, -100.735019,        1.670
   9,   30,   51.742672, -100.578751,        1.050
  10,   30,   51.746600, -100.422469,        0.460
  11,   30,   51.750417, -100.266172,       -0.090
  12,   30,   51.754121, -100.109861,       -0.520
  13,   30,   51.757714,  -99.953536,       -0.790
  14,   30,   51.761196,  -99.797198,       -0.930
  15,   30,   51.764565,  -99.640848,       -0.920
  16,   30,   51.767823,  -99.484485,       -0.690
  17,   30,   51.770970,  -99.328110,       -0.290
  18,   30,   51.774004,  -99.171723,        0.180
  19,   30,   51.776927,  -99.015326,        0.660
  20,   30,   51.779738,  -98.858918,        1.190
  21,   30,   51.782437,  -98.702499,        1.720
  22,   30,   51.785025,  -98.546071,        2.240
  23,   30,   51.787501,  -98.389633,        2.690
  24,   30,   51.789865,  -98.233186,        2.920
  25,   30,   51.792117,  -98.076731,        2.840
  26,   30,   51.794258,  -97.920267,        2.410
  27,   30,   51.796287,  -97.763796,        1.360
  28,   30,   51.798204,  -97.607317,       -0.060
  29,   30,   51.800010,  -97.450831,       -1.080
  30,   30,   51.801704,  -97.294339,       -1.390
  31,   30,   51.803286,  -97.137841,       -0.890
  32,   30,   51.804756,  -96.981337,        0.070
  33,   30,   51.806114,  -96.824827,        1.120
  34,   30,   51.807361,  -96.668313,        2.040
  35,   30,   51.808496,  -96.511794,        2.650
  36,   30,   51.809520,  -96.355272,        3.020
  37,   30,   51.810431,  -96.198745,        3.270
  38,   30,   51.811231,  -96.042216,        3.440
  39,   30,   51.811919,  -95.885684,        3.540
  40,   30,   51.812495,  -95.729149,        3.560
  41,   30,   51.812960,  -95.572613,        3.530
  42,   30,   51.813313,  -95.416074,        3.450
  43,   30,   51.813554,  -95.259535,        3.370
  44,   30,   51.813684,  -95.102995,        3.330
   1,   31,   51.803936, -101.836324,        2.150
   2,   31,   51.808759, -101.679992,        2.340
   3,   31,   51.813470, -101.523642,        2.510
   4,   31,   51.818069, -101.367275,        2.650
   5,   31,   51.822556, -101.210891,        2.760
   6,   31,   51.826932, -101.054490,        2.610
   7,   31,   51.831196, -100.898073,        2.180
   8,   31,   51.835348, -100.741641,        1.600
   9,   31,   51.839389, -100.585193,        0.970
  10,   31,   51.843317, -100.428730,        0.280
  11,   31,   51.847135, -100.272253,       -0.310
  12,   31,   51.850840, -100.115762,       -0.650
  13,   31,   51.854434,  -99.959257,       -0.660
  14,   31,   51.857916,  -99.802739,       -0.490
  15,   31,   51.861286,  -99.646208,       -0.230
  16,   31,   51.864544,  -99.489665,        0.150
  17,   31,   51.867691,  -99.333110,        0.570
  18,   31,   51.870726,  -99.176543,        0.950
  19,   31,   51.873649,  -99.019965,        1.280
  20,   31,   51.876461,  -98.863376,        1.600
  21,   31,   51.879161,  -98.706777,        1.930
  22,   31,   51.881749,  -98.550168,        2.230
  23,   31,   51.884225,  -98.393550,        2.440
  24,   31,   51.886589,  -98.236922,        2.450
  25,   31,   51.888842,  -98.080286,        2.250
  26,   31,   51.890983,  -97.923642,        1.790
  27,   31,   51.893012,  -97.766990,        0.610
  28,   31,   51.894930,  -97.610330,       -0.650
  29,   31,   51.896736,  -97.453664,       -1.470
  30,   31,   51.898430,  -97.296991,       -1.480
  31,   31,   51.900012,  -97.140312,       -0.650
  32,   31,   51.901483,  -96.983627,        0.430
  33,   31,   51.902841,  -96.826937,        1.470
  34,   31,   51.904088,  -96.670241,        2.310
  35,   31,   51.905224,  -96.513542,        2.820
  36,   31,   51.906247,  -96.356838,        3.160
  37,   31,   51.907159,  -96.200131,        3.400
  38,   31,   51.907959,  -96.043421,        3.550
  39,   31,   51.908647,  -95.886708,        3.630
  40,   31,   51.909224,  -95.729992,        3.630
  41,   31,   51.909688,  -95.573274,        3.580
  42,   31,   51.910041,  -95.416555,        3.500
  43,   31,   51.910282,  -95.259835,        3.420
  44,   31,   51.910412,  -95.103114,        3.370
   1,   32,   51.900551, -101.844222,        2.340
   2,   32,   51.905374, -101.687710,        2.570
   3,   32,   51.910086, -101.531180,        2.770
   4,   32,   51.914686, -101.374633,        2.930
   5,   32,   51.919174, -101.218069,        2.990
   6,   32,   51.923550, -101.061488,        2.790
   7,   32,   51.927815, -100.904891,        2.350
   8,   32,   51.931968, -100.748278,        1.720
   9,   32,   51.936009, -100.591650,        1.000
  10,   32,   51.939939, -100.435006,        0.190
  11,   32,   51.943756, -100.278349,       -0.430
  12,   32,   51.947462, -100.121677,       -0.690
  13,   32,   51.951057,  -99.964991,       -0.490
  14,   32,   51.954539,  -99.808293,       -0.120
  15,   32,   51.957910,  -99.651581,        0.250
  16,   32,   51.961169,  -99.494857,        0.630
  17,   32,   51.964316,  -99.338121,        1.030
  18,   32,   51.967352,  -99.181373,        1.390
  19,   32,   51.970275,  -99.024614,        1.680
  20,   32,   51.973087,  -98.867845,        1.920
  21,   32,   51.975787,  -98.711065,        2.120
  22,   32,   51.978376,  -98.554275,        2.190
  23,   32,   51.980853,  -98.397476,        1.960
  24,   32,   51.983217,  -98.240667,        1.520
  25,   32,   51.985471,  -98.083850,        0.980
  26,   32,   51.987612,  -97.927024,        0.490
  27,   32,   51.989642,  -97.770191,       -0.470
  28,   32,   51.991559,  -97.613351,       -1.350
  29,   32,   51.993366,  -97.456503,       -1.810
  30,   32,   51.995060,  -97.299649,       -1.440
  31,   32,   51.996642,  -97.142788,       -0.390
  32,   32,   51.998113,  -96.985922,        0.760
  33,   32,   51.999472,  -96.829051,        1.810
  34,   32,   52.000719,  -96.672174,        2.550
  35,   32,   52.001855,  -96.515293,        2.990
  36,   32,   52.002878,  -96.358409,        3.310
  37,   32,   52.003790,  -96.201520,        3.530
  38,   32,   52.004590,  -96.044628,        3.670
  39,   32,   52.005279,  -95.887734,        3.710
  40,   32,   52.005855,  -95.730837,        3.700
  41,   32,   52.006320,  -95.573938,        3.640
  42,   32,   52.006673,  -95.417037,        3.550
  43,   32,   52.006914,  -95.260136,        3.480
  44,   32,   52.007044,  -95.103234,        3.420
   1,   33,   51.997070, -101.852139,        2.460
   2,   33,   52.001894, -101.695447,        2.690
   3,   33,   52.006606, -101.538736,        2.920
   4,   33,   52.011207, -101.382008,        3.130
   5,   33,   52.015695, -101.225263,        3.180
   6,   33,   52.020073, -101.068502,        3.000
   7,   33,   52.024338, -100.911724,        2.600
   8,   33,   52.028492, -100.754930,        1.960
   9,   33,   52.032533, -100.598121,        1.000
  10,   33,   52.036463, -100.441297,       -0.020
  11,   33,   52.040282, -100.284458,       -0.730
  12,   33,   52.043988, -100.127606,       -0.910
  13,   33,   52.047583,  -99.970739,       -0.440
  14,   33,   52.051066,  -99.813859,        0.080
  15,   33,   52.054437,  -99.656966,        0.550
  16,   33,   52.057697,  -99.500061,        0.950
  17,   33,   52.060845,  -99.343144,        1.340
  18,   33,   52.063881,  -99.186215,        1.680
  19,   33,   52.066805,  -99.029275,        1.950
  20,   33,   52.069617,  -98.872324,        2.130
  21,   33,   52.072318,  -98.715363,        2.220
  22,   33,   52.074907,  -98.558391,        1.950
  23,   33,   52.077384,  -98.401410,        1.220
  24,   33,   52.079749,  -98.244420,        0.260
  25,   33,   52.082002,  -98.087422,       -0.670
  26,   33,   52.084144,  -97.930415,       -1.230
  27,   33,   52.086174,  -97.773400,       -1.780
  28,   33,   52.088092,  -97.616378,       -2.050
  29,   33,   52.089899,  -97.459349,       -1.980
  30,   33,   52.091593,  -97.302313,       -1.260
  31,   33,   52.093176,  -97.145271,       -0.120
  32,   33,   52.094647,  -96.988223,        1.080
  33,   33,   52.096006,  -96.831170,        2.140
  34,   33,   52.097254,  -96.674112,        2.770
  35,   33,   52.098389,  -96.517049,        3.180
  36,   33,   52.099413,  -96.359982,        3.470
  37,   33,   52.100325,  -96.202912,        3.650
  38,   33,   52.101125,  -96.045839,        3.740
  39,   33,   52.101814,  -95.888762,        3.770
  40,   33,   52.102390,  -95.731684,        3.750
  41,   33,   52.102855,  -95.574603,        3.690
  42,   33,   52.103208,  -95.417521,        3.600
  43,   33,   52.103449,  -95.260437,        3.520
  44,   33,   52.103579,  -95.103353,        3.450
   1,   34,   52.093491, -101.860074,        2.490
   2,   34,   52.098316, -101.703201,        2.700
   3,   34,   52.103029, -101.546309,        2.910
   4,   34,   52.107631, -101.389401,        3.140
   5,   34,   52.112120, -101.232475,        3.190
   6,   34,   52.116498, -101.075532,        3.070
   7,   34,   52.120764, -100.918573,        2.730
   8,   34,   52.124918, -100.761598,        2.110
   9,   34,   52.128961, -100.604608,        0.890
  10,   34,   52.132891, -100.447602,       -0.360
  11,   34,   52.136710, -100.290582,       -1.170
  12,   34,   52.140417, -100.133548,       -1.210
  13,   34,   52.144013,  -99.976500,       -0.490
  14,   34,   52.147496,  -99.819439,        0.190
  15,   34,   52.150868,  -99.662364,        0.760
  16,   34,   52.154128,  -99.505277,        1.190
  17,   34,   52.157276,  -99.348179,        1.570
  18,   34,   52.160313,  -99.191068,        1.880
  19,   34,   52.163237,  -99.033946,        2.100
  20,   34,   52.166050,  -98.876813,        2.200
  21,   34,   52.168751,  -98.719670,        2.090
  22,   34,   52.171341,  -98.562517,        1.410
  23,   34,   52.173818,  -98.405354,        0.280
  24,   34,   52.176184,  -98.248183,       -1.030
  25,   34,   52.178437,  -98.091002,       -2.030
  26,   34,   52.180579,  -97.933813,       -2.490
  27,   34,   52.182610,  -97.776616,       -2.640
  28,   34,   52.184528,  -97.619412,       -2.450
  29,   34,   52.186335,  -97.462201,       -1.880
  30,   34,   52.188030,  -97.304983,       -0.930
  31,   34,   52.189613,  -97.147759,        0.250
  32,   34,   52.191084,  -96.990529,        1.460
  33,   34,   52.192443,  -96.833294,        2.460
  34,   34,   52.193691,  -96.676053,        2.980
  35,   34,   52.194827,  -96.518809,        3.350
  36,   34,   52.195851,  -96.361560,        3.590
  37,   34,   52.196763,  -96.204307,        3.750
  38,   34,   52.197563,  -96.047052,        3.790
  39,   34,   52.198252,  -95.889793,        3.810
  40,   34,   52.198828,  -95.732532,        3.780
  41,   34,   52.199293,  -95.575269,        3.730
  42,   34,   52.199646,  -95.418005,        3.640
  43,   34,   52.199888,  -95.260739,        3.550
  44,   34,   52.200017,  -95.103473,        3.480
   1,   35,   52.189816, -101.868027,        2.400
   2,   35,   52.194642, -101.710973,        2.580
   3,   35,   52.199356, -101.553900,        2.750
   4,   35,   52.203958, -101.396810,        2.920
   5,   35,   52.208448, -101.239702,        2.960
   6,   35,   52.212826, -101.082578,        2.890
   7,   35,   52.217093, -100.925438,        2.640
   8,   35,   52.221248, -100.768281,        2.080
   9,   35,   52.225291, -100.611109,        0.870
  10,   35,   52.229222, -100.453922,       -0.360
  11,   35,   52.233042, -100.296720,       -1.230
  12,   35,   52.236750, -100.139504,       -1.210
  13,   35,   52.240345,  -99.982274,       -0.470
  14,   35,   52.243829,  -99.825031,        0.240
  15,   35,   52.247202,  -99.667775,        0.870
  16,   35,   52.250462,  -99.510506,        1.360
  17,   35,   52.253611,  -99.353225,        1.730
  18,   35,   52.256648,  -99.195932,        2.020
  19,   35,   52.259573,  -99.038628,        2.190
  20,   35,   52.262386,  -98.881313,        2.180
  21,   35,   52.265088,  -98.723988,        1.660
  22,   35,   52.267677,  -98.566653,        0.530
  23,   35,   52.270155,  -98.409308,       -0.840
  24,   35,   52.272521,  -98.251953,       -2.120
  25,   35,   52.274775,  -98.094591,       -2.800
  26,   35,   52.276918,  -97.937219,       -2.940
  27,   35,   52.278948,  -97.779840,       -2.750
  28,   35,   52.280867,  -97.622453,       -2.300
  29,   35,   52.282674,  -97.465060,       -1.560
  30,   35,   52.284369,  -97.307659,       -0.480
  31,   35,   52.285952,  -97.150253,        0.730
  32,   35,   52.287424,  -96.992840,        1.880
  33,   35,   52.288783,  -96.835422,        2.690
  34,   35,   52.290031,  -96.678000,        3.160
  35,   35,   52.291167,  -96.520572,        3.480
  36,   35,   52.292191,  -96.363141,        3.700
  37,   35,   52.293103,  -96.205706,        3.820
  38,   35,   52.293904,  -96.048268,        3.850
  39,   35,   52.294592,  -95.890827,        3.850
  40,   35,   52.295169,  -95.733383,        3.820
  41,   35,   52.295634,  -95.575938,        3.770
  42,   35,   52.295987,  -95.418490,        3.680
  43,   35,   52.296229,  -95.261042,        3.590
  44,   35,   52.296358,  -95.103593,        3.520
   1,   36,   52.286044, -101.875999,        2.440
   2,   36,   52.290870, -101.718763,        2.560
   3,   36,   52.295585, -101.561509,        2.600
   4,   36,   52.300188, -101.404236,        2.600
   5,   36,   52.304678, -101.246947,        2.560
   6,   36,   52.309058, -101.089641,        2.470
   7,   36,   52.313325, -100.932318,        2.330
   8,   36,   52.317480, -100.774980,        1.940
   9,   36,   52.321524, -100.617626,        1.040
  10,   36,   52.325456, -100.460256,        0.050
  11,   36,   52.329276, -100.302872,       -0.770
  12,   36,   52.332984, -100.145474,       -0.870
  13,   36,   52.336581,  -99.988062,       -0.410
  14,   36,   52.340065,  -99.830636,        0.190
  15,   36,   52.343438,  -99.673198,        0.850
  16,   36,   52.346699,  -99.515746,        1.440
  17,   36,   52.349848,  -99.358283,        1.840
  18,   36,   52.352885,  -99.200808,        2.120
  19,   36,   52.355811,  -99.043321,        2.200
  20,   36,   52.358625,  -98.885824,        1.930
  21,   36,   52.361326,  -98.728316,        0.880
  22,   36,   52.363916,  -98.570798,       -0.550
  23,   36,   52.366395,  -98.413270,       -1.930
  24,   36,   52.368761,  -98.255733,       -2.830
  25,   36,   52.371016,  -98.098187,       -3.010
  26,   36,   52.373158,  -97.940633,       -2.840
  27,   36,   52.375189,  -97.783071,       -2.430
  28,   36,   52.377108,  -97.625502,       -1.890
  29,   36,   52.378915,  -97.467925,       -1.080
  30,   36,   52.380611,  -97.310342,        0.010
  31,   36,   52.382194,  -97.152752,        1.200
  32,   36,   52.383666,  -96.995157,        2.280
  33,   36,   52.385025,  -96.837556,        2.900
  34,   36,   52.386273,  -96.679950,        3.310
  35,   36,   52.387410,  -96.522340,        3.590
  36,   36,   52.388434,  -96.364726,        3.770
  37,   36,   52.389346,  -96.207108,        3.870
  38,   36,   52.390147,  -96.049486,        3.910
  39,   36,   52.390836,  -95.891862,        3.910
  40,   36,   52.391412,  -95.734236,        3.870
  41,   36,   52.391878,  -95.576607,        3.800
  42,   36,   52.392231,  -95.418977,        3.720
  43,   36,   52.392472,  -95.261346,        3.650
  44,   36,   52.392602,  -95.103714,        3.570
   1,   37,   52.382174, -101.883990,        2.610
   2,   37,   52.387001, -101.726571,        2.720
   3,   37,   52.391716, -101.569135,        2.630
   4,   37,   52.396320, -101.411680,        2.360
   5,   37,   52.400811, -101.254209,        2.080
   6,   37,   52.405191, -101.096720,        1.870
   7,   37,   52.409459, -100.939215,        1.840
   8,   37,   52.413615, -100.781694,        1.710
   9,   37,   52.417659, -100.624157,        1.260
  10,   37,   52.421592, -100.466606,        0.630
  11,   37,   52.425412, -100.309039,       -0.100
  12,   37,   52.429121, -100.151458,       -0.450
  13,   37,   52.432718,  -99.993863,       -0.370
  14,   37,   52.436203,  -99.836255,        0.050
  15,   37,   52.439577,  -99.678633,        0.750
  16,   37,   52.442838,  -99.520999,        1.440
  17,   37,   52.445988,  -99.363353,        1.910
  18,   37,   52.449025,  -99.205695,        2.170
  19,   37,   52.451951,  -99.048025,        2.150
  20,   37,   52.454765,  -98.890345,        1.410
  21,   37,   52.457468,  -98.732653,        0.030
  22,   37,   52.460058,  -98.574952,       -1.460
  23,   37,   52.462537,  -98.417242,       -2.620
  24,   37,   52.464903,  -98.259521,       -2.980
  25,   37,   52.467158,  -98.101793,       -2.840
  26,   37,   52.469301,  -97.944055,       -2.480
  27,   37,   52.471332,  -97.786310,       -2.000
  28,   37,   52.473251,  -97.628557,       -1.430
  29,   37,   52.475059,  -97.470797,       -0.550
  30,   37,   52.476754,  -97.313031,        0.540
  31,   37,   52.478338,  -97.155258,        1.670
  32,   37,   52.479810,  -96.997479,        2.550
  33,   37,   52.481170,  -96.839695,        3.080
  34,   37,   52.482418,  -96.681906,        3.430
  35,   37,   52.483554,  -96.524112,        3.670
  36,   37,   52.484579,  -96.366314,        3.820
  37,   37,   52.485491,  -96.208513,        3.910
  38,   37,   52.486292,  -96.050708,        3.960
  39,   37,   52.486981,  -95.892900,        3.960
  40,   37,   52.487558,  -95.735090,        3.910
  41,   37,   52.488023,  -95.577278,        3.840
  42,   37,   52.488376,  -95.419465,        3.760
  43,   37,   52.488618,  -95.261650,        3.690
  44,   37,   52.488747,  -95.103835,        3.620
   1,   38,   52.478206, -101.891999,        2.760
   2,   38,   52.483034, -101.734398,        2.860
   3,   38,   52.487750, -101.576778,        2.650
   4,   38,   52.492354, -101.419141,        2.120
   5,   38,   52.496846, -101.261487,        1.580
   6,   38,   52.501227, -101.103816,        1.180
   7,   38,   52.505495, -100.946128,        1.250
   8,   38,   52.509652, -100.788424,        1.400
   9,   38,   52.513697, -100.630704,        1.360
  10,   38,   52.517630, -100.472970,        1.090
  11,   38,   52.521451, -100.315220,        0.490
  12,   38,   52.525160, -100.157456,       -0.070
  13,   38,   52.528758,  -99.999678,       -0.220
  14,   38,   52.532243,  -99.841886,        0.050
  15,   38,   52.535617,  -99.684081,        0.750
  16,   38,   52.538879,  -99.526264,        1.460
  17,   38,   52.542029,  -99.368434,        1.960
  18,   38,   52.545067,  -99.210593,        2.200
  19,   38,   52.547994,  -99.052740,        2.060
  20,   38,   52.550808,  -98.894876,        0.930
  21,   38,   52.553511,  -98.737001,       -0.520
  22,   38,   52.556101,  -98.579117,       -1.860
  23,   38,   52.558580,  -98.421222,       -2.690
  24,   38,   52.560947,  -98.263319,       -2.710
  25,   38,   52.563203,  -98.105406,       -2.450
  26,   38,   52.565346,  -97.947485,       -2.060
  27,   38,   52.567377,  -97.789556,       -1.610
  28,   38,   52.569297,  -97.631620,       -0.970
  29,   38,   52.571105,  -97.473676,       -0.040
  30,   38,   52.572800,  -97.315726,        1.040
  31,   38,   52.574384,  -97.157769,        2.110
  32,   38,   52.575856,  -96.999807,        2.780
  33,   38,   52.577217,  -96.841839,        3.220
  34,   38,   52.578465,  -96.683866,        3.520
  35,   38,   52.579601,  -96.525888,        3.730
  36,   38,   52.580626,  -96.367907,        3.870
  37,   38,   52.581539,  -96.209921,        3.960
  38,   38,   52.582339,  -96.051933,        4.010
  39,   38,   52.583028,  -95.893941,        4.010
  40,   38,   52.583605,  -95.735947,        3.960
  41,   38,   52.584071,  -95.577951,        3.880
  42,   38,   52.584424,  -95.419954,        3.800
  43,   38,   52.584665,  -95.261955,        3.720
  44,   38,   52.584795,  -95.103956,        3.640
   1,   39,   52.574141, -101.900026,        2.790
   2,   39,   52.578969, -101.742242,        2.890
   3,   39,   52.583686, -101.584440,        2.510
   4,   39,   52.588290, -101.426620,        1.780
   5,   39,   52.592783, -101.268782,        1.000
   6,   39,   52.597164, -101.110928,        0.440
   7,   39,   52.601433, -100.953057,        0.620
   8,   39,   52.605591, -100.795170,        0.980
   9,   39,   52.609636, -100.637267,        1.270
  10,   39,   52.613570, -100.479348,        1.250
  11,   39,   52.617391, -100.321415,        0.620
  12,   39,   52.621101, -100.163468,       -0.020
  13,   39,   52.624699, -100.005506,       -0.260
  14,   39,   52.628185,  -99.847531,        0.040
  15,   39,   52.631559,  -99.689542,        0.810
  16,   39,   52.634822,  -99.531541,        1.480
  17,   39,   52.637972,  -99.373528,        1.990
  18,   39,   52.641011,  -99.215502,        2.190
  19,   39,   52.643938,  -99.057466,        1.750
  20,   39,   52.646753,  -98.899418,        0.480
  21,   39,   52.649456,  -98.741359,       -0.870
  22,   39,   52.652047,  -98.583291,       -1.940
  23,   39,   52.654526,  -98.425212,       -2.340
  24,   39,   52.656893,  -98.267125,       -2.250
  25,   39,   52.659149,  -98.109028,       -1.990
  26,   39,   52.661292,  -97.950923,       -1.640
  27,   39,   52.663324,  -97.792810,       -1.210
  28,   39,   52.665244,  -97.634690,       -0.510
  29,   39,   52.667052,  -97.476562,        0.430
  30,   39,   52.668748,  -97.318427,        1.490
  31,   39,   52.670332,  -97.160286,        2.400
  32,   39,   52.671804,  -97.002140,        2.930
  33,   39,   52.673165,  -96.843987,        3.310
  34,   39,   52.674413,  -96.685830,        3.580
  35,   39,   52.675550,  -96.527668,        3.790
  36,   39,   52.676575,  -96.369503,        3.920
  37,   39,   52.677487,  -96.211333,        4.010
  38,   39,   52.678288,  -96.053160,        4.060
  39,   39,   52.678977,  -95.894984,        4.060
  40,   39,   52.679554,  -95.736806,        4.010
  41,   39,   52.680020,  -95.578625,        3.930
  42,   39,   52.680373,  -95.420444,        3.840
  43,   39,   52.680615,  -95.262261,        3.750
  44,   39,   52.680744,  -95.104077,        3.650
   1,   40,   52.669977, -101.908072,        2.690
   2,   40,   52.674806, -101.750105,        2.740
   3,   40,   52.679523, -101.592119,        2.290
   4,   40,   52.684128, -101.434116,        1.450
   5,   40,   52.688622, -101.276095,        0.460
   6,   40,   52.693003, -101.118057,       -0.320
   7,   40,   52.697273, -100.960002,       -0.140
   8,   40,   52.701431, -100.801931,        0.380
   9,   40,   52.705477, -100.643844,        0.870
  10,   40,   52.709411, -100.485742,        0.930
  11,   40,   52.713233, -100.327625,        0.150
  12,   40,   52.716943, -100.169493,       -0.450
  13,   40,   52.720542, -100.011348,       -0.590
  14,   40,   52.724029,  -99.853189,       -0.070
  15,   40,   52.727403,  -99.695016,        0.770
  16,   40,   52.730666,  -99.536831,        1.470
  17,   40,   52.733817,  -99.378633,        1.960
  18,   40,   52.736856,  -99.220424,        2.120
  19,   40,   52.739783,  -99.062203,        1.330
  20,   40,   52.742598,  -98.903970,        0.080
  21,   40,   52.745302,  -98.745728,       -1.090
  22,   40,   52.747893,  -98.587475,       -1.800
  23,   40,   52.750373,  -98.429212,       -1.870
  24,   40,   52.752741,  -98.270940,       -1.740
  25,   40,   52.754996,  -98.112659,       -1.510
  26,   40,   52.757140,  -97.954369,       -1.220
  27,   40,   52.759172,  -97.796072,       -0.780
  28,   40,   52.761092,  -97.637766,       -0.050
  29,   40,   52.762900,  -97.479454,        0.870
  30,   40,   52.764597,  -97.321135,        1.860
  31,   40,   52.766181,  -97.162809,        2.580
  32,   40,   52.767654,  -97.004478,        3.050
  33,   40,   52.769014,  -96.846141,        3.390
  34,   40,   52.770263,  -96.687799,        3.650
  35,   40,   52.771400,  -96.529453,        3.850
  36,   40,   52.772424,  -96.371102,        3.980
  37,   40,   52.773337,  -96.212748,        4.060
  38,   40,   52.774138,  -96.054390,        4.120
  39,   40,   52.774828,  -95.896029,        4.120
  40,   40,   52.775405,  -95.737666,        4.070
  41,   40,   52.775870,  -95.579301,        3.990
  42,   40,   52.776224,  -95.420935,        3.880
  43,   40,   52.776465,  -95.262567,        3.770
  44,   40,   52.776595,  -95.104198,        3.660
   1,   41,   52.765714, -101.916137,        2.520
   2,   41,   52.770543, -101.757986,        2.500
   3,   41,   52.775261, -101.599817,        2.100
   4,   41,   52.779867, -101.441629,        1.320
   5,   41,   52.784361, -101.283424,        0.230
   6,   41,   52.788743, -101.125202,       -0.750
   7,   41,   52.793014, -100.966963,       -0.830
   8,   41,   52.797172, -100.808708,       -0.470
   9,   41,   52.801219, -100.650437,        0.010
  10,   41,   52.805153, -100.492151,       -0.100
  11,   41,   52.808976, -100.333849,       -0.720
  12,   41,   52.812687, -100.175533,       -1.020
  13,   41,   52.816286, -100.017203,       -0.810
  14,   41,   52.819773,  -99.858860,        0.010
  15,   41,   52.823148,  -99.700503,        0.850
  16,   41,   52.826411,  -99.542133,        1.540
  17,   41,   52.829563,  -99.383750,        1.980
  18,   41,   52.832602,  -99.225356,        1.980
  19,   41,   52.835530,  -99.066950,        1.040
  20,   41,   52.838345,  -98.908534,       -0.020
  21,   41,   52.841049,  -98.750106,       -0.890
  22,   41,   52.843641,  -98.591668,       -1.250
  23,   41,   52.846121,  -98.433221,       -1.230
  24,   41,   52.848489,  -98.274764,       -1.140
  25,   41,   52.850745,  -98.116298,       -1.000
  26,   41,   52.852889,  -97.957823,       -0.780
  27,   41,   52.854921,  -97.799341,       -0.330
  28,   41,   52.856842,  -97.640851,        0.350
  29,   41,   52.858650,  -97.482353,        1.200
  30,   41,   52.860347,  -97.323849,        2.100
  31,   41,   52.861931,  -97.165338,        2.730
  32,   41,   52.863404,  -97.006822,        3.190
  33,   41,   52.864765,  -96.848300,        3.520
  34,   41,   52.866014,  -96.689773,        3.770
  35,   41,   52.867151,  -96.531241,        3.940
  36,   41,   52.868176,  -96.372706,        4.050
  37,   41,   52.869089,  -96.214166,        4.130
  38,   41,   52.869890,  -96.055623,        4.170
  39,   41,   52.870579,  -95.897077,        4.160
  40,   41,   52.871156,  -95.738529,        4.110
  41,   41,   52.871622,  -95.579979,        4.020
  42,   41,   52.871975,  -95.421427,        3.920
  43,   41,   52.872217,  -95.262874,        3.790
  44,   41,   52.872346,  -95.104320,        3.660
   1,   42,   52.861352, -101.924221,        2.340
   2,   42,   52.866182, -101.765886,        2.280
   3,   42,   52.870901, -101.607532,        2.010
   4,   42,   52.875507, -101.449160,        1.430
   5,   42,   52.880002, -101.290771,        0.460
   6,   42,   52.884385, -101.132364,       -0.600
   7,   42,   52.888656, -100.973941,       -1.030
   8,   42,   52.892815, -100.815501,       -1.090
   9,   42,   52.896862, -100.657045,       -0.980
  10,   42,   52.900797, -100.498574,       -1.220
  11,   42,   52.904620, -100.340088,       -1.360
  12,   42,   52.908331, -100.181587,       -1.180
  13,   42,   52.911931, -100.023072,       -0.580
  14,   42,   52.915418,  -99.864544,        0.330
  15,   42,   52.918794,  -99.706002,        1.110
  16,   42,   52.922058,  -99.547447,        1.700
  17,   42,   52.925210,  -99.388880,        2.040
  18,   42,   52.928249,  -99.230300,        1.840
  19,   42,   52.931177,  -99.071710,        1.170
  20,   42,   52.933993,  -98.913107,        0.450
  21,   42,   52.936697,  -98.754495,       -0.150
  22,   42,   52.939290,  -98.595872,       -0.460
  23,   42,   52.941770,  -98.437239,       -0.570
  24,   42,   52.944138,  -98.278597,       -0.600
  25,   42,   52.946395,  -98.119945,       -0.560
  26,   42,   52.948539,  -97.961285,       -0.400
  27,   42,   52.950572,  -97.802618,       -0.020
  28,   42,   52.952492,  -97.643942,        0.580
  29,   42,   52.954301,  -97.485259,        1.380
  30,   42,   52.955998,  -97.326569,        2.240
  31,   42,   52.957582,  -97.167873,        2.870
  32,   42,   52.959055,  -97.009171,        3.350
  33,   42,   52.960416,  -96.850464,        3.690
  34,   42,   52.961665,  -96.691751,        3.900
  35,   42,   52.962802,  -96.533034,        4.040
  36,   42,   52.963827,  -96.374313,        4.130
  37,   42,   52.964741,  -96.215588,        4.190
  38,   42,   52.965542,  -96.056859,        4.210
  39,   42,   52.966231,  -95.898128,        4.190
  40,   42,   52.966808,  -95.739394,        4.140
  41,   42,   52.967274,  -95.580658,        4.050
  42,   42,   52.967627,  -95.421920,        3.930
  43,   42,   52.967869,  -95.263182,        3.790
  44,   42,   52.967999,  -95.104442,        3.650
