   X,    Y,    Latitude,   Longitude, HGT_201906131200
   1,    1,   48.862147, -101.607558,      134.616
   2,    1,   48.866940, -101.456441,      104.303
   3,    1,   48.871623, -101.305308,      100.928
   4,    1,   48.876194, -101.154159,       96.741
   5,    1,   48.880654, -101.002995,      101.803
   6,    1,   48.885004, -100.851816,      122.303
   7,    1,   48.889242, -100.700623,      146.366
   8,    1,   48.893369, -100.549415,      148.928
   9,    1,   48.897386, -100.398194,      160.928
  10,    1,   48.901291, -100.246959,      160.741
  11,    1,   48.905085, -100.095711,      153.116
  12,    1,   48.908768,  -99.944450,      150.991
  13,    1,   48.912340,  -99.793177,      148.053
  14,    1,   48.915801,  -99.641892,      140.303
  15,    1,   48.919151,  -99.490596,      125.553
  16,    1,   48.922390,  -99.339288,      111.366
  17,    1,   48.925518,  -99.187970,      103.803
  18,    1,   48.928535,  -99.036641,      104.366
  19,    1,   48.931440,  -98.885302,      108.928
  20,    1,   48.934235,  -98.733953,      110.678
  21,    1,   48.936919,  -98.582595,      109.178
  22,    1,   48.939491,  -98.431228,      105.616
  23,    1,   48.941953,  -98.279852,      105.491
  24,    1,   48.944303,  -98.128469,      104.178
  25,    1,   48.946542,  -97.977077,       99.678
  26,    1,   48.948670,  -97.825678,       93.241
  27,    1,   48.950688,  -97.674272,       90.241
  28,    1,   48.952594,  -97.522860,       93.491
  29,    1,   48.954389,  -97.371441,       97.803
  30,    1,   48.956073,  -97.220016,      102.866
  31,    1,   48.957645,  -97.068586,      107.866
  32,    1,   48.959107,  -96.917150,      108.553
  33,    1,   48.960458,  -96.765710,      106.928
  34,    1,   48.961697,  -96.614265,      106.178
  35,    1,   48.962826,  -96.462816,      104.991
  36,    1,   48.963843,  -96.311364,      102.491
  37,    1,   48.964749,  -96.159908,       99.241
  38,    1,   48.965545,  -96.008449,       78.553
  39,    1,   48.966229,  -95.856988,       76.241
  40,    1,   48.966802,  -95.705525,      103.491
  41,    1,   48.967264,  -95.554060,       62.678
  42,    1,   48.967615,  -95.402594,       76.678
  43,    1,   48.967854,  -95.251126,       62.616
  44,    1,   48.967983,  -95.099658,       43.741
   1,    2,   48.961514, -101.614937,      114.866
   2,    2,   48.966308, -101.463652,       92.366
   3,    2,   48.970992, -101.312350,       95.553
   4,    2,   48.975564, -101.161033,       94.991
   5,    2,   48.980026, -101.009701,      100.303
   6,    2,   48.984376, -100.858354,      117.616
   7,    2,   48.988615, -100.706992,      138.116
   8,    2,   48.992744, -100.555615,      116.678
   9,    2,   48.996761, -100.404225,      173.991
  10,    2,   49.000667, -100.252822,      166.866
  11,    2,   49.004462, -100.101405,      142.116
  12,    2,   49.008146,  -99.949976,      147.116
  13,    2,   49.011719,  -99.798534,      148.241
  14,    2,   49.015181,  -99.647080,      143.053
  15,    2,   49.018532,  -99.495615,      130.991
  16,    2,   49.021771,  -99.344138,      116.928
  17,    2,   49.024900,  -99.192651,      109.491
  18,    2,   49.027917,  -99.041153,      109.991
  19,    2,   49.030824,  -98.889645,      112.553
  20,    2,   49.033619,  -98.738127,      114.178
  21,    2,   49.036303,  -98.586600,      112.178
  22,    2,   49.038877,  -98.435064,      106.991
  23,    2,   49.041339,  -98.283519,      108.616
  24,    2,   49.043690,  -98.131967,      107.303
  25,    2,   49.045929,  -97.980406,      101.803
  26,    2,   49.048058,  -97.828838,       94.116
  27,    2,   49.050076,  -97.677263,       90.928
  28,    2,   49.051982,  -97.525681,       94.428
  29,    2,   49.053778,  -97.374093,       99.241
  30,    2,   49.055462,  -97.222499,      104.053
  31,    2,   49.057035,  -97.070899,      108.678
  32,    2,   49.058497,  -96.919294,      111.303
  33,    2,   49.059848,  -96.767684,      112.178
  34,    2,   49.061088,  -96.616070,      111.616
  35,    2,   49.062217,  -96.464452,      108.366
  36,    2,   49.063234,  -96.312830,       92.241
  37,    2,   49.064141,  -96.161205,      103.303
  38,    2,   49.064936,  -96.009577,      106.991
  39,    2,   49.065621,  -95.857947,      110.366
  40,    2,   49.066194,  -95.706314,      125.803
  41,    2,   49.066656,  -95.554680,      122.741
  42,    2,   49.067007,  -95.403044,      123.366
  43,    2,   49.067247,  -95.251407,       92.241
  44,    2,   49.067375,  -95.099770,       36.366
   1,    3,   49.060793, -101.622332,       89.053
   2,    3,   49.065589, -101.470878,       89.116
   3,    3,   49.070274, -101.319408,       88.866
   4,    3,   49.074847, -101.167923,       93.491
   5,    3,   49.079310, -101.016421,       99.616
   6,    3,   49.083661, -100.864905,      112.428
   7,    3,   49.087902, -100.713374,      135.116
   8,    3,   49.092031, -100.561829,      143.803
   9,    3,   49.096049, -100.410270,      158.491
  10,    3,   49.099956, -100.258698,      151.116
  11,    3,   49.103752, -100.107112,      139.303
  12,    3,   49.107437,  -99.955513,      146.678
  13,    3,   49.111011,  -99.803902,      146.366
  14,    3,   49.114473,  -99.652280,      142.616
  15,    3,   49.117825,  -99.500645,      131.303
  16,    3,   49.121065,  -99.348999,      112.366
  17,    3,   49.124195,  -99.197342,      102.428
  18,    3,   49.127213,  -99.045675,      101.366
  19,    3,   49.130120,  -98.893998,      107.428
  20,    3,   49.132916,  -98.742311,      113.928
  21,    3,   49.135601,  -98.590614,      114.366
  22,    3,   49.138175,  -98.438909,      110.553
  23,    3,   49.140637,  -98.287195,      110.678
  24,    3,   49.142989,  -98.135472,      108.241
  25,    3,   49.145229,  -97.983742,      102.428
  26,    3,   49.147358,  -97.832005,       95.616
  27,    3,   49.149376,  -97.680260,       94.116
  28,    3,   49.151283,  -97.528508,       95.803
  29,    3,   49.153079,  -97.376750,       99.678
  30,    3,   49.154764,  -97.224987,      105.241
  31,    3,   49.156338,  -97.073217,      111.991
  32,    3,   49.157800,  -96.921443,      115.616
  33,    3,   49.159151,  -96.769663,      118.616
  34,    3,   49.160391,  -96.617880,      120.116
  35,    3,   49.161520,  -96.466092,      112.428
  36,    3,   49.162538,  -96.314300,       84.428
  37,    3,   49.163445,  -96.162505,      117.491
  38,    3,   49.164241,  -96.010708,      140.553
  39,    3,   49.164925,  -95.858907,      141.366
  40,    3,   49.165498,  -95.707105,      143.491
  41,    3,   49.165960,  -95.555301,      142.803
  42,    3,   49.166311,  -95.403495,      142.866
  43,    3,   49.166551,  -95.251689,      122.491
  44,    3,   49.166680,  -95.099881,       70.928
   1,    4,   49.159986, -101.629744,       75.366
   2,    4,   49.164782, -101.478121,       86.303
   3,    4,   49.169468, -101.326482,       83.616
   4,    4,   49.174043, -101.174827,       90.616
   5,    4,   49.178506, -101.023157,      101.366
   6,    4,   49.182859, -100.871472,      115.241
   7,    4,   49.187100, -100.719771,      132.428
   8,    4,   49.191230, -100.568057,      154.928
   9,    4,   49.195249, -100.416329,      161.678
  10,    4,   49.199157, -100.264587,      152.991
  11,    4,   49.202954, -100.112832,      138.741
  12,    4,   49.206640,  -99.961064,      141.866
  13,    4,   49.210215,  -99.809283,      141.303
  14,    4,   49.213678,  -99.657491,      138.616
  15,    4,   49.217030,  -99.505687,      129.678
  16,    4,   49.220272,  -99.353871,      109.678
  17,    4,   49.223402,  -99.202045,      106.241
  18,    4,   49.226421,  -99.050208,      110.866
  19,    4,   49.229328,  -98.898361,      117.366
  20,    4,   49.232125,  -98.746504,      120.053
  21,    4,   49.234810,  -98.594637,      119.241
  22,    4,   49.237385,  -98.442762,      115.803
  23,    4,   49.239848,  -98.290878,      114.303
  24,    4,   49.242200,  -98.138986,      112.241
  25,    4,   49.244441,  -97.987086,      105.178
  26,    4,   49.246571,  -97.835178,       97.803
  27,    4,   49.248589,  -97.683264,       95.116
  28,    4,   49.250497,  -97.531342,       95.928
  29,    4,   49.252293,  -97.379414,       99.678
  30,    4,   49.253978,  -97.227480,      106.053
  31,    4,   49.255552,  -97.075541,      113.553
  32,    4,   49.257015,  -96.923596,      117.741
  33,    4,   49.258366,  -96.771647,      120.866
  34,    4,   49.259607,  -96.619693,      120.803
  35,    4,   49.260736,  -96.467735,      100.553
  36,    4,   49.261754,  -96.315774,      134.366
  37,    4,   49.262661,  -96.163809,      156.866
  38,    4,   49.263457,  -96.011841,      161.803
  39,    4,   49.264142,  -95.859870,      165.053
  40,    4,   49.264715,  -95.707898,      166.178
  41,    4,   49.265177,  -95.555923,      159.366
  42,    4,   49.265528,  -95.403948,      155.803
  43,    4,   49.265768,  -95.251971,      160.866
  44,    4,   49.265897,  -95.099993,      156.178
   1,    5,   49.259090, -101.637172,       69.241
   2,    5,   49.263888, -101.485380,       81.428
   3,    5,   49.268575, -101.333572,       80.428
   4,    5,   49.273150, -101.181747,       88.241
   5,    5,   49.277615, -101.029908,      102.241
   6,    5,   49.281968, -100.878053,      119.303
   7,    5,   49.286211, -100.726183,      138.178
   8,    5,   49.290342, -100.574299,      158.803
   9,    5,   49.294362, -100.422401,      163.616
  10,    5,   49.298271, -100.270489,      154.053
  11,    5,   49.302068, -100.118564,      138.866
  12,    5,   49.305755,  -99.966626,      136.428
  13,    5,   49.309330,  -99.814676,      134.678
  14,    5,   49.312795,  -99.662713,      131.428
  15,    5,   49.316148,  -99.510739,      122.616
  16,    5,   49.319390,  -99.358754,      103.928
  17,    5,   49.322521,  -99.206757,       98.116
  18,    5,   49.325540,  -99.054750,       98.741
  19,    5,   49.328449,  -98.902733,      105.991
  20,    5,   49.331246,  -98.750706,      121.116
  21,    5,   49.333932,  -98.598670,      124.803
  22,    5,   49.336507,  -98.446624,      121.928
  23,    5,   49.338971,  -98.294570,      121.241
  24,    5,   49.341323,  -98.142507,      120.678
  25,    5,   49.343565,  -97.990437,      112.428
  26,    5,   49.345695,  -97.838359,      101.678
  27,    5,   49.347714,  -97.686274,       95.991
  28,    5,   49.349622,  -97.534182,       95.116
  29,    5,   49.351419,  -97.382084,       98.303
  30,    5,   49.353104,  -97.229980,      105.991
  31,    5,   49.354678,  -97.077870,      115.616
  32,    5,   49.356142,  -96.925755,      122.491
  33,    5,   49.357493,  -96.773635,      126.116
  34,    5,   49.358734,  -96.621511,      130.741
  35,    5,   49.359864,  -96.469382,      107.616
  36,    5,   49.360882,  -96.317250,      138.741
  37,    5,   49.361789,  -96.165115,      174.803
  38,    5,   49.362585,  -96.012976,      180.616
  39,    5,   49.363270,  -95.860835,      182.241
  40,    5,   49.363843,  -95.708692,      179.678
  41,    5,   49.364306,  -95.556547,      169.366
  42,    5,   49.364657,  -95.404401,      162.678
  43,    5,   49.364897,  -95.252254,      179.116
  44,    5,   49.365026,  -95.100106,      185.241
   1,    6,   49.358106, -101.644617,       69.928
   2,    6,   49.362905, -101.492655,       78.678
   3,    6,   49.367593, -101.340677,       81.866
   4,    6,   49.372169, -101.188683,       88.616
   5,    6,   49.376635, -101.036673,      100.866
   6,    6,   49.380990, -100.884648,      117.616
   7,    6,   49.385233, -100.732609,      141.303
   8,    6,   49.389365, -100.580555,      158.866
   9,    6,   49.393386, -100.428486,      163.678
  10,    6,   49.397296, -100.276405,      153.928
  11,    6,   49.401094, -100.124309,      137.116
  12,    6,   49.404782,  -99.972201,      128.616
  13,    6,   49.408358,  -99.820081,      125.741
  14,    6,   49.411823,  -99.667948,      122.116
  15,    6,   49.415177,  -99.515803,      110.803
  16,    6,   49.418420,  -99.363648,       98.866
  17,    6,   49.421551,  -99.211481,      101.241
  18,    6,   49.424571,  -99.059303,      108.303
  19,    6,   49.427481,  -98.907116,      113.928
  20,    6,   49.430279,  -98.754918,      120.866
  21,    6,   49.432965,  -98.602711,      124.741
  22,    6,   49.435541,  -98.450495,      126.616
  23,    6,   49.438005,  -98.298270,      128.053
  24,    6,   49.440358,  -98.146037,      128.741
  25,    6,   49.442600,  -97.993796,      121.303
  26,    6,   49.444731,  -97.841547,      106.741
  27,    6,   49.446750,  -97.689291,       97.116
  28,    6,   49.448659,  -97.537029,       95.803
  29,    6,   49.450456,  -97.384760,       99.616
  30,    6,   49.452142,  -97.232485,      108.053
  31,    6,   49.453716,  -97.080204,      118.241
  32,    6,   49.455180,  -96.927918,      126.678
  33,    6,   49.456532,  -96.775628,      131.241
  34,    6,   49.457773,  -96.623332,      132.053
  35,    6,   49.458903,  -96.471033,       85.741
  36,    6,   49.459921,  -96.318730,      110.803
  37,    6,   49.460829,  -96.166424,      185.116
  38,    6,   49.461625,  -96.014114,      190.241
  39,    6,   49.462310,  -95.861802,      190.366
  40,    6,   49.462883,  -95.709488,      188.428
  41,    6,   49.463346,  -95.557173,      183.241
  42,    6,   49.463697,  -95.404855,      180.116
  43,    6,   49.463937,  -95.252537,      194.053
  44,    6,   49.464066,  -95.100218,      191.866
   1,    7,   49.457033, -101.652079,       73.866
   2,    7,   49.461833, -101.499947,       79.928
   3,    7,   49.466522, -101.347799,       83.678
   4,    7,   49.471100, -101.195634,       90.428
   5,    7,   49.475567, -101.043454,      102.553
   6,    7,   49.479922, -100.891259,      117.741
   7,    7,   49.484166, -100.739049,      138.178
   8,    7,   49.488300, -100.586824,      154.428
   9,    7,   49.492321, -100.434586,      160.803
  10,    7,   49.496232, -100.282333,      153.116
  11,    7,   49.500032, -100.130068,      137.616
  12,    7,   49.503720,  -99.977789,      128.491
  13,    7,   49.507297,  -99.825498,      123.866
  14,    7,   49.510763,  -99.673194,      118.303
  15,    7,   49.514117,  -99.520879,      102.491
  16,    7,   49.517361,  -99.368552,       92.116
  17,    7,   49.520493,  -99.216215,       91.366
  18,    7,   49.523514,  -99.063866,       94.178
  19,    7,   49.526424,  -98.911508,       98.991
  20,    7,   49.529222,  -98.759139,      114.866
  21,    7,   49.531910,  -98.606761,      119.366
  22,    7,   49.534486,  -98.454374,      122.428
  23,    7,   49.536951,  -98.301978,      127.553
  24,    7,   49.539304,  -98.149574,      131.303
  25,    7,   49.541547,  -97.997162,      125.116
  26,    7,   49.543678,  -97.844742,      109.741
  27,    7,   49.545698,  -97.692315,       97.053
  28,    7,   49.547607,  -97.539882,       95.428
  29,    7,   49.549404,  -97.387442,       96.428
  30,    7,   49.551091,  -97.234995,      101.866
  31,    7,   49.552666,  -97.082544,      114.928
  32,    7,   49.554129,  -96.930086,      128.803
  33,    7,   49.555482,  -96.777625,      138.116
  34,    7,   49.556723,  -96.625158,      117.303
  35,    7,   49.557853,  -96.472687,      126.553
  36,    7,   49.558872,  -96.320213,      171.491
  37,    7,   49.559780,  -96.167735,      194.491
  38,    7,   49.560576,  -96.015255,      195.741
  39,    7,   49.561261,  -95.862772,      197.491
  40,    7,   49.561835,  -95.710286,      194.866
  41,    7,   49.562297,  -95.557799,      190.553
  42,    7,   49.562649,  -95.405311,      195.116
  43,    7,   49.562889,  -95.252821,      199.241
  44,    7,   49.563018,  -95.100331,      118.866
   1,    8,   49.555872, -101.659558,       77.053
   2,    8,   49.560673, -101.507255,       79.553
   3,    8,   49.565363, -101.354936,       83.741
   4,    8,   49.569942, -101.202601,       90.678
   5,    8,   49.574410, -101.050251,      101.616
   6,    8,   49.578766, -100.897885,      117.928
   7,    8,   49.583011, -100.745504,      134.491
   8,    8,   49.587145, -100.593108,      148.303
   9,    8,   49.591168, -100.440699,      155.991
  10,    8,   49.595080, -100.288275,      151.303
  11,    8,   49.598880, -100.135839,      139.866
  12,    8,   49.602569,  -99.983389,      130.803
  13,    8,   49.606147,  -99.830927,      122.116
  14,    8,   49.609613,  -99.678452,      110.053
  15,    8,   49.612969,  -99.525966,       97.803
  16,    8,   49.616213,  -99.373468,       83.991
  17,    8,   49.619346,  -99.220959,       85.866
  18,    8,   49.622368,  -99.068440,      103.616
  19,    8,   49.625278,  -98.915910,       89.616
  20,    8,   49.628077,  -98.763370,      108.303
  21,    8,   49.630765,  -98.610821,      116.428
  22,    8,   49.633342,  -98.458262,      120.741
  23,    8,   49.635807,  -98.305695,      127.303
  24,    8,   49.638162,  -98.153119,      127.803
  25,    8,   49.640405,  -98.000536,      123.678
  26,    8,   49.642536,  -97.847945,      112.553
  27,    8,   49.644557,  -97.695346,       99.741
  28,    8,   49.646466,  -97.542741,       96.866
  29,    8,   49.648264,  -97.390129,       99.553
  30,    8,   49.649950,  -97.237512,      113.303
  31,    8,   49.651526,  -97.084888,      124.741
  32,    8,   49.652990,  -96.932260,      129.053
  33,    8,   49.654343,  -96.779626,      141.553
  34,    8,   49.655584,  -96.626988,      106.178
  35,    8,   49.656714,  -96.474346,      127.741
  36,    8,   49.657733,  -96.321700,      191.803
  37,    8,   49.658641,  -96.169050,      204.116
  38,    8,   49.659438,  -96.016398,      202.991
  39,    8,   49.660123,  -95.863743,      203.303
  40,    8,   49.660697,  -95.711086,      200.866
  41,    8,   49.661160,  -95.558427,      196.866
  42,    8,   49.661511,  -95.405767,      209.116
  43,    8,   49.661751,  -95.253106,      207.241
  44,    8,   49.661880,  -95.100444,      180.616
   1,    9,   49.654622, -101.667053,       77.178
   2,    9,   49.659424, -101.514580,       79.241
   3,    9,   49.664115, -101.362090,       83.616
   4,    9,   49.668695, -101.209584,       90.803
   5,    9,   49.673163, -101.057062,      103.053
   6,    9,   49.677521, -100.904525,      118.116
   7,    9,   49.681767, -100.751973,      131.178
   8,    9,   49.685902, -100.599406,      141.116
   9,    9,   49.689925, -100.446826,      147.428
  10,    9,   49.693838, -100.294231,      145.741
  11,    9,   49.697639, -100.141623,      137.553
  12,    9,   49.701329,  -99.989002,      128.053
  13,    9,   49.704908,  -99.836368,      115.803
  14,    9,   49.708375,  -99.683722,       92.866
  15,    9,   49.711731,  -99.531064,      100.366
  16,    9,   49.714976,  -99.378395,       89.366
  17,    9,   49.718110,  -99.225715,       91.053
  18,    9,   49.721132,  -99.073023,      113.428
  19,    9,   49.724043,  -98.920322,       79.428
  20,    9,   49.726843,  -98.767610,       95.116
  21,    9,   49.729531,  -98.614889,      110.991
  22,    9,   49.732109,  -98.462159,      117.866
  23,    9,   49.734575,  -98.309420,      124.553
  24,    9,   49.736929,  -98.156673,      123.428
  25,    9,   49.739173,  -98.003917,      122.928
  26,    9,   49.741305,  -97.851154,      117.053
  27,    9,   49.743326,  -97.698384,      104.803
  28,    9,   49.745235,  -97.545607,       98.428
  29,    9,   49.747034,  -97.392823,       96.178
  30,    9,   49.748721,  -97.240034,       95.428
  31,    9,   49.750296,  -97.087238,       94.241
  32,    9,   49.751761,  -96.934438,       99.053
  33,    9,   49.753114,  -96.781632,      133.303
  34,    9,   49.754356,  -96.628822,      109.366
  35,    9,   49.755486,  -96.476008,      117.991
  36,    9,   49.756506,  -96.323190,      201.803
  37,    9,   49.757414,  -96.170368,      215.553
  38,    9,   49.758210,  -96.017544,      216.241
  39,    9,   49.758896,  -95.864717,      214.678
  40,    9,   49.759470,  -95.711888,      212.803
  41,    9,   49.759932,  -95.559057,      209.928
  42,    9,   49.760284,  -95.406224,      219.803
  43,    9,   49.760524,  -95.253391,      220.241
  44,    9,   49.760653,  -95.100557,      210.178
   1,   10,   49.753282, -101.674565,       75.866
   2,   10,   49.758085, -101.521921,       77.928
   3,   10,   49.762777, -101.369259,       82.178
   4,   10,   49.767358, -101.216582,       88.928
   5,   10,   49.771827, -101.063889,      100.803
   6,   10,   49.776186, -100.911180,      115.678
   7,   10,   49.780433, -100.758457,      125.616
   8,   10,   49.784569, -100.605719,      131.803
   9,   10,   49.788593, -100.452966,      137.678
  10,   10,   49.792507, -100.300200,      139.491
  11,   10,   49.796309, -100.147420,      133.616
  12,   10,   49.799999,  -99.994627,      123.303
  13,   10,   49.803579,  -99.841822,      110.178
  14,   10,   49.807047,  -99.689004,       83.741
  15,   10,   49.810404,  -99.536174,       89.991
  16,   10,   49.813649,  -99.383333,       88.803
  17,   10,   49.816784,  -99.230481,       82.178
  18,   10,   49.819807,  -99.077617,       88.616
  19,   10,   49.822718,  -98.924744,       77.053
  20,   10,   49.825519,  -98.771860,       88.866
  21,   10,   49.828208,  -98.618967,      101.928
  22,   10,   49.830786,  -98.466065,      109.678
  23,   10,   49.833252,  -98.313154,      120.366
  24,   10,   49.835607,  -98.160234,      125.116
  25,   10,   49.837851,  -98.007306,      125.866
  26,   10,   49.839984,  -97.854371,      122.366
  27,   10,   49.842005,  -97.701429,      108.053
  28,   10,   49.843915,  -97.548479,      107.803
  29,   10,   49.845714,  -97.395523,       95.366
  30,   10,   49.847401,  -97.242561,       99.303
  31,   10,   49.848977,  -97.089593,      142.303
  32,   10,   49.850442,  -96.936620,      100.553
  33,   10,   49.851796,  -96.783642,      123.553
  34,   10,   49.853038,  -96.630660,      120.803
  35,   10,   49.854168,  -96.477673,      113.866
  36,   10,   49.855188,  -96.324683,      204.303
  37,   10,   49.856096,  -96.171689,      220.553
  38,   10,   49.856893,  -96.018692,      225.553
  39,   10,   49.857578,  -95.865693,      225.553
  40,   10,   49.858153,  -95.712691,      222.053
  41,   10,   49.858615,  -95.559688,      220.241
  42,   10,   49.858967,  -95.406683,      223.178
  43,   10,   49.859207,  -95.253677,      222.553
  44,   10,   49.859336,  -95.100671,      213.991
   1,   11,   49.851852, -101.682094,       74.178
   2,   11,   49.856656, -101.529278,       77.303
   3,   11,   49.861349, -101.376445,       81.678
   4,   11,   49.865931, -101.223596,       88.553
   5,   11,   49.870402, -101.070731,       98.928
   6,   11,   49.874761, -100.917851,      105.491
   7,   11,   49.879009, -100.764955,      111.741
   8,   11,   49.883146, -100.612045,      123.678
   9,   11,   49.887171, -100.459121,      135.366
  10,   11,   49.891085, -100.306182,      138.616
  11,   11,   49.894888, -100.153230,      136.241
  12,   11,   49.898580, -100.000265,      131.116
  13,   11,   49.902160,  -99.847288,      123.178
  14,   11,   49.905629,  -99.694298,       97.366
  15,   11,   49.908986,  -99.541296,       93.053
  16,   11,   49.912233,  -99.388282,       93.678
  17,   11,   49.915368,  -99.235257,       90.991
  18,   11,   49.918391,  -99.082222,       91.428
  19,   11,   49.921304,  -98.929176,       90.366
  20,   11,   49.924105,  -98.776120,       94.491
  21,   11,   49.926794,  -98.623054,      101.553
  22,   11,   49.929373,  -98.469979,      106.553
  23,   11,   49.931840,  -98.316896,      116.178
  24,   11,   49.934196,  -98.163803,      120.616
  25,   11,   49.936440,  -98.010703,      124.991
  26,   11,   49.938573,  -97.857595,      128.491
  27,   11,   49.940595,  -97.704480,      112.741
  28,   11,   49.942505,  -97.551358,      116.178
  29,   11,   49.944304,  -97.398229,      103.428
  30,   11,   49.945992,  -97.245095,       93.428
  31,   11,   49.947568,  -97.091954,      121.616
  32,   11,   49.949033,  -96.938808,       69.928
  33,   11,   49.950387,  -96.785657,      107.491
  34,   11,   49.951630,  -96.632502,      133.241
  35,   11,   49.952761,  -96.479343,      105.491
  36,   11,   49.953780,  -96.326179,      196.928
  37,   11,   49.954689,  -96.173013,      226.553
  38,   11,   49.955486,  -96.019843,      235.616
  39,   11,   49.956171,  -95.866671,      235.303
  40,   11,   49.956746,  -95.713496,      222.991
  41,   11,   49.957209,  -95.560320,      218.553
  42,   11,   49.957560,  -95.407142,      214.616
  43,   11,   49.957800,  -95.253964,      207.178
  44,   11,   49.957929,  -95.100784,      195.241
   1,   12,   49.950332, -101.689641,       71.866
   2,   12,   49.955138, -101.536652,       75.491
   3,   12,   49.959832, -101.383647,       79.178
   4,   12,   49.964415, -101.230626,       86.741
   5,   12,   49.968886, -101.077589,       76.053
   6,   12,   49.973246, -100.924536,       93.116
   7,   12,   49.977495, -100.771468,      127.116
   8,   12,   49.981633, -100.618386,      120.303
   9,   12,   49.985659, -100.465289,      137.553
  10,   12,   49.989574, -100.312178,      143.428
  11,   12,   49.993378, -100.159054,      145.991
  12,   12,   49.997070, -100.005916,      147.553
  13,   12,   50.000651,  -99.852766,      142.303
  14,   12,   50.004121,  -99.699603,      122.741
  15,   12,   50.007479,  -99.546429,      104.803
  16,   12,   50.010726,  -99.393242,       88.991
  17,   12,   50.013861,  -99.240045,       82.366
  18,   12,   50.016886,  -99.086837,       88.116
  19,   12,   50.019799,  -98.933618,       94.241
  20,   12,   50.022600,  -98.780389,      100.553
  21,   12,   50.025291,  -98.627150,      101.741
  22,   12,   50.027870,  -98.473903,       98.928
  23,   12,   50.030337,  -98.320646,      107.053
  24,   12,   50.032693,  -98.167381,      117.053
  25,   12,   50.034938,  -98.014108,      126.491
  26,   12,   50.037072,  -97.860827,      131.803
  27,   12,   50.039094,  -97.707538,      124.866
  28,   12,   50.041005,  -97.554243,      123.303
  29,   12,   50.042804,  -97.400941,      114.803
  30,   12,   50.044492,  -97.247634,      104.491
  31,   12,   50.046069,  -97.094320,      117.866
  32,   12,   50.047534,  -96.941001,      117.991
  33,   12,   50.048888,  -96.787677,      136.303
  34,   12,   50.050131,  -96.634349,      139.241
  35,   12,   50.051262,  -96.481016,       91.491
  36,   12,   50.052282,  -96.327679,      187.428
  37,   12,   50.053191,  -96.174340,      189.366
  38,   12,   50.053988,  -96.020997,      167.678
  39,   12,   50.054674,  -95.867651,      230.741
  40,   12,   50.055248,  -95.714303,      203.803
  41,   12,   50.055711,  -95.560954,      199.803
  42,   12,   50.056063,  -95.407603,      189.053
  43,   12,   50.056303,  -95.254251,      174.053
  44,   12,   50.056432,  -95.100898,      128.741
   1,   13,   50.048722, -101.697204,       68.053
   2,   13,   50.053529, -101.544043,       72.678
   3,   13,   50.058224, -101.390865,       78.116
   4,   13,   50.062807, -101.237672,       81.928
   5,   13,   50.067280, -101.084462,       84.053
   6,   13,   50.071641, -100.931237,      106.803
   7,   13,   50.075891, -100.777996,      134.928
   8,   13,   50.080029, -100.624741,      132.553
   9,   13,   50.084056, -100.471471,      142.928
  10,   13,   50.087972, -100.318188,      150.616
  11,   13,   50.091777, -100.164890,      156.678
  12,   13,   50.095470, -100.011580,      162.053
  13,   13,   50.099051,  -99.858257,      158.428
  14,   13,   50.102522,  -99.704921,      145.553
  15,   13,   50.105881,  -99.551573,      128.366
  16,   13,   50.109128,  -99.398214,      111.241
  17,   13,   50.112265,  -99.244843,      103.491
  18,   13,   50.115290,  -99.091462,       95.053
  19,   13,   50.118203,  -98.938070,       98.991
  20,   13,   50.121005,  -98.784668,      103.366
  21,   13,   50.123696,  -98.631256,       82.741
  22,   13,   50.126276,  -98.477835,       97.866
  23,   13,   50.128744,  -98.324405,      105.991
  24,   13,   50.131101,  -98.170966,      108.491
  25,   13,   50.133346,  -98.017520,      115.116
  26,   13,   50.135480,  -97.864065,      131.616
  27,   13,   50.137502,  -97.710604,      138.241
  28,   13,   50.139414,  -97.557135,      133.616
  29,   13,   50.141214,  -97.403660,      124.366
  30,   13,   50.142902,  -97.250178,      117.366
  31,   13,   50.144479,  -97.096691,      125.053
  32,   13,   50.145945,  -96.943199,      131.178
  33,   13,   50.147299,  -96.789701,      143.678
  34,   13,   50.148542,  -96.636199,      158.803
  35,   13,   50.149673,  -96.482693,       97.803
  36,   13,   50.150694,  -96.329183,      175.616
  37,   13,   50.151602,  -96.175669,      193.741
  38,   13,   50.152400,  -96.022153,      181.366
  39,   13,   50.153086,  -95.868634,      230.553
  40,   13,   50.153660,  -95.715112,      179.741
  41,   13,   50.154123,  -95.561589,      143.303
  42,   13,   50.154475,  -95.408065,      133.991
  43,   13,   50.154715,  -95.254539,      136.241
  44,   13,   50.154844,  -95.101013,       64.303
   1,   14,   50.147021, -101.704784,       65.241
   2,   14,   50.151829, -101.551450,       71.303
   3,   14,   50.156525, -101.398100,       75.616
   4,   14,   50.161110, -101.244733,       75.866
   5,   14,   50.165583, -101.091351,       93.928
   6,   14,   50.169945, -100.937952,      118.053
   7,   14,   50.174196, -100.784539,      128.866
   8,   14,   50.178335, -100.631110,      132.491
   9,   14,   50.182363, -100.477668,      140.303
  10,   14,   50.186279, -100.324211,      150.303
  11,   14,   50.190085, -100.170740,      161.553
  12,   14,   50.193779, -100.017257,      169.428
  13,   14,   50.197361,  -99.863760,      167.616
  14,   14,   50.200832,  -99.710251,      158.553
  15,   14,   50.204192,  -99.556730,      140.866
  16,   14,   50.207440,  -99.403197,      113.116
  17,   14,   50.210577,  -99.249653,       97.428
  18,   14,   50.213603,  -99.096097,       92.553
  19,   14,   50.216517,  -98.942532,       99.178
  20,   14,   50.219320,  -98.788956,      104.241
  21,   14,   50.222011,  -98.635371,       67.491
  22,   14,   50.224591,  -98.481776,      100.178
  23,   14,   50.227060,  -98.328172,      107.991
  24,   14,   50.229417,  -98.174560,      104.428
  25,   14,   50.231663,  -98.020940,      131.116
  26,   14,   50.233797,  -97.867311,      137.928
  27,   14,   50.235820,  -97.713676,      138.928
  28,   14,   50.237732,  -97.560033,      135.741
  29,   14,   50.239532,  -97.406384,      129.116
  30,   14,   50.241221,  -97.252729,      121.928
  31,   14,   50.242798,  -97.099068,      125.178
  32,   14,   50.244264,  -96.945401,      128.303
  33,   14,   50.245619,  -96.791730,      135.928
  34,   14,   50.246862,  -96.638054,      159.866
  35,   14,   50.247994,  -96.484374,      123.428
  36,   14,   50.249014,  -96.330690,      163.428
  37,   14,   50.249923,  -96.177002,      191.866
  38,   14,   50.250720,  -96.023312,      161.116
  39,   14,   50.251406,  -95.869618,      150.866
  40,   14,   50.251981,  -95.715923,      122.803
  41,   14,   50.252444,  -95.562226,      108.616
  42,   14,   50.252796,  -95.408527,      101.241
  43,   14,   50.253037,  -95.254827,       73.241
  44,   14,   50.253166,  -95.101127,       56.866
   1,   15,   50.245229, -101.712381,       58.491
   2,   15,   50.250038, -101.558875,       67.116
   3,   15,   50.254735, -101.405351,       68.428
   4,   15,   50.259321, -101.251811,       76.928
   5,   15,   50.263795, -101.098255,       99.428
   6,   15,   50.268158, -100.944683,      127.303
   7,   15,   50.272409, -100.791096,      132.428
   8,   15,   50.276550, -100.637494,      135.991
   9,   15,   50.280578, -100.483878,      145.366
  10,   15,   50.284496, -100.330247,      157.553
  11,   15,   50.288302, -100.176603,      165.741
  12,   15,   50.291996, -100.022946,      169.803
  13,   15,   50.295580,  -99.869275,      169.741
  14,   15,   50.299051,  -99.715593,      163.241
  15,   15,   50.302412,  -99.561898,      150.741
  16,   15,   50.305661,  -99.408191,      130.678
  17,   15,   50.308798,  -99.254473,      117.678
  18,   15,   50.311825,  -99.100744,      105.803
  19,   15,   50.314739,  -98.947004,      102.303
  20,   15,   50.317543,  -98.793254,      117.491
  21,   15,   50.320235,  -98.639495,       84.741
  22,   15,   50.322815,  -98.485726,       94.553
  23,   15,   50.325284,  -98.331948,      105.491
  24,   15,   50.327642,  -98.178162,      112.053
  25,   15,   50.329888,  -98.024367,      154.928
  26,   15,   50.332023,  -97.870565,      160.928
  27,   15,   50.334047,  -97.716755,      152.303
  28,   15,   50.335958,  -97.562938,      137.491
  29,   15,   50.337759,  -97.409115,      128.803
  30,   15,   50.339448,  -97.255285,      120.803
  31,   15,   50.341026,  -97.101450,      123.866
  32,   15,   50.342492,  -96.947609,      123.803
  33,   15,   50.343847,  -96.793763,      110.241
  34,   15,   50.345090,  -96.639913,      157.678
  35,   15,   50.346222,  -96.486058,      148.303
  36,   15,   50.347243,  -96.332200,      131.053
  37,   15,   50.348152,  -96.178338,      122.803
  38,   15,   50.348950,  -96.024473,       99.866
  39,   15,   50.349636,  -95.870605,      108.866
  40,   15,   50.350211,  -95.716736,      114.928
  41,   15,   50.350674,  -95.562864,      121.491
  42,   15,   50.351026,  -95.408991,      110.866
  43,   15,   50.351266,  -95.255117,       76.491
  44,   15,   50.351396,  -95.101242,       70.491
   1,   16,   50.343346, -101.719996,       59.803
   2,   16,   50.348156, -101.566316,       82.741
   3,   16,   50.352854, -101.412619,       90.303
   4,   16,   50.357440, -101.258905,       93.991
   5,   16,   50.361916, -101.105175,      106.303
   6,   16,   50.366279, -100.951429,      125.616
   7,   16,   50.370532, -100.797669,      128.116
   8,   16,   50.374673, -100.643893,      134.303
   9,   16,   50.378702, -100.490102,      142.053
  10,   16,   50.382621, -100.336298,      147.866
  11,   16,   50.386427, -100.182480,      153.491
  12,   16,   50.390123, -100.028648,      167.366
  13,   16,   50.393707,  -99.874804,      167.366
  14,   16,   50.397179,  -99.720947,      158.116
  15,   16,   50.400540,  -99.567077,      147.366
  16,   16,   50.403790,  -99.413196,      135.741
  17,   16,   50.406928,  -99.259304,      122.553
  18,   16,   50.409955,  -99.105400,      113.803
  19,   16,   50.412870,  -98.951486,      112.678
  20,   16,   50.415674,  -98.797562,      110.366
  21,   16,   50.418367,  -98.643628,       68.366
  22,   16,   50.420948,  -98.489685,       73.803
  23,   16,   50.423417,  -98.335733,       99.053
  24,   16,   50.425776,  -98.181772,      127.428
  25,   16,   50.428022,  -98.027803,      166.241
  26,   16,   50.430158,  -97.873826,      174.053
  27,   16,   50.432181,  -97.719841,      163.366
  28,   16,   50.434094,  -97.565850,      143.178
  29,   16,   50.435895,  -97.411852,      133.678
  30,   16,   50.437584,  -97.257848,      120.803
  31,   16,   50.439162,  -97.103837,      121.741
  32,   16,   50.440629,  -96.949822,      122.428
  33,   16,   50.441984,  -96.795801,      106.553
  34,   16,   50.443227,  -96.641776,      148.116
  35,   16,   50.444360,  -96.487747,      125.053
  36,   16,   50.445380,  -96.333714,      109.991
  37,   16,   50.446290,  -96.179677,      167.741
  38,   16,   50.447088,  -96.025637,      175.178
  39,   16,   50.447774,  -95.871595,      137.991
  40,   16,   50.448349,  -95.717550,      119.303
  41,   16,   50.448812,  -95.563504,      125.366
  42,   16,   50.449164,  -95.409456,      105.053
  43,   16,   50.449405,  -95.255407,       85.241
  44,   16,   50.449534,  -95.101357,      101.616
   1,   17,   50.441372, -101.727628,       66.303
   2,   17,   50.446182, -101.573774,       80.553
   3,   17,   50.450881, -101.419903,       84.741
   4,   17,   50.455468, -101.266015,       93.678
   5,   17,   50.459945, -101.112111,      106.241
   6,   17,   50.464309, -100.958191,      114.678
   7,   17,   50.468562, -100.804256,      120.303
   8,   17,   50.472704, -100.650306,      130.116
   9,   17,   50.476735, -100.496341,      144.803
  10,   17,   50.480654, -100.342362,      165.553
  11,   17,   50.484461, -100.188369,      172.366
  12,   17,   50.488157, -100.034363,      173.116
  13,   17,   50.491742,  -99.880344,      158.678
  14,   17,   50.495215,  -99.726313,      159.053
  15,   17,   50.498577,  -99.572269,      160.678
  16,   17,   50.501827,  -99.418213,      144.928
  17,   17,   50.504966,  -99.264146,      120.991
  18,   17,   50.507993,  -99.110068,      105.303
  19,   17,   50.510909,  -98.955979,      109.928
  20,   17,   50.513714,  -98.801880,       95.991
  21,   17,   50.516407,  -98.647771,       94.553
  22,   17,   50.518989,  -98.493653,       93.928
  23,   17,   50.521459,  -98.339526,       96.616
  24,   17,   50.523817,  -98.185390,      133.053
  25,   17,   50.526064,  -98.031246,      167.803
  26,   17,   50.528200,  -97.877094,      181.866
  27,   17,   50.530224,  -97.722934,      175.678
  28,   17,   50.532137,  -97.568768,      156.741
  29,   17,   50.533938,  -97.414595,      136.491
  30,   17,   50.535628,  -97.260416,      124.241
  31,   17,   50.537207,  -97.106230,      116.116
  32,   17,   50.538673,  -96.952040,      107.741
  33,   17,   50.540029,  -96.797844,      118.366
  34,   17,   50.541273,  -96.643644,      161.241
  35,   17,   50.542405,  -96.489439,      167.803
  36,   17,   50.543426,  -96.335231,      146.741
  37,   17,   50.544336,  -96.181019,      143.116
  38,   17,   50.545133,  -96.026804,      147.241
  39,   17,   50.545820,  -95.872586,      127.991
  40,   17,   50.546395,  -95.718366,      118.241
  41,   17,   50.546859,  -95.564145,      120.491
  42,   17,   50.547211,  -95.409921,      100.741
  43,   17,   50.547451,  -95.255697,      101.178
  44,   17,   50.547580,  -95.101472,      134.303
   1,   18,   50.539305, -101.735277,       73.303
   2,   18,   50.544116, -101.581249,       79.428
   3,   18,   50.548816, -101.427203,       83.053
   4,   18,   50.553405, -101.273141,       93.491
   5,   18,   50.557882, -101.119062,      109.178
   6,   18,   50.562247, -100.964968,      113.366
   7,   18,   50.566501, -100.810858,      120.053
   8,   18,   50.570644, -100.656733,      130.553
   9,   18,   50.574675, -100.502594,      141.803
  10,   18,   50.578595, -100.348440,      146.866
  11,   18,   50.582403, -100.194273,      151.678
  12,   18,   50.586100, -100.040092,      104.928
  13,   18,   50.589685,  -99.885898,      108.428
  14,   18,   50.593159,  -99.731691,      226.241
  15,   18,   50.596522,  -99.577472,      222.178
  16,   18,   50.599772,  -99.423241,      162.116
  17,   18,   50.602912,  -99.268999,      105.991
  18,   18,   50.605940,  -99.114746,       78.428
  19,   18,   50.608856,  -98.960482,       91.303
  20,   18,   50.611662,  -98.806208,       70.553
  21,   18,   50.614355,  -98.651924,       75.678
  22,   18,   50.616937,  -98.497630,       90.491
  23,   18,   50.619408,  -98.343328,       98.428
  24,   18,   50.621767,  -98.189016,      132.116
  25,   18,   50.624014,  -98.034697,      164.553
  26,   18,   50.626151,  -97.880369,      177.866
  27,   18,   50.628175,  -97.726035,      171.741
  28,   18,   50.630088,  -97.571693,      156.866
  29,   18,   50.631890,  -97.417344,      143.303
  30,   18,   50.633580,  -97.262989,      130.241
  31,   18,   50.635159,  -97.108629,      112.366
  32,   18,   50.636626,  -96.954263,       86.678
  33,   18,   50.637982,  -96.799891,      113.491
  34,   18,   50.639226,  -96.645515,      150.241
  35,   18,   50.640358,  -96.491135,      165.866
  36,   18,   50.641379,  -96.336751,      151.241
  37,   18,   50.642289,  -96.182364,      125.678
  38,   18,   50.643087,  -96.027973,      103.741
  39,   18,   50.643774,  -95.873580,      108.053
  40,   18,   50.644349,  -95.719184,      128.303
  41,   18,   50.644813,  -95.564787,      110.366
  42,   18,   50.645165,  -95.410388,      117.866
  43,   18,   50.645405,  -95.255988,      141.678
  44,   18,   50.645535,  -95.101588,      164.053
   1,   19,   50.637146, -101.742944,       75.616
   2,   19,   50.641958, -101.588741,       78.491
   3,   19,   50.646659, -101.434520,       85.803
   4,   19,   50.651248, -101.280283,       96.741
   5,   19,   50.655726, -101.126029,      105.116
   6,   19,   50.660093, -100.971760,      104.866
   7,   19,   50.664348, -100.817475,      112.928
   8,   19,   50.668491, -100.663175,      112.553
   9,   19,   50.672523, -100.508861,      110.303
  10,   19,   50.676444, -100.354532,      162.616
  11,   19,   50.680253, -100.200189,      188.428
  12,   19,   50.683950, -100.045833,      195.678
  13,   19,   50.687536,  -99.891464,      219.553
  14,   19,   50.691011,  -99.737081,      261.553
  15,   19,   50.694374,  -99.582687,      209.678
  16,   19,   50.697625,  -99.428281,      136.116
  17,   19,   50.700765,  -99.273863,       82.928
  18,   19,   50.703794,  -99.119434,       63.366
  19,   19,   50.706711,  -98.964995,       68.928
  20,   19,   50.709517,  -98.810545,       58.491
  21,   19,   50.712211,  -98.656085,       69.241
  22,   19,   50.714793,  -98.501616,      101.241
  23,   19,   50.717264,  -98.347138,      140.741
  24,   19,   50.719624,  -98.192651,      151.241
  25,   19,   50.721872,  -98.038156,      156.928
  26,   19,   50.724009,  -97.883653,      156.928
  27,   19,   50.726034,  -97.729142,      152.491
  28,   19,   50.727947,  -97.574624,      142.678
  29,   19,   50.729749,  -97.420100,      140.803
  30,   19,   50.731439,  -97.265569,      135.803
  31,   19,   50.733018,  -97.111032,      117.553
  32,   19,   50.734486,  -96.956490,       89.428
  33,   19,   50.735842,  -96.801943,      105.616
  34,   19,   50.737086,  -96.647391,      135.366
  35,   19,   50.738219,  -96.492835,      159.803
  36,   19,   50.739240,  -96.338275,      152.678
  37,   19,   50.740150,  -96.183712,      120.616
  38,   19,   50.740948,  -96.029145,      100.116
  39,   19,   50.741635,  -95.874576,      104.803
  40,   19,   50.742210,  -95.720004,      134.553
  41,   19,   50.742674,  -95.565431,      123.803
  42,   19,   50.743026,  -95.410856,      148.366
  43,   19,   50.743267,  -95.256280,      167.116
  44,   19,   50.743396,  -95.101704,      165.803
   1,   20,   50.734895, -101.750628,       74.678
   2,   20,   50.739708, -101.596250,       76.303
   3,   20,   50.744409, -101.441854,       86.241
   4,   20,   50.749000, -101.287441,      102.866
   5,   20,   50.753478, -101.133013,      112.678
   6,   20,   50.757846, -100.978568,      118.178
   7,   20,   50.762101, -100.824108,      103.678
   8,   20,   50.766246, -100.669632,       95.991
   9,   20,   50.770278, -100.515142,       94.116
  10,   20,   50.774200, -100.360638,      189.491
  11,   20,   50.778009, -100.206119,      219.116
  12,   20,   50.781708, -100.051587,      236.116
  13,   20,   50.785294,  -99.897042,      258.741
  14,   20,   50.788770,  -99.742484,      263.053
  15,   20,   50.792133,  -99.587914,      178.741
  16,   20,   50.795386,  -99.433332,      112.803
  17,   20,   50.798526,  -99.278738,       82.678
  18,   20,   50.801555,  -99.124134,       68.053
  19,   20,   50.804473,  -98.969518,       67.678
  20,   20,   50.807279,  -98.814892,       77.678
  21,   20,   50.809974,  -98.660257,       97.803
  22,   20,   50.812557,  -98.505611,      118.178
  23,   20,   50.815028,  -98.350957,      124.303
  24,   20,   50.817388,  -98.196294,      128.741
  25,   20,   50.819637,  -98.041623,      128.803
  26,   20,   50.821774,  -97.886943,      126.616
  27,   20,   50.823799,  -97.732256,      130.428
  28,   20,   50.825713,  -97.577562,      128.803
  29,   20,   50.827515,  -97.422862,      134.053
  30,   20,   50.829206,  -97.268155,      133.553
  31,   20,   50.830785,  -97.113442,      104.803
  32,   20,   50.832253,  -96.958723,       88.553
  33,   20,   50.833609,  -96.804000,      106.741
  34,   20,   50.834854,  -96.649272,      139.678
  35,   20,   50.835987,  -96.494539,      166.303
  36,   20,   50.837008,  -96.339803,      145.553
  37,   20,   50.837918,  -96.185063,      113.178
  38,   20,   50.838717,  -96.030320,      101.678
  39,   20,   50.839404,  -95.875574,      119.428
  40,   20,   50.839979,  -95.720826,      140.116
  41,   20,   50.840443,  -95.566076,      166.303
  42,   20,   50.840795,  -95.411325,      182.928
  43,   20,   50.841036,  -95.256573,      184.428
  44,   20,   50.841165,  -95.101820,      181.491
   1,   21,   50.832550, -101.758330,       72.553
   2,   21,   50.837364, -101.603776,       76.116
   3,   21,   50.842067, -101.449204,       87.116
   4,   21,   50.846658, -101.294616,      102.178
   5,   21,   50.851138, -101.140012,       98.178
   6,   21,   50.855506, -100.985391,       63.928
   7,   21,   50.859762, -100.830755,       90.241
   8,   21,   50.863907, -100.676104,      160.678
   9,   21,   50.867941, -100.521438,      170.491
  10,   21,   50.871863, -100.366757,      208.116
  11,   21,   50.875673, -100.212063,      231.491
  12,   21,   50.879372, -100.057355,      246.991
  13,   21,   50.882960,  -99.902633,      246.553
  14,   21,   50.886436,  -99.747899,      197.803
  15,   21,   50.889800,  -99.593153,      126.991
  16,   21,   50.893053,  -99.438395,       81.491
  17,   21,   50.896194,  -99.283625,       69.803
  18,   21,   50.899224,  -99.128844,       61.928
  19,   21,   50.902142,  -98.974052,       67.741
  20,   21,   50.904949,  -98.819250,       76.178
  21,   21,   50.907644,  -98.664438,       89.428
  22,   21,   50.910227,  -98.509616,      125.991
  23,   21,   50.912699,  -98.354785,      115.678
  24,   21,   50.915060,  -98.199945,      106.741
  25,   21,   50.917309,  -98.045097,      102.678
  26,   21,   50.919446,  -97.890241,      104.803
  27,   21,   50.921472,  -97.735378,      115.678
  28,   21,   50.923386,  -97.580507,      119.553
  29,   21,   50.925189,  -97.425630,      125.553
  30,   21,   50.926880,  -97.270746,      126.803
  31,   21,   50.928459,  -97.115857,       70.116
  32,   21,   50.929927,  -96.960961,       76.491
  33,   21,   50.931284,  -96.806061,      108.428
  34,   21,   50.932528,  -96.651156,      137.366
  35,   21,   50.933662,  -96.496247,      129.803
  36,   21,   50.934683,  -96.341334,      124.928
  37,   21,   50.935594,  -96.186417,      116.491
  38,   21,   50.936392,  -96.031497,      112.991
  39,   21,   50.937079,  -95.876575,      132.428
  40,   21,   50.937655,  -95.721650,      160.178
  41,   21,   50.938119,  -95.566723,      190.866
  42,   21,   50.938471,  -95.411795,      199.491
  43,   21,   50.938712,  -95.256866,      190.741
  44,   21,   50.938841,  -95.101936,      208.303
   1,   22,   50.930113, -101.766049,       69.928
   2,   22,   50.934928, -101.611319,       75.928
   3,   22,   50.939631, -101.456572,       87.178
   4,   22,   50.944223, -101.301807,       98.866
   5,   22,   50.948704, -101.147027,       85.991
   6,   22,   50.953073, -100.992230,      102.803
   7,   22,   50.957330, -100.837418,      143.116
   8,   22,   50.961476, -100.682590,      171.616
   9,   22,   50.965510, -100.527748,      183.491
  10,   22,   50.969433, -100.372891,      202.303
  11,   22,   50.973244, -100.218020,      225.178
  12,   22,   50.976944, -100.063135,      233.553
  13,   22,   50.980532,  -99.908238,      207.803
  14,   22,   50.984008,  -99.753327,      121.678
  15,   22,   50.987373,  -99.598404,       70.116
  16,   22,   50.990627,  -99.443469,       58.366
  17,   22,   50.993768,  -99.288522,       57.803
  18,   22,   50.996799,  -99.133565,       56.866
  19,   22,   50.999718,  -98.978596,       62.491
  20,   22,   51.002525,  -98.823617,       68.803
  21,   22,   51.005220,  -98.668628,       65.991
  22,   22,   51.007804,  -98.513629,       93.241
  23,   22,   51.010277,  -98.358622,       94.991
  24,   22,   51.012638,  -98.203605,       96.241
  25,   22,   51.014887,  -98.048580,       98.366
  26,   22,   51.017025,  -97.893547,      100.053
  27,   22,   51.019051,  -97.738507,      106.741
  28,   22,   51.020965,  -97.583459,      111.178
  29,   22,   51.022768,  -97.428404,      117.178
  30,   22,   51.024460,  -97.273344,      126.053
  31,   22,   51.026040,  -97.118277,       66.116
  32,   22,   51.027508,  -96.963205,       71.303
  33,   22,   51.028865,  -96.808127,      102.991
  34,   22,   51.030110,  -96.653045,      124.241
  35,   22,   51.031243,  -96.497959,       69.616
  36,   22,   51.032265,  -96.342868,      102.491
  37,   22,   51.033175,  -96.187774,      125.866
  38,   22,   51.033974,  -96.032677,      131.741
  39,   22,   51.034661,  -95.877578,      156.866
  40,   22,   51.035237,  -95.722476,      190.866
  41,   22,   51.035701,  -95.567372,      204.178
  42,   22,   51.036053,  -95.412266,      195.741
  43,   22,   51.036294,  -95.257160,      193.491
  44,   22,   51.036423,  -95.102053,      227.428
   1,   23,   51.027582, -101.773786,       68.741
   2,   23,   51.032398, -101.618880,       75.616
   3,   23,   51.037102, -101.463956,       87.741
   4,   23,   51.041695, -101.309015,       99.678
   5,   23,   51.046176, -101.154058,       92.178
   6,   23,   51.050546, -100.999085,      103.616
   7,   23,   51.054804, -100.844096,      124.928
   8,   23,   51.058951, -100.689091,      148.803
   9,   23,   51.062986, -100.534072,      131.178
  10,   23,   51.066909, -100.379038,      152.678
  11,   23,   51.070721, -100.223991,      169.616
  12,   23,   51.074421, -100.068929,      165.116
  13,   23,   51.078010,  -99.913855,      127.741
  14,   23,   51.081487,  -99.758767,       82.491
  15,   23,   51.084853,  -99.603667,       63.116
  16,   23,   51.088107,  -99.448555,       55.803
  17,   23,   51.091249,  -99.293431,       56.303
  18,   23,   51.094280,  -99.138296,       52.553
  19,   23,   51.097199,  -98.983150,       73.116
  20,   23,   51.100007,  -98.827994,       95.928
  21,   23,   51.102703,  -98.672828,       92.553
  22,   23,   51.105288,  -98.517652,       92.991
  23,   23,   51.107761,  -98.362467,       94.866
  24,   23,   51.110122,  -98.207273,       96.491
  25,   23,   51.112372,  -98.052071,       95.553
  26,   23,   51.114510,  -97.896860,       87.741
  27,   23,   51.116536,  -97.741642,       93.741
  28,   23,   51.118451,  -97.586417,      100.366
  29,   23,   51.120255,  -97.431185,       99.928
  30,   23,   51.121946,  -97.275947,      128.866
  31,   23,   51.123526,  -97.120703,       74.178
  32,   23,   51.124995,  -96.965453,       65.428
  33,   23,   51.126352,  -96.810198,      103.491
  34,   23,   51.127597,  -96.654938,      136.991
  35,   23,   51.128731,  -96.499674,      111.928
  36,   23,   51.129753,  -96.344406,      121.303
  37,   23,   51.130664,  -96.189135,      139.553
  38,   23,   51.131462,  -96.033860,      154.366
  39,   23,   51.132150,  -95.878583,      187.366
  40,   23,   51.132725,  -95.723303,      203.866
  41,   23,   51.133189,  -95.568021,      200.366
  42,   23,   51.133542,  -95.412738,      190.491
  43,   23,   51.133783,  -95.257454,      213.241
  44,   23,   51.133912,  -95.102170,      240.178
   1,   24,   51.124958, -101.781541,       68.678
   2,   24,   51.129774, -101.626458,       78.553
   3,   24,   51.134480, -101.471357,       91.678
   4,   24,   51.139073, -101.316239,       98.178
   5,   24,   51.143555, -101.161105,       83.678
   6,   24,   51.147926, -101.005955,       73.116
   7,   24,   51.152185, -100.850789,       81.553
   8,   24,   51.156332, -100.695607,      132.053
   9,   24,   51.160368, -100.540411,       99.241
  10,   24,   51.164292, -100.385200,       69.616
  11,   24,   51.168104, -100.229975,       65.678
  12,   24,   51.171805, -100.074736,       78.741
  13,   24,   51.175395,  -99.919484,       60.741
  14,   24,   51.178873,  -99.764219,       78.678
  15,   24,   51.182239,  -99.608942,       95.428
  16,   24,   51.185493,  -99.453652,       71.241
  17,   24,   51.188636,  -99.298351,       64.178
  18,   24,   51.191668,  -99.143039,       54.928
  19,   24,   51.194588,  -98.987715,       69.053
  20,   24,   51.197396,  -98.832381,      110.928
  21,   24,   51.200092,  -98.677038,      134.366
  22,   24,   51.202677,  -98.521684,      113.491
  23,   24,   51.205151,  -98.366321,       88.116
  24,   24,   51.207512,  -98.210949,       76.866
  25,   24,   51.209762,  -98.055569,      133.491
  26,   24,   51.211901,  -97.900181,      105.678
  27,   24,   51.213928,  -97.744785,      101.491
  28,   24,   51.215843,  -97.589382,       94.991
  29,   24,   51.217647,  -97.433973,       80.366
  30,   24,   51.219339,  -97.278556,      128.803
  31,   24,   51.220919,  -97.123134,       94.678
  32,   24,   51.222388,  -96.967706,       74.678
  33,   24,   51.223745,  -96.812274,       97.991
  34,   24,   51.224991,  -96.656836,      130.428
  35,   24,   51.226125,  -96.501394,      143.991
  36,   24,   51.227147,  -96.345948,      145.178
  37,   24,   51.228058,  -96.190498,      155.741
  38,   24,   51.228857,  -96.035046,      176.928
  39,   24,   51.229544,  -95.879590,      205.741
  40,   24,   51.230120,  -95.724132,      211.991
  41,   24,   51.230584,  -95.568673,      201.491
  42,   24,   51.230936,  -95.413212,      193.741
  43,   24,   51.231177,  -95.257750,      230.491
  44,   24,   51.231307,  -95.102287,      245.616
   1,   25,   51.222239, -101.789313,       70.116
   2,   25,   51.227057, -101.634053,       83.616
   3,   25,   51.231763, -101.478775,       99.053
   4,   25,   51.236357, -101.323480,       92.241
   5,   25,   51.240840, -101.168168,       85.428
   6,   25,   51.245211, -101.012841,       90.803
   7,   25,   51.249471, -100.857497,      103.866
   8,   25,   51.253619, -100.702138,       89.741
   9,   25,   51.257655, -100.546764,       75.616
  10,   25,   51.261580, -100.391376,       74.803
  11,   25,   51.265394, -100.235973,       77.053
  12,   25,   51.269095, -100.080557,       71.866
  13,   25,   51.272685,  -99.925127,       60.491
  14,   25,   51.276164,  -99.769684,       85.866
  15,   25,   51.279530,  -99.614229,      119.741
  16,   25,   51.282786,  -99.458762,       92.303
  17,   25,   51.285929,  -99.303283,       77.178
  18,   25,   51.288961,  -99.147792,       65.428
  19,   25,   51.291881,  -98.992291,       79.053
  20,   25,   51.294690,  -98.836779,      136.553
  21,   25,   51.297387,  -98.681257,      132.741
  22,   25,   51.299973,  -98.525725,      127.553
  23,   25,   51.302446,  -98.370184,      118.491
  24,   25,   51.304808,  -98.214634,      105.366
  25,   25,   51.307059,  -98.059076,      164.366
  26,   25,   51.309198,  -97.903510,      120.866
  27,   25,   51.311225,  -97.747936,       73.428
  28,   25,   51.313141,  -97.592354,       57.241
  29,   25,   51.314945,  -97.436766,      109.053
  30,   25,   51.316637,  -97.281172,      123.366
  31,   25,   51.318218,  -97.125571,      107.366
  32,   25,   51.319687,  -96.969965,       89.491
  33,   25,   51.321044,  -96.814354,      103.553
  34,   25,   51.322290,  -96.658738,       98.241
  35,   25,   51.323424,  -96.503117,       94.803
  36,   25,   51.324447,  -96.347493,      113.991
  37,   25,   51.325357,  -96.191865,      165.678
  38,   25,   51.326157,  -96.036234,      197.553
  39,   25,   51.326844,  -95.880600,      216.678
  40,   25,   51.327420,  -95.724964,      216.553
  41,   25,   51.327884,  -95.569326,      207.866
  42,   25,   51.328237,  -95.413686,      215.928
  43,   25,   51.328478,  -95.258045,      230.178
  44,   25,   51.328607,  -95.102404,      232.991
   1,   26,   51.319426, -101.797103,       69.053
   2,   26,   51.324245, -101.641665,       77.116
   3,   26,   51.328951, -101.486210,       97.303
   4,   26,   51.333547, -101.330737,       88.241
   5,   26,   51.338030, -101.175248,       99.178
   6,   26,   51.342402, -101.019743,      129.116
   7,   26,   51.346663, -100.864221,      147.241
   8,   26,   51.350812, -100.708684,      133.616
   9,   26,   51.354849, -100.553132,      113.553
  10,   26,   51.358774, -100.397566,       93.553
  11,   26,   51.362588, -100.241985,      102.803
  12,   26,   51.366290, -100.086391,       94.241
  13,   26,   51.369881,  -99.930783,       76.366
  14,   26,   51.373360,  -99.775162,       90.741
  15,   26,   51.376728,  -99.619528,      126.053
  16,   26,   51.379983,  -99.463883,      111.616
  17,   26,   51.383127,  -99.308225,      103.741
  18,   26,   51.386160,  -99.152556,       95.428
  19,   26,   51.389081,  -98.996877,       97.241
  20,   26,   51.391890,  -98.841186,      153.866
  21,   26,   51.394587,  -98.685486,      144.928
  22,   26,   51.397173,  -98.529776,      158.991
  23,   26,   51.399647,  -98.374056,      175.616
  24,   26,   51.402010,  -98.218328,      109.616
  25,   26,   51.404261,  -98.062591,      167.241
  26,   26,   51.406400,  -97.906846,      176.928
  27,   26,   51.408428,  -97.751093,      138.616
  28,   26,   51.410344,  -97.595333,       40.303
  29,   26,   51.412148,  -97.439566,       85.116
  30,   26,   51.413841,  -97.283793,      103.991
  31,   26,   51.415422,  -97.128014,       98.241
  32,   26,   51.416891,  -96.972229,       78.241
  33,   26,   51.418249,  -96.816439,       78.178
  34,   26,   51.419495,  -96.660644,       64.366
  35,   26,   51.420629,  -96.504845,       84.366
  36,   26,   51.421652,  -96.349041,      140.741
  37,   26,   51.422562,  -96.193235,      181.366
  38,   26,   51.423362,  -96.037425,      219.053
  39,   26,   51.424049,  -95.881612,      226.616
  40,   26,   51.424625,  -95.725797,      218.241
  41,   26,   51.425090,  -95.569980,      211.991
  42,   26,   51.425442,  -95.414162,      219.991
  43,   26,   51.425683,  -95.258342,      211.053
  44,   26,   51.425813,  -95.102522,      203.116
   1,   27,   51.416518, -101.804912,       80.303
   2,   27,   51.421338, -101.649296,       97.053
   3,   27,   51.426046, -101.493662,      101.616
   4,   27,   51.430642, -101.338011,       81.866
   5,   27,   51.435126, -101.182344,       94.866
   6,   27,   51.439499, -101.026660,      136.866
   7,   27,   51.443760, -100.870960,      154.616
   8,   27,   51.447909, -100.715245,      172.491
   9,   27,   51.451947, -100.559515,      135.178
  10,   27,   51.455874, -100.403770,       60.741
  11,   27,   51.459688, -100.248011,       60.741
  12,   27,   51.463391, -100.092238,       70.428
  13,   27,   51.466982,  -99.936451,       93.303
  14,   27,   51.470462,  -99.780652,      112.678
  15,   27,   51.473830,  -99.624840,      122.991
  16,   27,   51.477086,  -99.469015,      108.116
  17,   27,   51.480231,  -99.313179,       96.803
  18,   27,   51.483264,  -99.157332,       88.178
  19,   27,   51.486185,  -99.001473,       93.053
  20,   27,   51.488995,  -98.845604,      143.928
  21,   27,   51.491693,  -98.689724,      116.866
  22,   27,   51.494279,  -98.533835,      127.741
  23,   27,   51.496754,  -98.377937,      167.866
  24,   27,   51.499117,  -98.222029,       63.178
  25,   27,   51.501368,  -98.066114,      133.866
  26,   27,   51.503508,  -97.910189,      180.241
  27,   27,   51.505536,  -97.754258,      159.241
  28,   27,   51.507452,  -97.598319,       57.428
  29,   27,   51.509257,  -97.442373,       78.116
  30,   27,   51.510949,  -97.286420,       86.366
  31,   27,   51.512531,  -97.130462,       77.366
  32,   27,   51.514000,  -96.974498,       63.116
  33,   27,   51.515358,  -96.818529,       68.303
  34,   27,   51.516604,  -96.662555,       86.116
  35,   27,   51.517739,  -96.506576,      124.116
  36,   27,   51.518762,  -96.350594,      170.741
  37,   27,   51.519673,  -96.194608,      216.741
  38,   27,   51.520472,  -96.038618,      231.116
  39,   27,   51.521160,  -95.882626,      225.366
  40,   27,   51.521736,  -95.726632,      212.366
  41,   27,   51.522200,  -95.570636,      209.678
  42,   27,   51.522553,  -95.414638,      196.241
  43,   27,   51.522794,  -95.258639,      178.241
  44,   27,   51.522923,  -95.102640,      191.366
   1,   28,   51.513516, -101.812738,       68.303
   2,   28,   51.518336, -101.656943,       52.991
   3,   28,   51.523045, -101.501131,       51.491
   4,   28,   51.527642, -101.345302,       76.491
   5,   28,   51.532127, -101.189456,      115.241
   6,   28,   51.536500, -101.033594,      140.428
   7,   28,   51.540762, -100.877715,      154.928
   8,   28,   51.544912, -100.721821,      174.428
   9,   28,   51.548951, -100.565912,      136.991
  10,   28,   51.552878, -100.409989,       45.991
  11,   28,   51.556693, -100.254051,      119.803
  12,   28,   51.560397, -100.098099,       90.303
  13,   28,   51.563988,  -99.942133,       56.491
  14,   28,   51.567469,  -99.786155,       63.366
  15,   28,   51.570837,  -99.630163,       83.741
  16,   28,   51.574094,  -99.474160,       77.366
  17,   28,   51.577239,  -99.318145,       68.991
  18,   28,   51.580273,  -99.162118,       68.116
  19,   28,   51.583195,  -99.006080,       84.866
  20,   28,   51.586005,  -98.850031,      107.428
  21,   28,   51.588703,  -98.693973,      111.991
  22,   28,   51.591290,  -98.537904,      119.616
  23,   28,   51.593765,  -98.381827,      113.241
  24,   28,   51.596128,  -98.225740,       73.928
  25,   28,   51.598380,  -98.069644,      102.491
  26,   28,   51.600520,  -97.913541,      125.366
  27,   28,   51.602548,  -97.757430,      146.241
  28,   28,   51.604465,  -97.601311,      106.553
  29,   28,   51.606270,  -97.445186,       87.678
  30,   28,   51.607963,  -97.289054,       71.053
  31,   28,   51.609545,  -97.132916,       68.178
  32,   28,   51.611014,  -96.976772,       80.553
  33,   28,   51.612372,  -96.820623,       98.053
  34,   28,   51.613619,  -96.664470,      128.991
  35,   28,   51.614754,  -96.508312,      165.303
  36,   28,   51.615777,  -96.352149,      201.053
  37,   28,   51.616688,  -96.195984,      233.241
  38,   28,   51.617487,  -96.039815,      236.866
  39,   28,   51.618175,  -95.883643,      218.366
  40,   28,   51.618751,  -95.727469,      197.553
  41,   28,   51.619216,  -95.571293,      191.866
  42,   28,   51.619569,  -95.415116,      164.616
  43,   28,   51.619810,  -95.258937,      160.616
  44,   28,   51.619939,  -95.102758,      233.928
   1,   29,   51.610418, -101.820582,       59.991
   2,   29,   51.615239, -101.664608,       76.178
   3,   29,   51.619949, -101.508618,       81.178
   4,   29,   51.624546, -101.352609,       92.928
   5,   29,   51.629032, -101.196584,      112.366
   6,   29,   51.633406, -101.040543,      134.991
   7,   29,   51.637669, -100.884486,      159.866
   8,   29,   51.641820, -100.728413,      171.491
   9,   29,   51.645859, -100.572324,      144.241
  10,   29,   51.649787, -100.416222,       35.553
  11,   29,   51.653603, -100.260104,      103.491
  12,   29,   51.657307, -100.103973,       78.491
  13,   29,   51.660899,  -99.947828,       42.991
  14,   29,   51.664380,  -99.791670,       46.553
  15,   29,   51.667749,  -99.635499,       51.866
  16,   29,   51.671007,  -99.479316,       53.866
  17,   29,   51.674152,  -99.323121,       57.928
  18,   29,   51.677186,  -99.166915,       70.991
  19,   29,   51.680109,  -99.010698,       88.178
  20,   29,   51.682919,  -98.854469,      108.553
  21,   29,   51.685618,  -98.698231,      115.678
  22,   29,   51.688205,  -98.541983,       97.553
  23,   29,   51.690681,  -98.385725,       54.616
  24,   29,   51.693045,  -98.229459,      106.428
  25,   29,   51.695297,  -98.073184,       93.928
  26,   29,   51.697437,  -97.916900,       65.491
  27,   29,   51.699466,  -97.760609,      129.366
  28,   29,   51.701382,  -97.604311,       97.491
  29,   29,   51.703188,  -97.448005,       70.616
  30,   29,   51.704881,  -97.291693,       60.866
  31,   29,   51.706463,  -97.135375,       56.553
  32,   29,   51.707933,  -96.979052,       76.241
  33,   29,   51.709291,  -96.822723,      110.303
  34,   29,   51.710538,  -96.666389,      149.678
  35,   29,   51.711673,  -96.510051,      190.053
  36,   29,   51.712696,  -96.353709,      222.803
  37,   29,   51.713607,  -96.197363,      235.991
  38,   29,   51.714407,  -96.041014,      226.741
  39,   29,   51.715095,  -95.884662,      203.366
  40,   29,   51.715671,  -95.728308,      189.553
  41,   29,   51.716136,  -95.571952,      162.866
  42,   29,   51.716489,  -95.415595,      144.678
  43,   29,   51.716730,  -95.259236,      171.553
  44,   29,   51.716859,  -95.102877,      241.428
   1,   30,   51.707225, -101.828444,       57.803
   2,   30,   51.712047, -101.672291,       66.991
   3,   30,   51.716757, -101.516121,       81.678
   4,   30,   51.721355, -101.359934,      100.678
   5,   30,   51.725842, -101.203729,      110.991
   6,   30,   51.730217, -101.047509,      127.366
   7,   30,   51.734480, -100.891272,      146.116
   8,   30,   51.738632, -100.735019,      166.803
   9,   30,   51.742672, -100.578751,      165.928
  10,   30,   51.746600, -100.422469,       52.116
  11,   30,   51.750417, -100.266172,       68.053
  12,   30,   51.754121, -100.109861,       62.866
  13,   30,   51.757714,  -99.953536,       41.991
  14,   30,   51.761196,  -99.797198,       46.553
  15,   30,   51.764565,  -99.640848,       44.116
  16,   30,   51.767823,  -99.484485,       43.741
  17,   30,   51.770970,  -99.328110,       54.803
  18,   30,   51.774004,  -99.171723,       80.116
  19,   30,   51.776927,  -99.015326,       88.616
  20,   30,   51.779738,  -98.858918,      100.428
  21,   30,   51.782437,  -98.702499,      104.053
  22,   30,   51.785025,  -98.546071,      101.616
  23,   30,   51.787501,  -98.389633,       85.366
  24,   30,   51.789865,  -98.233186,      105.241
  25,   30,   51.792117,  -98.076731,       92.303
  26,   30,   51.794258,  -97.920267,       51.116
  27,   30,   51.796287,  -97.763796,      111.553
  28,   30,   51.798204,  -97.607317,       81.053
  29,   30,   51.800010,  -97.450831,       59.241
  30,   30,   51.801704,  -97.294339,       60.741
  31,   30,   51.803286,  -97.137841,       60.178
  32,   30,   51.804756,  -96.981337,       69.678
  33,   30,   51.806114,  -96.824827,       99.928
  34,   30,   51.807361,  -96.668313,      153.428
  35,   30,   51.808496,  -96.511794,      204.803
  36,   30,   51.809520,  -96.355272,      231.303
  37,   30,   51.810431,  -96.198745,      229.491
  38,   30,   51.811231,  -96.042216,      207.428
  39,   30,   51.811919,  -95.885684,      184.491
  40,   30,   51.812495,  -95.729149,      169.991
  41,   30,   51.812960,  -95.572613,      130.803
  42,   30,   51.813313,  -95.416074,      128.991
  43,   30,   51.813554,  -95.259535,      203.991
  44,   30,   51.813684,  -95.102995,      224.491
   1,   31,   51.803936, -101.836324,       65.241
   2,   31,   51.808759, -101.679992,       52.928
   3,   31,   51.813470, -101.523642,       59.616
   4,   31,   51.818069, -101.367275,       80.491
   5,   31,   51.822556, -101.210891,      121.241
   6,   31,   51.826932, -101.054490,      136.241
   7,   31,   51.831196, -100.898073,      146.553
   8,   31,   51.835348, -100.741641,      161.616
   9,   31,   51.839389, -100.585193,      179.366
  10,   31,   51.843317, -100.428730,       68.991
  11,   31,   51.847135, -100.272253,       50.678
  12,   31,   51.850840, -100.115762,       50.053
  13,   31,   51.854434,  -99.959257,       41.741
  14,   31,   51.857916,  -99.802739,       44.303
  15,   31,   51.861286,  -99.646208,       43.303
  16,   31,   51.864544,  -99.489665,       45.241
  17,   31,   51.867691,  -99.333110,       51.553
  18,   31,   51.870726,  -99.176543,       61.491
  19,   31,   51.873649,  -99.019965,       76.178
  20,   31,   51.876461,  -98.863376,       84.303
  21,   31,   51.879161,  -98.706777,       85.491
  22,   31,   51.881749,  -98.550168,       81.053
  23,   31,   51.884225,  -98.393550,       84.241
  24,   31,   51.886589,  -98.236922,       99.553
  25,   31,   51.888842,  -98.080286,       94.116
  26,   31,   51.890983,  -97.923642,       36.991
  27,   31,   51.893012,  -97.766990,       84.366
  28,   31,   51.894930,  -97.610330,       75.741
  29,   31,   51.896736,  -97.453664,       57.178
  30,   31,   51.898430,  -97.296991,       51.991
  31,   31,   51.900012,  -97.140312,       65.678
  32,   31,   51.901483,  -96.983627,       65.116
  33,   31,   51.902841,  -96.826937,       94.053
  34,   31,   51.904088,  -96.670241,      177.303
  35,   31,   51.905224,  -96.513542,      213.991
  36,   31,   51.906247,  -96.356838,      227.741
  37,   31,   51.907159,  -96.200131,      213.991
  38,   31,   51.907959,  -96.043421,      185.553
  39,   31,   51.908647,  -95.886708,      166.678
  40,   31,   51.909224,  -95.729992,      132.803
  41,   31,   51.909688,  -95.573274,      103.303
  42,   31,   51.910041,  -95.416555,      113.178
  43,   31,   51.910282,  -95.259835,      195.678
  44,   31,   51.910412,  -95.103114,      211.928
   1,   32,   51.900551, -101.844222,       66.741
   2,   32,   51.905374, -101.687710,       55.178
   3,   32,   51.910086, -101.531180,       48.428
   4,   32,   51.914686, -101.374633,       52.303
   5,   32,   51.919174, -101.218069,       66.303
   6,   32,   51.923550, -101.061488,      115.803
   7,   32,   51.927815, -100.904891,      150.053
   8,   32,   51.931968, -100.748278,      164.053
   9,   32,   51.936009, -100.591650,      177.178
  10,   32,   51.939939, -100.435006,       76.616
  11,   32,   51.943756, -100.278349,       39.678
  12,   32,   51.947462, -100.121677,       38.366
  13,   32,   51.951057,  -99.964991,       39.241
  14,   32,   51.954539,  -99.808293,       43.741
  15,   32,   51.957910,  -99.651581,       44.991
  16,   32,   51.961169,  -99.494857,       45.678
  17,   32,   51.964316,  -99.338121,       47.991
  18,   32,   51.967352,  -99.181373,       55.616
  19,   32,   51.970275,  -99.024614,       71.491
  20,   32,   51.973087,  -98.867845,       82.616
  21,   32,   51.975787,  -98.711065,       80.053
  22,   32,   51.978376,  -98.554275,       73.553
  23,   32,   51.980853,  -98.397476,       81.303
  24,   32,   51.983217,  -98.240667,       94.241
  25,   32,   51.985471,  -98.083850,       97.741
  26,   32,   51.987612,  -97.927024,       44.116
  27,   32,   51.989642,  -97.770191,       57.178
  28,   32,   51.991559,  -97.613351,       61.553
  29,   32,   51.993366,  -97.456503,       52.116
  30,   32,   51.995060,  -97.299649,       44.366
  31,   32,   51.996642,  -97.142788,       62.928
  32,   32,   51.998113,  -96.985922,       88.928
  33,   32,   51.999472,  -96.829051,      137.178
  34,   32,   52.000719,  -96.672174,      204.366
  35,   32,   52.001855,  -96.515293,      229.616
  36,   32,   52.002878,  -96.358409,      222.116
  37,   32,   52.003790,  -96.201520,      195.116
  38,   32,   52.004590,  -96.044628,      166.741
  39,   32,   52.005279,  -95.887734,      147.741
  40,   32,   52.005855,  -95.730837,      118.803
  41,   32,   52.006320,  -95.573938,       99.678
  42,   32,   52.006673,  -95.417037,      106.866
  43,   32,   52.006914,  -95.260136,      155.678
  44,   32,   52.007044,  -95.103234,      200.491
   1,   33,   51.997070, -101.852139,       65.116
   2,   33,   52.001894, -101.695447,       56.116
   3,   33,   52.006606, -101.538736,       48.178
   4,   33,   52.011207, -101.382008,       46.241
   5,   33,   52.015695, -101.225263,       44.366
   6,   33,   52.020073, -101.068502,       63.553
   7,   33,   52.024338, -100.911724,       97.116
   8,   33,   52.028492, -100.754930,      150.491
   9,   33,   52.032533, -100.598121,      106.241
  10,   33,   52.036463, -100.441297,       57.178
  11,   33,   52.040282, -100.284458,       35.491
  12,   33,   52.043988, -100.127606,       33.928
  13,   33,   52.047583,  -99.970739,       37.366
  14,   33,   52.051066,  -99.813859,       42.928
  15,   33,   52.054437,  -99.656966,       45.116
  16,   33,   52.057697,  -99.500061,       46.678
  17,   33,   52.060845,  -99.343144,       54.116
  18,   33,   52.063881,  -99.186215,       54.178
  19,   33,   52.066805,  -99.029275,       71.303
  20,   33,   52.069617,  -98.872324,       87.741
  21,   33,   52.072318,  -98.715363,       79.366
  22,   33,   52.074907,  -98.558391,       78.616
  23,   33,   52.077384,  -98.401410,       81.366
  24,   33,   52.079749,  -98.244420,       83.553
  25,   33,   52.082002,  -98.087422,       77.678
  26,   33,   52.084144,  -97.930415,       44.866
  27,   33,   52.086174,  -97.773400,       45.741
  28,   33,   52.088092,  -97.616378,       48.741
  29,   33,   52.089899,  -97.459349,       42.803
  30,   33,   52.091593,  -97.302313,       42.928
  31,   33,   52.093176,  -97.145271,       56.928
  32,   33,   52.094647,  -96.988223,       96.116
  33,   33,   52.096006,  -96.831170,      163.366
  34,   33,   52.097254,  -96.674112,      205.366
  35,   33,   52.098389,  -96.517049,      227.366
  36,   33,   52.099413,  -96.359982,      217.116
  37,   33,   52.100325,  -96.202912,      181.178
  38,   33,   52.101125,  -96.045839,      154.053
  39,   33,   52.101814,  -95.888762,      129.241
  40,   33,   52.102390,  -95.731684,      108.241
  41,   33,   52.102855,  -95.574603,      101.991
  42,   33,   52.103208,  -95.417521,      120.428
  43,   33,   52.103449,  -95.260437,      162.616
  44,   33,   52.103579,  -95.103353,      196.616
   1,   34,   52.093491, -101.860074,       60.616
   2,   34,   52.098316, -101.703201,       57.803
   3,   34,   52.103029, -101.546309,       52.491
   4,   34,   52.107631, -101.389401,       50.866
   5,   34,   52.112120, -101.232475,       58.491
   6,   34,   52.116498, -101.075532,       55.616
   7,   34,   52.120764, -100.918573,       65.116
   8,   34,   52.124918, -100.761598,      105.116
   9,   34,   52.128961, -100.604608,       62.366
  10,   34,   52.132891, -100.447602,       42.116
  11,   34,   52.136710, -100.290582,       38.803
  12,   34,   52.140417, -100.133548,       37.491
  13,   34,   52.144013,  -99.976500,       40.678
  14,   34,   52.147496,  -99.819439,       49.491
  15,   34,   52.150868,  -99.662364,       54.116
  16,   34,   52.154128,  -99.505277,       48.553
  17,   34,   52.157276,  -99.348179,       61.303
  18,   34,   52.160313,  -99.191068,       69.241
  19,   34,   52.163237,  -99.033946,       82.053
  20,   34,   52.166050,  -98.876813,       92.803
  21,   34,   52.168751,  -98.719670,       81.928
  22,   34,   52.171341,  -98.562517,       81.053
  23,   34,   52.173818,  -98.405354,       82.928
  24,   34,   52.176184,  -98.248183,       80.616
  25,   34,   52.178437,  -98.091002,       57.491
  26,   34,   52.180579,  -97.933813,       42.366
  27,   34,   52.182610,  -97.776616,       39.803
  28,   34,   52.184528,  -97.619412,       40.491
  29,   34,   52.186335,  -97.462201,       38.678
  30,   34,   52.188030,  -97.304983,       40.678
  31,   34,   52.189613,  -97.147759,       53.866
  32,   34,   52.191084,  -96.990529,       94.803
  33,   34,   52.192443,  -96.833294,      181.741
  34,   34,   52.193691,  -96.676053,      215.053
  35,   34,   52.194827,  -96.518809,      226.241
  36,   34,   52.195851,  -96.361560,      209.678
  37,   34,   52.196763,  -96.204307,      167.928
  38,   34,   52.197563,  -96.047052,      143.428
  39,   34,   52.198252,  -95.889793,      115.491
  40,   34,   52.198828,  -95.732532,       99.553
  41,   34,   52.199293,  -95.575269,      109.428
  42,   34,   52.199646,  -95.418005,      137.241
  43,   34,   52.199888,  -95.260739,      164.116
  44,   34,   52.200017,  -95.103473,      184.053
   1,   35,   52.189816, -101.868027,       84.366
   2,   35,   52.194642, -101.710973,       83.616
   3,   35,   52.199356, -101.553900,       71.366
   4,   35,   52.203958, -101.396810,       70.678
   5,   35,   52.208448, -101.239702,       72.491
   6,   35,   52.212826, -101.082578,       60.616
   7,   35,   52.217093, -100.925438,       57.741
   8,   35,   52.221248, -100.768281,       95.616
   9,   35,   52.225291, -100.611109,       86.678
  10,   35,   52.229222, -100.453922,       76.116
  11,   35,   52.233042, -100.296720,       63.678
  12,   35,   52.236750, -100.139504,       49.178
  13,   35,   52.240345,  -99.982274,       47.616
  14,   35,   52.243829,  -99.825031,       62.678
  15,   35,   52.247202,  -99.667775,       78.303
  16,   35,   52.250462,  -99.510506,       71.803
  17,   35,   52.253611,  -99.353225,       85.491
  18,   35,   52.256648,  -99.195932,       91.866
  19,   35,   52.259573,  -99.038628,       95.553
  20,   35,   52.262386,  -98.881313,       99.303
  21,   35,   52.265088,  -98.723988,       88.366
  22,   35,   52.267677,  -98.566653,       86.053
  23,   35,   52.270155,  -98.409308,       83.803
  24,   35,   52.272521,  -98.251953,       69.866
  25,   35,   52.274775,  -98.094591,       48.491
  26,   35,   52.276918,  -97.937219,       40.178
  27,   35,   52.278948,  -97.779840,       37.803
  28,   35,   52.280867,  -97.622453,       38.116
  29,   35,   52.282674,  -97.465060,       34.053
  30,   35,   52.284369,  -97.307659,       38.303
  31,   35,   52.285952,  -97.150253,       62.991
  32,   35,   52.287424,  -96.992840,      120.741
  33,   35,   52.288783,  -96.835422,      188.928
  34,   35,   52.290031,  -96.678000,      218.053
  35,   35,   52.291167,  -96.520572,      221.366
  36,   35,   52.292191,  -96.363141,      200.741
  37,   35,   52.293103,  -96.205706,      162.553
  38,   35,   52.293904,  -96.048268,      134.053
  39,   35,   52.294592,  -95.890827,      109.991
  40,   35,   52.295169,  -95.733383,      101.553
  41,   35,   52.295634,  -95.575938,      123.866
  42,   35,   52.295987,  -95.418490,      142.616
  43,   35,   52.296229,  -95.261042,      160.366
  44,   35,   52.296358,  -95.103593,      178.928
   1,   36,   52.286044, -101.875999,       93.116
   2,   36,   52.290870, -101.718763,      102.928
   3,   36,   52.295585, -101.561509,      119.428
   4,   36,   52.300188, -101.404236,      127.053
   5,   36,   52.304678, -101.246947,       98.428
   6,   36,   52.309058, -101.089641,       70.053
   7,   36,   52.313325, -100.932318,       46.553
   8,   36,   52.317480, -100.774980,       96.428
   9,   36,   52.321524, -100.617626,      110.803
  10,   36,   52.325456, -100.460256,      111.491
  11,   36,   52.329276, -100.302872,      101.241
  12,   36,   52.332984, -100.145474,       60.178
  13,   36,   52.336581,  -99.988062,       49.866
  14,   36,   52.340065,  -99.830636,       63.616
  15,   36,   52.343438,  -99.673198,       86.178
  16,   36,   52.346699,  -99.515746,       88.241
  17,   36,   52.349848,  -99.358283,       93.303
  18,   36,   52.352885,  -99.200808,       95.928
  19,   36,   52.355811,  -99.043321,       96.803
  20,   36,   52.358625,  -98.885824,       96.178
  21,   36,   52.361326,  -98.728316,       91.928
  22,   36,   52.363916,  -98.570798,       91.241
  23,   36,   52.366395,  -98.413270,       77.303
  24,   36,   52.368761,  -98.255733,       47.928
  25,   36,   52.371016,  -98.098187,       42.991
  26,   36,   52.373158,  -97.940633,       39.803
  27,   36,   52.375189,  -97.783071,       37.866
  28,   36,   52.377108,  -97.625502,       35.616
  29,   36,   52.378915,  -97.467925,       32.866
  30,   36,   52.380611,  -97.310342,       39.866
  31,   36,   52.382194,  -97.152752,       79.928
  32,   36,   52.383666,  -96.995157,      170.741
  33,   36,   52.385025,  -96.837556,      197.616
  34,   36,   52.386273,  -96.679950,      217.991
  35,   36,   52.387410,  -96.522340,      220.803
  36,   36,   52.388434,  -96.364726,      198.428
  37,   36,   52.389346,  -96.207108,      154.928
  38,   36,   52.390147,  -96.049486,      125.428
  39,   36,   52.390836,  -95.891862,      112.491
  40,   36,   52.391412,  -95.734236,      114.116
  41,   36,   52.391878,  -95.576607,      127.303
  42,   36,   52.392231,  -95.418977,      135.303
  43,   36,   52.392472,  -95.261346,      149.178
  44,   36,   52.392602,  -95.103714,      171.491
   1,   37,   52.382174, -101.883990,       91.741
   2,   37,   52.387001, -101.726571,      100.491
   3,   37,   52.391716, -101.569135,      111.303
   4,   37,   52.396320, -101.411680,      132.241
   5,   37,   52.400811, -101.254209,      140.803
   6,   37,   52.405191, -101.096720,      111.053
   7,   37,   52.409459, -100.939215,       34.366
   8,   37,   52.413615, -100.781694,       75.928
   9,   37,   52.417659, -100.624157,       96.178
  10,   37,   52.421592, -100.466606,      105.928
  11,   37,   52.425412, -100.309039,      113.116
  12,   37,   52.429121, -100.151458,      112.866
  13,   37,   52.432718,  -99.993863,       77.928
  14,   37,   52.436203,  -99.836255,       42.428
  15,   37,   52.439577,  -99.678633,       46.491
  16,   37,   52.442838,  -99.520999,       66.178
  17,   37,   52.445988,  -99.363353,       77.741
  18,   37,   52.449025,  -99.205695,       85.303
  19,   37,   52.451951,  -99.048025,       89.553
  20,   37,   52.454765,  -98.890345,       90.116
  21,   37,   52.457468,  -98.732653,       96.241
  22,   37,   52.460058,  -98.574952,       82.803
  23,   37,   52.462537,  -98.417242,       44.491
  24,   37,   52.464903,  -98.259521,       44.866
  25,   37,   52.467158,  -98.101793,       42.053
  26,   37,   52.469301,  -97.944055,       40.366
  27,   37,   52.471332,  -97.786310,       38.678
  28,   37,   52.473251,  -97.628557,       32.741
  29,   37,   52.475059,  -97.470797,       32.178
  30,   37,   52.476754,  -97.313031,       38.866
  31,   37,   52.478338,  -97.155258,       69.303
  32,   37,   52.479810,  -96.997479,      165.803
  33,   37,   52.481170,  -96.839695,      198.678
  34,   37,   52.482418,  -96.681906,      217.616
  35,   37,   52.483554,  -96.524112,      222.053
  36,   37,   52.484579,  -96.366314,      191.991
  37,   37,   52.485491,  -96.208513,      151.803
  38,   37,   52.486292,  -96.050708,      128.178
  39,   37,   52.486981,  -95.892900,      121.741
  40,   37,   52.487558,  -95.735090,      125.116
  41,   37,   52.488023,  -95.577278,      125.553
  42,   37,   52.488376,  -95.419465,      133.616
  43,   37,   52.488618,  -95.261650,      146.741
  44,   37,   52.488747,  -95.103835,      161.241
   1,   38,   52.478206, -101.891999,       94.303
   2,   38,   52.483034, -101.734398,       99.178
   3,   38,   52.487750, -101.576778,      107.116
   4,   38,   52.492354, -101.419141,      117.928
   5,   38,   52.496846, -101.261487,      102.303
   6,   38,   52.501227, -101.103816,       61.991
   7,   38,   52.505495, -100.946128,       34.928
   8,   38,   52.509652, -100.788424,       48.678
   9,   38,   52.513697, -100.630704,       66.491
  10,   38,   52.517630, -100.472970,       81.866
  11,   38,   52.521451, -100.315220,       88.428
  12,   38,   52.525160, -100.157456,       97.678
  13,   38,   52.528758,  -99.999678,       72.741
  14,   38,   52.532243,  -99.841886,       39.678
  15,   38,   52.535617,  -99.684081,       41.053
  16,   38,   52.538879,  -99.526264,       50.928
  17,   38,   52.542029,  -99.368434,       61.553
  18,   38,   52.545067,  -99.210593,       71.866
  19,   38,   52.547994,  -99.052740,       80.553
  20,   38,   52.550808,  -98.894876,       84.116
  21,   38,   52.553511,  -98.737001,       73.303
  22,   38,   52.556101,  -98.579117,       50.616
  23,   38,   52.558580,  -98.421222,       37.678
  24,   38,   52.560947,  -98.263319,       39.803
  25,   38,   52.563203,  -98.105406,       41.366
  26,   38,   52.565346,  -97.947485,       41.428
  27,   38,   52.567377,  -97.789556,       38.678
  28,   38,   52.569297,  -97.631620,       31.428
  29,   38,   52.571105,  -97.473676,       33.178
  30,   38,   52.572800,  -97.315726,       59.553
  31,   38,   52.574384,  -97.157769,      126.303
  32,   38,   52.575856,  -96.999807,      179.366
  33,   38,   52.577217,  -96.841839,      203.741
  34,   38,   52.578465,  -96.683866,      219.303
  35,   38,   52.579601,  -96.525888,      224.616
  36,   38,   52.580626,  -96.367907,      188.366
  37,   38,   52.581539,  -96.209921,      151.553
  38,   38,   52.582339,  -96.051933,      127.366
  39,   38,   52.583028,  -95.893941,      120.303
  40,   38,   52.583605,  -95.735947,      122.553
  41,   38,   52.584071,  -95.577951,      129.928
  42,   38,   52.584424,  -95.419954,      137.428
  43,   38,   52.584665,  -95.261955,      146.991
  44,   38,   52.584795,  -95.103956,      154.991
   1,   39,   52.574141, -101.900026,       92.991
   2,   39,   52.578969, -101.742242,       98.241
   3,   39,   52.583686, -101.584440,      105.928
   4,   39,   52.588290, -101.426620,      110.303
   5,   39,   52.592783, -101.268782,       89.616
   6,   39,   52.597164, -101.110928,       37.303
   7,   39,   52.601433, -100.953057,       31.866
   8,   39,   52.605591, -100.795170,       38.428
   9,   39,   52.609636, -100.637267,       50.741
  10,   39,   52.613570, -100.479348,       65.241
  11,   39,   52.617391, -100.321415,       67.991
  12,   39,   52.621101, -100.163468,       77.366
  13,   39,   52.624699, -100.005506,       67.053
  14,   39,   52.628185,  -99.847531,       41.053
  15,   39,   52.631559,  -99.689542,       46.366
  16,   39,   52.634822,  -99.531541,       45.553
  17,   39,   52.637972,  -99.373528,       49.678
  18,   39,   52.641011,  -99.215502,       60.428
  19,   39,   52.643938,  -99.057466,       73.803
  20,   39,   52.646753,  -98.899418,       81.303
  21,   39,   52.649456,  -98.741359,       67.116
  22,   39,   52.652047,  -98.583291,       39.803
  23,   39,   52.654526,  -98.425212,       38.116
  24,   39,   52.656893,  -98.267125,       39.366
  25,   39,   52.659149,  -98.109028,       41.178
  26,   39,   52.661292,  -97.950923,       41.678
  27,   39,   52.663324,  -97.792810,       36.303
  28,   39,   52.665244,  -97.634690,       30.803
  29,   39,   52.667052,  -97.476562,       33.616
  30,   39,   52.668748,  -97.318427,       61.616
  31,   39,   52.670332,  -97.160286,      149.116
  32,   39,   52.671804,  -97.002140,      183.303
  33,   39,   52.673165,  -96.843987,      207.741
  34,   39,   52.674413,  -96.685830,      224.866
  35,   39,   52.675550,  -96.527668,      227.241
  36,   39,   52.676575,  -96.369503,      187.928
  37,   39,   52.677487,  -96.211333,      150.991
  38,   39,   52.678288,  -96.053160,      128.241
  39,   39,   52.678977,  -95.894984,      129.803
  40,   39,   52.679554,  -95.736806,      130.741
  41,   39,   52.680020,  -95.578625,      128.491
  42,   39,   52.680373,  -95.420444,      130.178
  43,   39,   52.680615,  -95.262261,      143.116
  44,   39,   52.680744,  -95.104077,      152.866
   1,   40,   52.669977, -101.908072,       91.741
   2,   40,   52.674806, -101.750105,       94.866
   3,   40,   52.679523, -101.592119,      103.366
   4,   40,   52.684128, -101.434116,       88.116
   5,   40,   52.688622, -101.276095,       53.053
   6,   40,   52.693003, -101.118057,       29.491
   7,   40,   52.697273, -100.960002,       26.366
   8,   40,   52.701431, -100.801931,       29.303
   9,   40,   52.705477, -100.643844,       37.928
  10,   40,   52.709411, -100.485742,       52.366
  11,   40,   52.713233, -100.327625,       58.741
  12,   40,   52.716943, -100.169493,       63.053
  13,   40,   52.720542, -100.011348,       57.553
  14,   40,   52.724029,  -99.853189,       43.553
  15,   40,   52.727403,  -99.695016,       45.116
  16,   40,   52.730666,  -99.536831,       45.803
  17,   40,   52.733817,  -99.378633,       49.803
  18,   40,   52.736856,  -99.220424,       57.616
  19,   40,   52.739783,  -99.062203,       71.178
  20,   40,   52.742598,  -98.903970,       72.303
  21,   40,   52.745302,  -98.745728,       56.116
  22,   40,   52.747893,  -98.587475,       36.116
  23,   40,   52.750373,  -98.429212,       37.116
  24,   40,   52.752741,  -98.270940,       39.866
  25,   40,   52.754996,  -98.112659,       42.428
  26,   40,   52.757140,  -97.954369,       42.241
  27,   40,   52.759172,  -97.796072,       33.366
  28,   40,   52.761092,  -97.637766,       30.053
  29,   40,   52.762900,  -97.479454,       44.866
  30,   40,   52.764597,  -97.321135,       92.116
  31,   40,   52.766181,  -97.162809,      155.803
  32,   40,   52.767654,  -97.004478,      184.491
  33,   40,   52.769014,  -96.846141,      205.928
  34,   40,   52.770263,  -96.687799,      225.803
  35,   40,   52.771400,  -96.529453,      229.178
  36,   40,   52.772424,  -96.371102,      188.866
  37,   40,   52.773337,  -96.212748,      148.991
  38,   40,   52.774138,  -96.054390,      129.303
  39,   40,   52.774828,  -95.896029,      127.491
  40,   40,   52.775405,  -95.737666,      123.741
  41,   40,   52.775870,  -95.579301,      122.178
  42,   40,   52.776224,  -95.420935,      126.053
  43,   40,   52.776465,  -95.262567,      140.491
  44,   40,   52.776595,  -95.104198,      150.616
   1,   41,   52.765714, -101.916137,       89.866
   2,   41,   52.770543, -101.757986,       76.116
   3,   41,   52.775261, -101.599817,       79.241
   4,   41,   52.779867, -101.441629,       63.991
   5,   41,   52.784361, -101.283424,       34.491
   6,   41,   52.788743, -101.125202,       26.428
   7,   41,   52.793014, -100.966963,       23.803
   8,   41,   52.797172, -100.808708,       24.366
   9,   41,   52.801219, -100.650437,       28.178
  10,   41,   52.805153, -100.492151,       38.303
  11,   41,   52.808976, -100.333849,       48.553
  12,   41,   52.812687, -100.175533,       51.491
  13,   41,   52.816286, -100.017203,       49.428
  14,   41,   52.819773,  -99.858860,       45.741
  15,   41,   52.823148,  -99.700503,       45.741
  16,   41,   52.826411,  -99.542133,       45.491
  17,   41,   52.829563,  -99.383750,       45.991
  18,   41,   52.832602,  -99.225356,       51.303
  19,   41,   52.835530,  -99.066950,       69.928
  20,   41,   52.838345,  -98.908534,       60.866
  21,   41,   52.841049,  -98.750106,       38.366
  22,   41,   52.843641,  -98.591668,       34.116
  23,   41,   52.846121,  -98.433221,       35.991
  24,   41,   52.848489,  -98.274764,       40.116
  25,   41,   52.850745,  -98.116298,       43.741
  26,   41,   52.852889,  -97.957823,       41.866
  27,   41,   52.854921,  -97.799341,       31.491
  28,   41,   52.856842,  -97.640851,       29.741
  29,   41,   52.858650,  -97.482353,       53.803
  30,   41,   52.860347,  -97.323849,      123.616
  31,   41,   52.861931,  -97.165338,      162.678
  32,   41,   52.863404,  -97.006822,      187.303
  33,   41,   52.864765,  -96.848300,      205.178
  34,   41,   52.866014,  -96.689773,      228.241
  35,   41,   52.867151,  -96.531241,      229.741
  36,   41,   52.868176,  -96.372706,      189.366
  37,   41,   52.869089,  -96.214166,      142.803
  38,   41,   52.869890,  -96.055623,      129.866
  39,   41,   52.870579,  -95.897077,      125.678
  40,   41,   52.871156,  -95.738529,      121.553
  41,   41,   52.871622,  -95.579979,      118.678
  42,   41,   52.871975,  -95.421427,      118.428
  43,   41,   52.872217,  -95.262874,      136.741
  44,   41,   52.872346,  -95.104320,      145.116
   1,   42,   52.861352, -101.924221,       48.428
   2,   42,   52.866182, -101.765886,       42.303
   3,   42,   52.870901, -101.607532,       47.366
   4,   42,   52.875507, -101.449160,       46.178
   5,   42,   52.880002, -101.290771,       32.616
   6,   42,   52.884385, -101.132364,       27.866
   7,   42,   52.888656, -100.973941,       25.178
   8,   42,   52.892815, -100.815501,       24.366
   9,   42,   52.896862, -100.657045,       25.741
  10,   42,   52.900797, -100.498574,       32.053
  11,   42,   52.904620, -100.340088,       38.241
  12,   42,   52.908331, -100.181587,       42.928
  13,   42,   52.911931, -100.023072,       45.553
  14,   42,   52.915418,  -99.864544,       48.553
  15,   42,   52.918794,  -99.706002,       49.303
  16,   42,   52.922058,  -99.547447,       48.053
  17,   42,   52.925210,  -99.388880,       47.616
  18,   42,   52.928249,  -99.230300,       58.491
  19,   42,   52.931177,  -99.071710,       74.991
  20,   42,   52.933993,  -98.913107,       67.116
  21,   42,   52.936697,  -98.754495,       48.553
  22,   42,   52.939290,  -98.595872,       47.678
  23,   42,   52.941770,  -98.437239,       44.491
  24,   42,   52.944138,  -98.278597,       43.053
  25,   42,   52.946395,  -98.119945,       45.428
  26,   42,   52.948539,  -97.961285,       38.991
  27,   42,   52.950572,  -97.802618,       30.428
  28,   42,   52.952492,  -97.643942,       29.991
  29,   42,   52.954301,  -97.485259,       48.616
  30,   42,   52.955998,  -97.326569,      121.178
  31,   42,   52.957582,  -97.167873,      165.116
  32,   42,   52.959055,  -97.009171,      190.053
  33,   42,   52.960416,  -96.850464,      204.991
  34,   42,   52.961665,  -96.691751,      226.803
  35,   42,   52.962802,  -96.533034,      222.491
  36,   42,   52.963827,  -96.374313,      184.803
  37,   42,   52.964741,  -96.215588,      133.491
  38,   42,   52.965542,  -96.056859,      129.178
  39,   42,   52.966231,  -95.898128,      124.116
  40,   42,   52.966808,  -95.739394,      118.991
  41,   42,   52.967274,  -95.580658,      117.241
  42,   42,   52.967627,  -95.421920,      124.741
  43,   42,   52.967869,  -95.263182,      136.116
  44,   42,   52.967999,  -95.104442,      137.428
