   X,    Y,    Latitude,   Longitude, HGT_201906111700
   1,    1,   48.862147, -101.607558,    20872.709
   2,    1,   48.866940, -101.456441,    20872.670
   3,    1,   48.871623, -101.305308,    20872.518
   4,    1,   48.876194, -101.154159,    20872.125
   5,    1,   48.880654, -101.002995,    20871.820
   6,    1,   48.885004, -100.851816,    20871.572
   7,    1,   48.889242, -100.700623,    20871.373
   8,    1,   48.893369, -100.549415,    20871.254
   9,    1,   48.897386, -100.398194,    20871.068
  10,    1,   48.901291, -100.246959,    20871.037
  11,    1,   48.905085, -100.095711,    20870.965
  12,    1,   48.908768,  -99.944450,    20870.861
  13,    1,   48.912340,  -99.793177,    20870.709
  14,    1,   48.915801,  -99.641892,    20870.637
  15,    1,   48.919151,  -99.490596,    20870.645
  16,    1,   48.922390,  -99.339288,    20870.717
  17,    1,   48.925518,  -99.187970,    20870.838
  18,    1,   48.928535,  -99.036641,    20870.709
  19,    1,   48.931440,  -98.885302,    20870.660
  20,    1,   48.934235,  -98.733953,    20870.557
  21,    1,   48.936919,  -98.582595,    20870.412
  22,    1,   48.939491,  -98.431228,    20870.236
  23,    1,   48.941953,  -98.279852,    20870.086
  24,    1,   48.944303,  -98.128469,    20869.980
  25,    1,   48.946542,  -97.977077,    20869.805
  26,    1,   48.948670,  -97.825678,    20869.533
  27,    1,   48.950688,  -97.674272,    20869.293
  28,    1,   48.952594,  -97.522860,    20868.996
  29,    1,   48.954389,  -97.371441,    20868.678
  30,    1,   48.956073,  -97.220016,    20868.350
  31,    1,   48.957645,  -97.068586,    20868.006
  32,    1,   48.959107,  -96.917150,    20867.645
  33,    1,   48.960458,  -96.765710,    20867.270
  34,    1,   48.961697,  -96.614265,    20866.916
  35,    1,   48.962826,  -96.462816,    20866.590
  36,    1,   48.963843,  -96.311364,    20866.270
  37,    1,   48.964749,  -96.159908,    20865.980
  38,    1,   48.965545,  -96.008449,    20865.725
  39,    1,   48.966229,  -95.856988,    20865.469
  40,    1,   48.966802,  -95.705525,    20865.189
  41,    1,   48.967264,  -95.554060,    20864.965
  42,    1,   48.967615,  -95.402594,    20864.781
  43,    1,   48.967854,  -95.251126,    20864.549
  44,    1,   48.967983,  -95.099658,    20864.365
   1,    2,   48.961514, -101.614937,    20873.309
   2,    2,   48.966308, -101.463652,    20873.277
   3,    2,   48.970992, -101.312350,    20873.229
   4,    2,   48.975564, -101.161033,    20872.828
   5,    2,   48.980026, -101.009701,    20872.477
   6,    2,   48.984376, -100.858354,    20872.197
   7,    2,   48.988615, -100.706992,    20871.973
   8,    2,   48.992744, -100.555615,    20871.766
   9,    2,   48.996761, -100.404225,    20871.590
  10,    2,   49.000667, -100.252822,    20871.477
  11,    2,   49.004462, -100.101405,    20871.445
  12,    2,   49.008146,  -99.949976,    20871.477
  13,    2,   49.011719,  -99.798534,    20871.301
  14,    2,   49.015181,  -99.647080,    20871.270
  15,    2,   49.018532,  -99.495615,    20871.301
  16,    2,   49.021771,  -99.344138,    20871.365
  17,    2,   49.024900,  -99.192651,    20871.350
  18,    2,   49.027917,  -99.041153,    20871.109
  19,    2,   49.030824,  -98.889645,    20871.061
  20,    2,   49.033619,  -98.738127,    20871.076
  21,    2,   49.036303,  -98.586600,    20871.061
  22,    2,   49.038877,  -98.435064,    20870.885
  23,    2,   49.041339,  -98.283519,    20870.797
  24,    2,   49.043690,  -98.131967,    20870.773
  25,    2,   49.045929,  -97.980406,    20870.621
  26,    2,   49.048058,  -97.828838,    20870.182
  27,    2,   49.050076,  -97.677263,    20869.926
  28,    2,   49.051982,  -97.525681,    20869.701
  29,    2,   49.053778,  -97.374093,    20869.357
  30,    2,   49.055462,  -97.222499,    20868.854
  31,    2,   49.057035,  -97.070899,    20868.461
  32,    2,   49.058497,  -96.919294,    20868.102
  33,    2,   49.059848,  -96.767684,    20867.732
  34,    2,   49.061088,  -96.616070,    20867.373
  35,    2,   49.062217,  -96.464452,    20867.037
  36,    2,   49.063234,  -96.312830,    20866.732
  37,    2,   49.064141,  -96.161205,    20866.389
  38,    2,   49.064936,  -96.009577,    20866.109
  39,    2,   49.065621,  -95.857947,    20866.014
  40,    2,   49.066194,  -95.706314,    20866.285
  41,    2,   49.066656,  -95.554680,    20866.045
  42,    2,   49.067007,  -95.403044,    20865.590
  43,    2,   49.067247,  -95.251407,    20865.189
  44,    2,   49.067375,  -95.099770,    20864.789
   1,    3,   49.060793, -101.622332,    20873.877
   2,    3,   49.065589, -101.470878,    20873.877
   3,    3,   49.070274, -101.319408,    20873.846
   4,    3,   49.074847, -101.167923,    20873.502
   5,    3,   49.079310, -101.016421,    20873.148
   6,    3,   49.083661, -100.864905,    20872.846
   7,    3,   49.087902, -100.713374,    20872.590
   8,    3,   49.092031, -100.561829,    20872.350
   9,    3,   49.096049, -100.410270,    20872.141
  10,    3,   49.099956, -100.258698,    20872.014
  11,    3,   49.103752, -100.107112,    20872.029
  12,    3,   49.107437,  -99.955513,    20872.133
  13,    3,   49.111011,  -99.803902,    20871.941
  14,    3,   49.114473,  -99.652280,    20871.916
  15,    3,   49.117825,  -99.500645,    20872.037
  16,    3,   49.121065,  -99.348999,    20872.197
  17,    3,   49.124195,  -99.197342,    20871.805
  18,    3,   49.127213,  -99.045675,    20871.598
  19,    3,   49.130120,  -98.893998,    20871.613
  20,    3,   49.132916,  -98.742311,    20871.781
  21,    3,   49.135601,  -98.590614,    20872.014
  22,    3,   49.138175,  -98.438909,    20871.820
  23,    3,   49.140637,  -98.287195,    20871.572
  24,    3,   49.142989,  -98.135472,    20871.412
  25,    3,   49.145229,  -97.983742,    20871.357
  26,    3,   49.147358,  -97.832005,    20871.174
  27,    3,   49.149376,  -97.680260,    20870.949
  28,    3,   49.151283,  -97.528508,    20870.732
  29,    3,   49.153079,  -97.376750,    20870.453
  30,    3,   49.154764,  -97.224987,    20869.900
  31,    3,   49.156338,  -97.073217,    20869.229
  32,    3,   49.157800,  -96.921443,    20868.686
  33,    3,   49.159151,  -96.769663,    20868.213
  34,    3,   49.160391,  -96.617880,    20867.820
  35,    3,   49.161520,  -96.466092,    20867.510
  36,    3,   49.162538,  -96.314300,    20867.189
  37,    3,   49.163445,  -96.162505,    20866.854
  38,    3,   49.164241,  -96.010708,    20866.533
  39,    3,   49.164925,  -95.858907,    20866.270
  40,    3,   49.165498,  -95.707105,    20866.094
  41,    3,   49.165960,  -95.555301,    20866.621
  42,    3,   49.166311,  -95.403495,    20866.725
  43,    3,   49.166551,  -95.251689,    20866.076
  44,    3,   49.166680,  -95.099881,    20865.221
   1,    4,   49.159986, -101.629744,    20874.502
   2,    4,   49.164782, -101.478121,    20874.518
   3,    4,   49.169468, -101.326482,    20874.381
   4,    4,   49.174043, -101.174827,    20874.102
   5,    4,   49.178506, -101.023157,    20873.781
   6,    4,   49.182859, -100.871472,    20873.461
   7,    4,   49.187100, -100.719771,    20873.174
   8,    4,   49.191230, -100.568057,    20872.926
   9,    4,   49.195249, -100.416329,    20872.709
  10,    4,   49.199157, -100.264587,    20872.645
  11,    4,   49.202954, -100.112832,    20872.828
  12,    4,   49.206640,  -99.961064,    20872.861
  13,    4,   49.210215,  -99.809283,    20872.660
  14,    4,   49.213678,  -99.657491,    20872.701
  15,    4,   49.217030,  -99.505687,    20872.980
  16,    4,   49.220272,  -99.353871,    20873.037
  17,    4,   49.223402,  -99.202045,    20872.613
  18,    4,   49.226421,  -99.050208,    20872.525
  19,    4,   49.229328,  -98.898361,    20872.652
  20,    4,   49.232125,  -98.746504,    20872.828
  21,    4,   49.234810,  -98.594637,    20873.229
  22,    4,   49.237385,  -98.442762,    20872.709
  23,    4,   49.239848,  -98.290878,    20872.094
  24,    4,   49.242200,  -98.138986,    20871.660
  25,    4,   49.244441,  -97.987086,    20871.453
  26,    4,   49.246571,  -97.835178,    20871.125
  27,    4,   49.248589,  -97.683264,    20870.965
  28,    4,   49.250497,  -97.531342,    20871.133
  29,    4,   49.252293,  -97.379414,    20871.213
  30,    4,   49.253978,  -97.227480,    20870.701
  31,    4,   49.255552,  -97.075541,    20869.766
  32,    4,   49.257015,  -96.923596,    20869.148
  33,    4,   49.258366,  -96.771647,    20868.709
  34,    4,   49.259607,  -96.619693,    20868.332
  35,    4,   49.260736,  -96.467735,    20867.949
  36,    4,   49.261754,  -96.315774,    20867.652
  37,    4,   49.262661,  -96.163809,    20867.324
  38,    4,   49.263457,  -96.011841,    20866.980
  39,    4,   49.264142,  -95.859870,    20866.678
  40,    4,   49.264715,  -95.707898,    20866.412
  41,    4,   49.265177,  -95.555923,    20866.342
  42,    4,   49.265528,  -95.403948,    20866.125
  43,    4,   49.265768,  -95.251971,    20865.957
  44,    4,   49.265897,  -95.099993,    20865.629
   1,    5,   49.259090, -101.637172,    20875.213
   2,    5,   49.263888, -101.485380,    20875.117
   3,    5,   49.268575, -101.333572,    20874.916
   4,    5,   49.273150, -101.181747,    20874.709
   5,    5,   49.277615, -101.029908,    20874.461
   6,    5,   49.281968, -100.878053,    20874.125
   7,    5,   49.286211, -100.726183,    20873.789
   8,    5,   49.290342, -100.574299,    20873.510
   9,    5,   49.294362, -100.422401,    20873.324
  10,    5,   49.298271, -100.270489,    20873.484
  11,    5,   49.302068, -100.118564,    20874.396
  12,    5,   49.305755,  -99.966626,    20874.236
  13,    5,   49.309330,  -99.814676,    20873.813
  14,    5,   49.312795,  -99.662713,    20873.645
  15,    5,   49.316148,  -99.510739,    20873.766
  16,    5,   49.319390,  -99.358754,    20873.510
  17,    5,   49.322521,  -99.206757,    20873.549
  18,    5,   49.325540,  -99.054750,    20873.613
  19,    5,   49.328449,  -98.902733,    20873.484
  20,    5,   49.331246,  -98.750706,    20873.164
  21,    5,   49.333932,  -98.598670,    20873.709
  22,    5,   49.336507,  -98.446624,    20873.037
  23,    5,   49.338971,  -98.294570,    20872.342
  24,    5,   49.341323,  -98.142507,    20871.965
  25,    5,   49.343565,  -97.990437,    20871.766
  26,    5,   49.345695,  -97.838359,    20871.533
  27,    5,   49.347714,  -97.686274,    20871.293
  28,    5,   49.349622,  -97.534182,    20870.973
  29,    5,   49.351419,  -97.382084,    20870.660
  30,    5,   49.353104,  -97.229980,    20870.293
  31,    5,   49.354678,  -97.077870,    20869.941
  32,    5,   49.356142,  -96.925755,    20869.580
  33,    5,   49.357493,  -96.773635,    20869.221
  34,    5,   49.358734,  -96.621511,    20868.846
  35,    5,   49.359864,  -96.469382,    20868.469
  36,    5,   49.360882,  -96.317250,    20868.133
  37,    5,   49.361789,  -96.165115,    20867.797
  38,    5,   49.362585,  -96.012976,    20867.461
  39,    5,   49.363270,  -95.860835,    20867.205
  40,    5,   49.363843,  -95.708692,    20866.949
  41,    5,   49.364306,  -95.556547,    20866.693
  42,    5,   49.364657,  -95.404401,    20866.469
  43,    5,   49.364897,  -95.252254,    20866.293
  44,    5,   49.365026,  -95.100106,    20866.068
   1,    6,   49.358106, -101.644617,    20876.021
   2,    6,   49.362905, -101.492655,    20875.941
   3,    6,   49.367593, -101.340677,    20875.789
   4,    6,   49.372169, -101.188683,    20875.598
   5,    6,   49.376635, -101.036673,    20875.277
   6,    6,   49.380990, -100.884648,    20874.877
   7,    6,   49.385233, -100.732609,    20874.430
   8,    6,   49.389365, -100.580555,    20874.148
   9,    6,   49.393386, -100.428486,    20874.365
  10,    6,   49.397296, -100.276405,    20875.422
  11,    6,   49.401094, -100.124309,    20877.438
  12,    6,   49.404782,  -99.972201,    20876.941
  13,    6,   49.408358,  -99.820081,    20875.541
  14,    6,   49.411823,  -99.667948,    20874.613
  15,    6,   49.415177,  -99.515803,    20874.357
  16,    6,   49.418420,  -99.363648,    20874.189
  17,    6,   49.421551,  -99.211481,    20874.373
  18,    6,   49.424571,  -99.059303,    20874.533
  19,    6,   49.427481,  -98.907116,    20874.557
  20,    6,   49.430279,  -98.754918,    20874.197
  21,    6,   49.432965,  -98.602711,    20873.709
  22,    6,   49.435541,  -98.450495,    20873.094
  23,    6,   49.438005,  -98.298270,    20872.660
  24,    6,   49.440358,  -98.146037,    20872.484
  25,    6,   49.442600,  -97.993796,    20872.277
  26,    6,   49.444731,  -97.841547,    20872.045
  27,    6,   49.446750,  -97.689291,    20871.781
  28,    6,   49.448659,  -97.537029,    20871.484
  29,    6,   49.450456,  -97.384760,    20871.182
  30,    6,   49.452142,  -97.232485,    20870.820
  31,    6,   49.453716,  -97.080204,    20870.469
  32,    6,   49.455180,  -96.927918,    20870.109
  33,    6,   49.456532,  -96.775628,    20869.758
  34,    6,   49.457773,  -96.623332,    20869.373
  35,    6,   49.458903,  -96.471033,    20868.996
  36,    6,   49.459921,  -96.318730,    20868.637
  37,    6,   49.460829,  -96.166424,    20868.309
  38,    6,   49.461625,  -96.014114,    20867.973
  39,    6,   49.462310,  -95.861802,    20867.717
  40,    6,   49.462883,  -95.709488,    20867.453
  41,    6,   49.463346,  -95.557173,    20867.205
  42,    6,   49.463697,  -95.404855,    20866.988
  43,    6,   49.463937,  -95.252537,    20866.758
  44,    6,   49.464066,  -95.100218,    20866.605
   1,    7,   49.457033, -101.652079,    20877.037
   2,    7,   49.461833, -101.499947,    20877.404
   3,    7,   49.466522, -101.347799,    20877.285
   4,    7,   49.471100, -101.195634,    20876.877
   5,    7,   49.475567, -101.043454,    20876.324
   6,    7,   49.479922, -100.891259,    20875.773
   7,    7,   49.484166, -100.739049,    20875.254
   8,    7,   49.488300, -100.586824,    20874.949
   9,    7,   49.492321, -100.434586,    20874.965
  10,    7,   49.496232, -100.282333,    20875.285
  11,    7,   49.500032, -100.130068,    20875.709
  12,    7,   49.503720,  -99.977789,    20875.109
  13,    7,   49.507297,  -99.825498,    20874.725
  14,    7,   49.510763,  -99.673194,    20875.109
  15,    7,   49.514117,  -99.520879,    20875.725
  16,    7,   49.517361,  -99.368552,    20875.525
  17,    7,   49.520493,  -99.216215,    20875.254
  18,    7,   49.523514,  -99.063866,    20874.908
  19,    7,   49.526424,  -98.911508,    20874.484
  20,    7,   49.529222,  -98.759139,    20874.141
  21,    7,   49.531910,  -98.606761,    20873.797
  22,    7,   49.534486,  -98.454374,    20873.484
  23,    7,   49.536951,  -98.301978,    20873.197
  24,    7,   49.539304,  -98.149574,    20873.037
  25,    7,   49.541547,  -97.997162,    20872.828
  26,    7,   49.543678,  -97.844742,    20872.580
  27,    7,   49.545698,  -97.692315,    20872.293
  28,    7,   49.547607,  -97.539882,    20872.006
  29,    7,   49.549404,  -97.387442,    20871.678
  30,    7,   49.551091,  -97.234995,    20871.357
  31,    7,   49.552666,  -97.082544,    20871.006
  32,    7,   49.554129,  -96.930086,    20870.645
  33,    7,   49.555482,  -96.777625,    20870.293
  34,    7,   49.556723,  -96.625158,    20869.916
  35,    7,   49.557853,  -96.472687,    20869.557
  36,    7,   49.558872,  -96.320213,    20869.244
  37,    7,   49.559780,  -96.167735,    20868.965
  38,    7,   49.560576,  -96.015255,    20868.518
  39,    7,   49.561261,  -95.862772,    20868.229
  40,    7,   49.561835,  -95.710286,    20867.957
  41,    7,   49.562297,  -95.557799,    20867.709
  42,    7,   49.562649,  -95.405311,    20867.477
  43,    7,   49.562889,  -95.252821,    20867.293
  44,    7,   49.563018,  -95.100331,    20867.125
   1,    8,   49.555872, -101.659558,    20878.094
   2,    8,   49.560673, -101.507255,    20879.389
   3,    8,   49.565363, -101.354936,    20880.133
   4,    8,   49.569942, -101.202601,    20879.861
   5,    8,   49.574410, -101.050251,    20878.453
   6,    8,   49.578766, -100.897885,    20877.484
   7,    8,   49.583011, -100.745504,    20876.828
   8,    8,   49.587145, -100.593108,    20876.342
   9,    8,   49.591168, -100.440699,    20875.916
  10,    8,   49.595080, -100.288275,    20875.549
  11,    8,   49.598880, -100.135839,    20875.725
  12,    8,   49.602569,  -99.983389,    20876.037
  13,    8,   49.606147,  -99.830927,    20876.613
  14,    8,   49.609613,  -99.678452,    20877.404
  15,    8,   49.612969,  -99.525966,    20877.773
  16,    8,   49.616213,  -99.373468,    20876.957
  17,    8,   49.619346,  -99.220959,    20875.988
  18,    8,   49.622368,  -99.068440,    20875.197
  19,    8,   49.625278,  -98.915910,    20874.613
  20,    8,   49.628077,  -98.763370,    20874.445
  21,    8,   49.630765,  -98.610821,    20874.254
  22,    8,   49.633342,  -98.458262,    20874.014
  23,    8,   49.635807,  -98.305695,    20873.748
  24,    8,   49.638162,  -98.153119,    20873.590
  25,    8,   49.640405,  -98.000536,    20873.373
  26,    8,   49.642536,  -97.847945,    20873.109
  27,    8,   49.644557,  -97.695346,    20872.828
  28,    8,   49.646466,  -97.542741,    20872.541
  29,    8,   49.648264,  -97.390129,    20872.229
  30,    8,   49.649950,  -97.237512,    20871.885
  31,    8,   49.651526,  -97.084888,    20871.541
  32,    8,   49.652990,  -96.932260,    20871.197
  33,    8,   49.654343,  -96.779626,    20870.846
  34,    8,   49.655584,  -96.626988,    20870.469
  35,    8,   49.656714,  -96.474346,    20870.109
  36,    8,   49.657733,  -96.321700,    20869.766
  37,    8,   49.658641,  -96.169050,    20869.389
  38,    8,   49.659438,  -96.016398,    20869.068
  39,    8,   49.660123,  -95.863743,    20868.748
  40,    8,   49.660697,  -95.711086,    20868.469
  41,    8,   49.661160,  -95.558427,    20868.236
  42,    8,   49.661511,  -95.405767,    20867.996
  43,    8,   49.661751,  -95.253106,    20867.805
  44,    8,   49.661880,  -95.100444,    20867.621
   1,    9,   49.654622, -101.667053,    20879.189
   2,    9,   49.659424, -101.514580,    20881.484
   3,    9,   49.664115, -101.362090,    20883.492
   4,    9,   49.668695, -101.209584,    20884.213
   5,    9,   49.673163, -101.057062,    20882.670
   6,    9,   49.677521, -100.904525,    20880.957
   7,    9,   49.681767, -100.751973,    20879.686
   8,    9,   49.685902, -100.599406,    20878.598
   9,    9,   49.689925, -100.446826,    20877.613
  10,    9,   49.693838, -100.294231,    20877.422
  11,    9,   49.697639, -100.141623,    20878.229
  12,    9,   49.701329,  -99.989002,    20879.293
  13,    9,   49.704908,  -99.836368,    20880.076
  14,    9,   49.708375,  -99.683722,    20880.094
  15,    9,   49.711731,  -99.531064,    20878.797
  16,    9,   49.714976,  -99.378395,    20877.453
  17,    9,   49.718110,  -99.225715,    20876.461
  18,    9,   49.721132,  -99.073023,    20875.854
  19,    9,   49.724043,  -98.920322,    20875.502
  20,    9,   49.726843,  -98.767610,    20875.213
  21,    9,   49.729531,  -98.614889,    20874.908
  22,    9,   49.732109,  -98.462159,    20874.605
  23,    9,   49.734575,  -98.309420,    20874.357
  24,    9,   49.736929,  -98.156673,    20874.141
  25,    9,   49.739173,  -98.003917,    20873.900
  26,    9,   49.741305,  -97.851154,    20873.645
  27,    9,   49.743326,  -97.698384,    20873.389
  28,    9,   49.745235,  -97.545607,    20873.102
  29,    9,   49.747034,  -97.392823,    20872.781
  30,    9,   49.748721,  -97.240034,    20872.461
  31,    9,   49.750296,  -97.087238,    20872.125
  32,    9,   49.751761,  -96.934438,    20871.758
  33,    9,   49.753114,  -96.781632,    20871.404
  34,    9,   49.754356,  -96.628822,    20871.037
  35,    9,   49.755486,  -96.476008,    20870.670
  36,    9,   49.756506,  -96.323190,    20870.293
  37,    9,   49.757414,  -96.170368,    20869.965
  38,    9,   49.758210,  -96.017544,    20869.613
  39,    9,   49.758896,  -95.864717,    20869.301
  40,    9,   49.759470,  -95.711888,    20869.045
  41,    9,   49.759932,  -95.559057,    20868.766
  42,    9,   49.760284,  -95.406224,    20868.549
  43,    9,   49.760524,  -95.253391,    20868.350
  44,    9,   49.760653,  -95.100557,    20868.156
   1,   10,   49.753282, -101.674565,    20879.645
   2,   10,   49.758085, -101.521921,    20882.412
   3,   10,   49.762777, -101.369259,    20885.645
   4,   10,   49.767358, -101.216582,    20887.828
   5,   10,   49.771827, -101.063889,    20886.645
   6,   10,   49.776186, -100.911180,    20885.014
   7,   10,   49.780433, -100.758457,    20883.102
   8,   10,   49.784569, -100.605719,    20881.244
   9,   10,   49.788593, -100.452966,    20879.838
  10,   10,   49.792507, -100.300200,    20880.053
  11,   10,   49.796309, -100.147420,    20880.725
  12,   10,   49.799999,  -99.994627,    20881.086
  13,   10,   49.803579,  -99.841822,    20880.645
  14,   10,   49.807047,  -99.689004,    20879.613
  15,   10,   49.810404,  -99.536174,    20878.477
  16,   10,   49.813649,  -99.383333,    20877.701
  17,   10,   49.816784,  -99.230481,    20877.244
  18,   10,   49.819807,  -99.077617,    20877.021
  19,   10,   49.822718,  -98.924744,    20876.820
  20,   10,   49.825519,  -98.771860,    20876.461
  21,   10,   49.828208,  -98.618967,    20875.988
  22,   10,   49.830786,  -98.466065,    20875.461
  23,   10,   49.833252,  -98.313154,    20875.053
  24,   10,   49.835607,  -98.160234,    20874.773
  25,   10,   49.837851,  -98.007306,    20874.510
  26,   10,   49.839984,  -97.854371,    20874.236
  27,   10,   49.842005,  -97.701429,    20873.965
  28,   10,   49.843915,  -97.548479,    20873.678
  29,   10,   49.845714,  -97.395523,    20873.365
  30,   10,   49.847401,  -97.242561,    20873.045
  31,   10,   49.848977,  -97.089593,    20872.693
  32,   10,   49.850442,  -96.936620,    20872.373
  33,   10,   49.851796,  -96.783642,    20871.973
  34,   10,   49.853038,  -96.630660,    20871.605
  35,   10,   49.854168,  -96.477673,    20871.244
  36,   10,   49.855188,  -96.324683,    20870.861
  37,   10,   49.856096,  -96.171689,    20870.518
  38,   10,   49.856893,  -96.018692,    20870.189
  39,   10,   49.857578,  -95.865693,    20869.893
  40,   10,   49.858153,  -95.712691,    20869.605
  41,   10,   49.858615,  -95.559688,    20869.342
  42,   10,   49.858967,  -95.406683,    20869.125
  43,   10,   49.859207,  -95.253677,    20868.916
  44,   10,   49.859336,  -95.100671,    20868.740
   1,   11,   49.851852, -101.682094,    20879.701
   2,   11,   49.856656, -101.529278,    20882.510
   3,   11,   49.861349, -101.376445,    20886.652
   4,   11,   49.865931, -101.223596,    20890.037
   5,   11,   49.870402, -101.070731,    20889.365
   6,   11,   49.874761, -100.917851,    20887.813
   7,   11,   49.879009, -100.764955,    20885.813
   8,   11,   49.883146, -100.612045,    20883.766
   9,   11,   49.887171, -100.459121,    20882.572
  10,   11,   49.891085, -100.306182,    20882.270
  11,   11,   49.894888, -100.153230,    20881.908
  12,   11,   49.898580, -100.000265,    20881.205
  13,   11,   49.902160,  -99.847288,    20880.182
  14,   11,   49.905629,  -99.694298,    20879.324
  15,   11,   49.908986,  -99.541296,    20878.709
  16,   11,   49.912233,  -99.388282,    20878.357
  17,   11,   49.915368,  -99.235257,    20878.205
  18,   11,   49.918391,  -99.082222,    20878.102
  19,   11,   49.921304,  -98.929176,    20877.861
  20,   11,   49.924105,  -98.776120,    20877.461
  21,   11,   49.926794,  -98.623054,    20876.980
  22,   11,   49.929373,  -98.469979,    20876.445
  23,   11,   49.931840,  -98.316896,    20875.996
  24,   11,   49.934196,  -98.163803,    20875.580
  25,   11,   49.936440,  -98.010703,    20875.205
  26,   11,   49.938573,  -97.857595,    20874.893
  27,   11,   49.940595,  -97.704480,    20874.598
  28,   11,   49.942505,  -97.551358,    20874.285
  29,   11,   49.944304,  -97.398229,    20873.957
  30,   11,   49.945992,  -97.245095,    20873.629
  31,   11,   49.947568,  -97.091954,    20873.301
  32,   11,   49.949033,  -96.938808,    20872.926
  33,   11,   49.950387,  -96.785657,    20872.572
  34,   11,   49.951630,  -96.632502,    20872.213
  35,   11,   49.952761,  -96.479343,    20871.789
  36,   11,   49.953780,  -96.326179,    20871.461
  37,   11,   49.954689,  -96.173013,    20871.094
  38,   11,   49.955486,  -96.019843,    20870.766
  39,   11,   49.956171,  -95.866671,    20870.477
  40,   11,   49.956746,  -95.713496,    20870.189
  41,   11,   49.957209,  -95.560320,    20869.941
  42,   11,   49.957560,  -95.407142,    20869.709
  43,   11,   49.957800,  -95.253964,    20869.502
  44,   11,   49.957929,  -95.100784,    20869.301
   1,   12,   49.950332, -101.689641,    20880.205
   2,   12,   49.955138, -101.536652,    20882.957
   3,   12,   49.959832, -101.383647,    20887.477
   4,   12,   49.964415, -101.230626,    20890.773
   5,   12,   49.968886, -101.077589,    20890.732
   6,   12,   49.973246, -100.924536,    20889.350
   7,   12,   49.977495, -100.771468,    20887.430
   8,   12,   49.981633, -100.618386,    20885.748
   9,   12,   49.985659, -100.465289,    20884.717
  10,   12,   49.989574, -100.312178,    20883.541
  11,   12,   49.993378, -100.159054,    20882.342
  12,   12,   49.997070, -100.005916,    20881.254
  13,   12,   50.000651,  -99.852766,    20880.510
  14,   12,   50.004121,  -99.699603,    20879.980
  15,   12,   50.007479,  -99.546429,    20879.533
  16,   12,   50.010726,  -99.393242,    20879.141
  17,   12,   50.013861,  -99.240045,    20878.789
  18,   12,   50.016886,  -99.086837,    20878.422
  19,   12,   50.019799,  -98.933618,    20878.086
  20,   12,   50.022600,  -98.780389,    20877.732
  21,   12,   50.025291,  -98.627150,    20877.365
  22,   12,   50.027870,  -98.473903,    20877.014
  23,   12,   50.030337,  -98.320646,    20876.670
  24,   12,   50.032693,  -98.167381,    20876.350
  25,   12,   50.034938,  -98.014108,    20876.021
  26,   12,   50.037072,  -97.860827,    20875.645
  27,   12,   50.039094,  -97.707538,    20875.293
  28,   12,   50.041005,  -97.554243,    20874.965
  29,   12,   50.042804,  -97.400941,    20874.637
  30,   12,   50.044492,  -97.247634,    20874.285
  31,   12,   50.046069,  -97.094320,    20873.957
  32,   12,   50.047534,  -96.941001,    20873.598
  33,   12,   50.048888,  -96.787677,    20873.244
  34,   12,   50.050131,  -96.634349,    20872.869
  35,   12,   50.051262,  -96.481016,    20872.469
  36,   12,   50.052282,  -96.327679,    20872.174
  37,   12,   50.053191,  -96.174340,    20871.846
  38,   12,   50.053988,  -96.020997,    20871.477
  39,   12,   50.054674,  -95.867651,    20871.061
  40,   12,   50.055248,  -95.714303,    20870.781
  41,   12,   50.055711,  -95.560954,    20870.518
  42,   12,   50.056063,  -95.407603,    20870.293
  43,   12,   50.056303,  -95.254251,    20870.086
  44,   12,   50.056432,  -95.100898,    20869.877
   1,   13,   50.048722, -101.697204,    20880.900
   2,   13,   50.053529, -101.544043,    20883.254
   3,   13,   50.058224, -101.390865,    20887.262
   4,   13,   50.062807, -101.237672,    20889.797
   5,   13,   50.067280, -101.084462,    20890.189
   6,   13,   50.071641, -100.931237,    20889.404
   7,   13,   50.075891, -100.777996,    20888.086
   8,   13,   50.080029, -100.624741,    20886.709
   9,   13,   50.084056, -100.471471,    20885.309
  10,   13,   50.087972, -100.318188,    20883.980
  11,   13,   50.091777, -100.164890,    20882.854
  12,   13,   50.095470, -100.011580,    20881.926
  13,   13,   50.099051,  -99.858257,    20881.221
  14,   13,   50.102522,  -99.704921,    20880.533
  15,   13,   50.105881,  -99.551573,    20879.900
  16,   13,   50.109128,  -99.398214,    20879.350
  17,   13,   50.112265,  -99.244843,    20878.838
  18,   13,   50.115290,  -99.091462,    20878.404
  19,   13,   50.118203,  -98.938070,    20878.037
  20,   13,   50.121005,  -98.784668,    20877.732
  21,   13,   50.123696,  -98.631256,    20877.518
  22,   13,   50.126276,  -98.477835,    20877.324
  23,   13,   50.128744,  -98.324405,    20877.076
  24,   13,   50.131101,  -98.170966,    20876.813
  25,   13,   50.133346,  -98.017520,    20876.557
  26,   13,   50.135480,  -97.864065,    20876.316
  27,   13,   50.137502,  -97.710604,    20875.988
  28,   13,   50.139414,  -97.557135,    20875.686
  29,   13,   50.141214,  -97.403660,    20875.381
  30,   13,   50.142902,  -97.250178,    20875.021
  31,   13,   50.144479,  -97.096691,    20874.629
  32,   13,   50.145945,  -96.943199,    20874.262
  33,   13,   50.147299,  -96.789701,    20873.916
  34,   13,   50.148542,  -96.636199,    20873.590
  35,   13,   50.149673,  -96.482693,    20873.381
  36,   13,   50.150694,  -96.329183,    20873.076
  37,   13,   50.151602,  -96.175669,    20872.748
  38,   13,   50.152400,  -96.022153,    20872.389
  39,   13,   50.153086,  -95.868634,    20871.988
  40,   13,   50.153660,  -95.715112,    20871.598
  41,   13,   50.154123,  -95.561589,    20871.229
  42,   13,   50.154475,  -95.408065,    20870.934
  43,   13,   50.154715,  -95.254539,    20870.670
  44,   13,   50.154844,  -95.101013,    20870.477
   1,   14,   50.147021, -101.704784,    20880.805
   2,   14,   50.151829, -101.551450,    20882.045
   3,   14,   50.156525, -101.398100,    20884.828
   4,   14,   50.161110, -101.244733,    20887.076
   5,   14,   50.165583, -101.091351,    20888.189
   6,   14,   50.169945, -100.937952,    20888.365
   7,   14,   50.174196, -100.784539,    20887.805
   8,   14,   50.178335, -100.631110,    20886.725
   9,   14,   50.182363, -100.477668,    20885.590
  10,   14,   50.186279, -100.324211,    20884.453
  11,   14,   50.190085, -100.170740,    20883.277
  12,   14,   50.193779, -100.017257,    20882.182
  13,   14,   50.197361,  -99.863760,    20881.164
  14,   14,   50.200832,  -99.710251,    20880.277
  15,   14,   50.204192,  -99.556730,    20879.572
  16,   14,   50.207440,  -99.403197,    20879.102
  17,   14,   50.210577,  -99.249653,    20878.748
  18,   14,   50.213603,  -99.096097,    20878.492
  19,   14,   50.216517,  -98.942532,    20878.277
  20,   14,   50.219320,  -98.788956,    20878.068
  21,   14,   50.222011,  -98.635371,    20877.893
  22,   14,   50.224591,  -98.481776,    20877.678
  23,   14,   50.227060,  -98.328172,    20877.438
  24,   14,   50.229417,  -98.174560,    20877.182
  25,   14,   50.231663,  -98.020940,    20876.916
  26,   14,   50.233797,  -97.867311,    20876.686
  27,   14,   50.235820,  -97.713676,    20876.484
  28,   14,   50.237732,  -97.560033,    20876.270
  29,   14,   50.239532,  -97.406384,    20875.988
  30,   14,   50.241221,  -97.252729,    20875.652
  31,   14,   50.242798,  -97.099068,    20875.270
  32,   14,   50.244264,  -96.945401,    20874.900
  33,   14,   50.245619,  -96.791730,    20874.549
  34,   14,   50.246862,  -96.638054,    20874.316
  35,   14,   50.247994,  -96.484374,    20874.086
  36,   14,   50.249014,  -96.330690,    20873.781
  37,   14,   50.249923,  -96.177002,    20873.438
  38,   14,   50.250720,  -96.023312,    20873.086
  39,   14,   50.251406,  -95.869618,    20872.740
  40,   14,   50.251981,  -95.715923,    20872.438
  41,   14,   50.252444,  -95.562226,    20872.164
  42,   14,   50.252796,  -95.408527,    20871.861
  43,   14,   50.253037,  -95.254827,    20871.438
  44,   14,   50.253166,  -95.101127,    20871.141
   1,   15,   50.245229, -101.712381,    20880.838
   2,   15,   50.250038, -101.558875,    20880.846
   3,   15,   50.254735, -101.405351,    20882.141
   4,   15,   50.259321, -101.251811,    20883.916
   5,   15,   50.263795, -101.098255,    20885.189
   6,   15,   50.268158, -100.944683,    20885.781
   7,   15,   50.272409, -100.791096,    20885.629
   8,   15,   50.276550, -100.637494,    20884.934
   9,   15,   50.280578, -100.483878,    20884.102
  10,   15,   50.284496, -100.330247,    20883.174
  11,   15,   50.288302, -100.176603,    20882.182
  12,   15,   50.291996, -100.022946,    20881.221
  13,   15,   50.295580,  -99.869275,    20880.389
  14,   15,   50.299051,  -99.715593,    20879.758
  15,   15,   50.302412,  -99.561898,    20879.324
  16,   15,   50.305661,  -99.408191,    20879.076
  17,   15,   50.308798,  -99.254473,    20878.893
  18,   15,   50.311825,  -99.100744,    20878.740
  19,   15,   50.314739,  -98.947004,    20878.598
  20,   15,   50.317543,  -98.793254,    20878.430
  21,   15,   50.320235,  -98.639495,    20878.262
  22,   15,   50.322815,  -98.485726,    20878.068
  23,   15,   50.325284,  -98.331948,    20877.854
  24,   15,   50.327642,  -98.178162,    20877.621
  25,   15,   50.329888,  -98.024367,    20877.389
  26,   15,   50.332023,  -97.870565,    20877.174
  27,   15,   50.334047,  -97.716755,    20876.957
  28,   15,   50.335958,  -97.562938,    20876.725
  29,   15,   50.337759,  -97.409115,    20876.461
  30,   15,   50.339448,  -97.255285,    20876.141
  31,   15,   50.341026,  -97.101450,    20875.813
  32,   15,   50.342492,  -96.947609,    20875.461
  33,   15,   50.343847,  -96.793763,    20875.076
  34,   15,   50.345090,  -96.639913,    20874.701
  35,   15,   50.346222,  -96.486058,    20874.365
  36,   15,   50.347243,  -96.332200,    20874.037
  37,   15,   50.348152,  -96.178338,    20873.709
  38,   15,   50.348950,  -96.024473,    20873.422
  39,   15,   50.349636,  -95.870605,    20873.125
  40,   15,   50.350211,  -95.716736,    20873.006
  41,   15,   50.350674,  -95.562864,    20873.021
  42,   15,   50.351026,  -95.408991,    20872.980
  43,   15,   50.351266,  -95.255117,    20872.412
  44,   15,   50.351396,  -95.101242,    20871.908
   1,   16,   50.343346, -101.719996,    20881.461
   2,   16,   50.348156, -101.566316,    20881.254
   3,   16,   50.352854, -101.412619,    20881.404
   4,   16,   50.357440, -101.258905,    20881.941
   5,   16,   50.361916, -101.105175,    20882.580
   6,   16,   50.366279, -100.951429,    20883.102
   7,   16,   50.370532, -100.797669,    20883.182
   8,   16,   50.374673, -100.643893,    20882.877
   9,   16,   50.378702, -100.490102,    20882.373
  10,   16,   50.382621, -100.336298,    20881.748
  11,   16,   50.386427, -100.182480,    20881.086
  12,   16,   50.390123, -100.028648,    20880.541
  13,   16,   50.393707,  -99.874804,    20880.133
  14,   16,   50.397179,  -99.720947,    20879.797
  15,   16,   50.400540,  -99.567077,    20879.557
  16,   16,   50.403790,  -99.413196,    20879.422
  17,   16,   50.406928,  -99.259304,    20879.301
  18,   16,   50.409955,  -99.105400,    20879.189
  19,   16,   50.412870,  -98.951486,    20879.037
  20,   16,   50.415674,  -98.797562,    20878.846
  21,   16,   50.418367,  -98.643628,    20878.678
  22,   16,   50.420948,  -98.489685,    20878.502
  23,   16,   50.423417,  -98.335733,    20878.309
  24,   16,   50.425776,  -98.181772,    20878.117
  25,   16,   50.428022,  -98.027803,    20877.908
  26,   16,   50.430158,  -97.873826,    20877.701
  27,   16,   50.432181,  -97.719841,    20877.484
  28,   16,   50.434094,  -97.565850,    20877.254
  29,   16,   50.435895,  -97.411852,    20876.988
  30,   16,   50.437584,  -97.257848,    20876.670
  31,   16,   50.439162,  -97.103837,    20876.332
  32,   16,   50.440629,  -96.949822,    20875.996
  33,   16,   50.441984,  -96.795801,    20875.645
  34,   16,   50.443227,  -96.641776,    20875.244
  35,   16,   50.444360,  -96.487747,    20874.877
  36,   16,   50.445380,  -96.333714,    20874.492
  37,   16,   50.446290,  -96.179677,    20874.117
  38,   16,   50.447088,  -96.025637,    20873.797
  39,   16,   50.447774,  -95.871595,    20873.502
  40,   16,   50.448349,  -95.717550,    20873.422
  41,   16,   50.448812,  -95.563504,    20873.525
  42,   16,   50.449164,  -95.409456,    20873.412
  43,   16,   50.449405,  -95.255407,    20872.838
  44,   16,   50.449534,  -95.101357,    20872.404
   1,   17,   50.441372, -101.727628,    20882.061
   2,   17,   50.446182, -101.573774,    20881.805
   3,   17,   50.450881, -101.419903,    20881.693
   4,   17,   50.455468, -101.266015,    20881.732
   5,   17,   50.459945, -101.112111,    20881.854
   6,   17,   50.464309, -100.958191,    20881.973
   7,   17,   50.468562, -100.804256,    20881.988
   8,   17,   50.472704, -100.650306,    20881.877
   9,   17,   50.476735, -100.496341,    20881.652
  10,   17,   50.480654, -100.342362,    20881.365
  11,   17,   50.484461, -100.188369,    20881.014
  12,   17,   50.488157, -100.034363,    20880.670
  13,   17,   50.491742,  -99.880344,    20880.389
  14,   17,   50.495215,  -99.726313,    20880.156
  15,   17,   50.498577,  -99.572269,    20879.988
  16,   17,   50.501827,  -99.418213,    20879.869
  17,   17,   50.504966,  -99.264146,    20879.758
  18,   17,   50.507993,  -99.110068,    20879.629
  19,   17,   50.510909,  -98.955979,    20879.461
  20,   17,   50.513714,  -98.801880,    20879.293
  21,   17,   50.516407,  -98.647771,    20879.125
  22,   17,   50.518989,  -98.493653,    20878.973
  23,   17,   50.521459,  -98.339526,    20878.813
  24,   17,   50.523817,  -98.185390,    20878.645
  25,   17,   50.526064,  -98.031246,    20878.453
  26,   17,   50.528200,  -97.877094,    20878.262
  27,   17,   50.530224,  -97.722934,    20878.053
  28,   17,   50.532137,  -97.568768,    20877.820
  29,   17,   50.533938,  -97.414595,    20877.541
  30,   17,   50.535628,  -97.260416,    20877.221
  31,   17,   50.537207,  -97.106230,    20876.885
  32,   17,   50.538673,  -96.952040,    20876.557
  33,   17,   50.540029,  -96.797844,    20876.205
  34,   17,   50.541273,  -96.643644,    20875.820
  35,   17,   50.542405,  -96.489439,    20875.438
  36,   17,   50.543426,  -96.335231,    20875.053
  37,   17,   50.544336,  -96.181019,    20874.701
  38,   17,   50.545133,  -96.026804,    20874.389
  39,   17,   50.545820,  -95.872586,    20874.068
  40,   17,   50.546395,  -95.718366,    20873.854
  41,   17,   50.546859,  -95.564145,    20873.748
  42,   17,   50.547211,  -95.409921,    20873.510
  43,   17,   50.547451,  -95.255697,    20873.164
  44,   17,   50.547580,  -95.101472,    20872.877
   1,   18,   50.539305, -101.735277,    20882.686
   2,   18,   50.544116, -101.581249,    20882.404
   3,   18,   50.548816, -101.427203,    20882.189
   4,   18,   50.553405, -101.273141,    20882.037
   5,   18,   50.557882, -101.119062,    20881.957
   6,   18,   50.562247, -100.964968,    20881.957
   7,   18,   50.566501, -100.810858,    20881.900
   8,   18,   50.570644, -100.656733,    20881.797
   9,   18,   50.574675, -100.502594,    20881.645
  10,   18,   50.578595, -100.348440,    20881.469
  11,   18,   50.582403, -100.194273,    20881.236
  12,   18,   50.586100, -100.040092,    20880.988
  13,   18,   50.589685,  -99.885898,    20880.748
  14,   18,   50.593159,  -99.731691,    20880.518
  15,   18,   50.596522,  -99.577472,    20880.373
  16,   18,   50.599772,  -99.423241,    20880.262
  17,   18,   50.602912,  -99.268999,    20880.141
  18,   18,   50.605940,  -99.114746,    20880.029
  19,   18,   50.608856,  -98.960482,    20879.877
  20,   18,   50.611662,  -98.806208,    20879.740
  21,   18,   50.614355,  -98.651924,    20879.613
  22,   18,   50.616937,  -98.497630,    20879.477
  23,   18,   50.619408,  -98.343328,    20879.342
  24,   18,   50.621767,  -98.189016,    20879.182
  25,   18,   50.624014,  -98.034697,    20879.014
  26,   18,   50.626151,  -97.880369,    20878.820
  27,   18,   50.628175,  -97.726035,    20878.605
  28,   18,   50.630088,  -97.571693,    20878.357
  29,   18,   50.631890,  -97.417344,    20878.061
  30,   18,   50.633580,  -97.262989,    20877.748
  31,   18,   50.635159,  -97.108629,    20877.430
  32,   18,   50.636626,  -96.954263,    20877.109
  33,   18,   50.637982,  -96.799891,    20876.748
  34,   18,   50.639226,  -96.645515,    20876.373
  35,   18,   50.640358,  -96.491135,    20876.006
  36,   18,   50.641379,  -96.336751,    20875.629
  37,   18,   50.642289,  -96.182364,    20875.277
  38,   18,   50.643087,  -96.027973,    20874.957
  39,   18,   50.643774,  -95.873580,    20874.660
  40,   18,   50.644349,  -95.719184,    20874.381
  41,   18,   50.644813,  -95.564787,    20874.102
  42,   18,   50.645165,  -95.410388,    20873.893
  43,   18,   50.645405,  -95.255988,    20873.660
  44,   18,   50.645535,  -95.101588,    20873.502
   1,   19,   50.637146, -101.742944,    20883.324
   2,   19,   50.641958, -101.588741,    20883.045
   3,   19,   50.646659, -101.434520,    20882.781
   4,   19,   50.651248, -101.280283,    20882.549
   5,   19,   50.655726, -101.126029,    20882.389
   6,   19,   50.660093, -100.971760,    20882.270
   7,   19,   50.664348, -100.817475,    20882.174
   8,   19,   50.668491, -100.663175,    20882.053
   9,   19,   50.672523, -100.508861,    20881.900
  10,   19,   50.676444, -100.354532,    20881.740
  11,   19,   50.680253, -100.200189,    20881.549
  12,   19,   50.683950, -100.045833,    20881.332
  13,   19,   50.687536,  -99.891464,    20881.117
  14,   19,   50.691011,  -99.737081,    20880.934
  15,   19,   50.694374,  -99.582687,    20880.789
  16,   19,   50.697625,  -99.428281,    20880.660
  17,   19,   50.700765,  -99.273863,    20880.549
  18,   19,   50.703794,  -99.119434,    20880.445
  19,   19,   50.706711,  -98.964995,    20880.332
  20,   19,   50.709517,  -98.810545,    20880.229
  21,   19,   50.712211,  -98.656085,    20880.125
  22,   19,   50.714793,  -98.501616,    20880.006
  23,   19,   50.717264,  -98.347138,    20879.869
  24,   19,   50.719624,  -98.192651,    20879.732
  25,   19,   50.721872,  -98.038156,    20879.564
  26,   19,   50.724009,  -97.883653,    20879.365
  27,   19,   50.726034,  -97.729142,    20879.133
  28,   19,   50.727947,  -97.574624,    20878.877
  29,   19,   50.729749,  -97.420100,    20878.580
  30,   19,   50.731439,  -97.265569,    20878.277
  31,   19,   50.733018,  -97.111032,    20877.973
  32,   19,   50.734486,  -96.956490,    20877.629
  33,   19,   50.735842,  -96.801943,    20877.285
  34,   19,   50.737086,  -96.647391,    20876.926
  35,   19,   50.738219,  -96.492835,    20876.557
  36,   19,   50.739240,  -96.338275,    20876.221
  37,   19,   50.740150,  -96.183712,    20875.869
  38,   19,   50.740948,  -96.029145,    20875.549
  39,   19,   50.741635,  -95.874576,    20875.262
  40,   19,   50.742210,  -95.720004,    20874.996
  41,   19,   50.742674,  -95.565431,    20874.701
  42,   19,   50.743026,  -95.410856,    20874.469
  43,   19,   50.743267,  -95.256280,    20874.254
  44,   19,   50.743396,  -95.101704,    20874.053
   1,   20,   50.734895, -101.750628,    20883.988
   2,   20,   50.739708, -101.596250,    20883.693
   3,   20,   50.744409, -101.441854,    20883.412
   4,   20,   50.749000, -101.287441,    20883.148
   5,   20,   50.753478, -101.133013,    20882.916
   6,   20,   50.757846, -100.978568,    20882.732
   7,   20,   50.762101, -100.824108,    20882.590
   8,   20,   50.766246, -100.669632,    20882.438
   9,   20,   50.770278, -100.515142,    20882.277
  10,   20,   50.774200, -100.360638,    20882.109
  11,   20,   50.778009, -100.206119,    20881.926
  12,   20,   50.781708, -100.051587,    20881.732
  13,   20,   50.785294,  -99.897042,    20881.549
  14,   20,   50.788770,  -99.742484,    20881.396
  15,   20,   50.792133,  -99.587914,    20881.270
  16,   20,   50.795386,  -99.433332,    20881.148
  17,   20,   50.798526,  -99.278738,    20881.037
  18,   20,   50.801555,  -99.124134,    20880.934
  19,   20,   50.804473,  -98.969518,    20880.838
  20,   20,   50.807279,  -98.814892,    20880.748
  21,   20,   50.809974,  -98.660257,    20880.660
  22,   20,   50.812557,  -98.505611,    20880.533
  23,   20,   50.815028,  -98.350957,    20880.404
  24,   20,   50.817388,  -98.196294,    20880.262
  25,   20,   50.819637,  -98.041623,    20880.094
  26,   20,   50.821774,  -97.886943,    20879.900
  27,   20,   50.823799,  -97.732256,    20879.670
  28,   20,   50.825713,  -97.577562,    20879.412
  29,   20,   50.827515,  -97.422862,    20879.133
  30,   20,   50.829206,  -97.268155,    20878.828
  31,   20,   50.830785,  -97.113442,    20878.492
  32,   20,   50.832253,  -96.958723,    20878.182
  33,   20,   50.833609,  -96.804000,    20877.838
  34,   20,   50.834854,  -96.649272,    20877.484
  35,   20,   50.835987,  -96.494539,    20877.148
  36,   20,   50.837008,  -96.339803,    20876.805
  37,   20,   50.837918,  -96.185063,    20876.469
  38,   20,   50.838717,  -96.030320,    20876.148
  39,   20,   50.839404,  -95.875574,    20875.846
  40,   20,   50.839979,  -95.720826,    20875.605
  41,   20,   50.840443,  -95.566076,    20875.316
  42,   20,   50.840795,  -95.411325,    20875.076
  43,   20,   50.841036,  -95.256573,    20874.861
  44,   20,   50.841165,  -95.101820,    20874.645
   1,   21,   50.832550, -101.758330,    20884.660
   2,   21,   50.837364, -101.603776,    20884.350
   3,   21,   50.842067, -101.449204,    20884.061
   4,   21,   50.846658, -101.294616,    20883.781
   5,   21,   50.851138, -101.140012,    20883.518
   6,   21,   50.855506, -100.985391,    20883.277
   7,   21,   50.859762, -100.830755,    20883.076
   8,   21,   50.863907, -100.676104,    20882.908
   9,   21,   50.867941, -100.521438,    20882.732
  10,   21,   50.871863, -100.366757,    20882.564
  11,   21,   50.875673, -100.212063,    20882.389
  12,   21,   50.879372, -100.057355,    20882.213
  13,   21,   50.882960,  -99.902633,    20882.045
  14,   21,   50.886436,  -99.747899,    20881.908
  15,   21,   50.889800,  -99.593153,    20881.789
  16,   21,   50.893053,  -99.438395,    20881.670
  17,   21,   50.896194,  -99.283625,    20881.557
  18,   21,   50.899224,  -99.128844,    20881.461
  19,   21,   50.902142,  -98.974052,    20881.373
  20,   21,   50.904949,  -98.819250,    20881.293
  21,   21,   50.907644,  -98.664438,    20881.205
  22,   21,   50.910227,  -98.509616,    20881.102
  23,   21,   50.912699,  -98.354785,    20880.965
  24,   21,   50.915060,  -98.199945,    20880.813
  25,   21,   50.917309,  -98.045097,    20880.660
  26,   21,   50.919446,  -97.890241,    20880.469
  27,   21,   50.921472,  -97.735378,    20880.229
  28,   21,   50.923386,  -97.580507,    20879.973
  29,   21,   50.925189,  -97.425630,    20879.701
  30,   21,   50.926880,  -97.270746,    20879.404
  31,   21,   50.928459,  -97.115857,    20879.109
  32,   21,   50.929927,  -96.960961,    20878.766
  33,   21,   50.931284,  -96.806061,    20878.422
  34,   21,   50.932528,  -96.651156,    20878.094
  35,   21,   50.933662,  -96.496247,    20877.766
  36,   21,   50.934683,  -96.341334,    20877.422
  37,   21,   50.935594,  -96.186417,    20877.094
  38,   21,   50.936392,  -96.031497,    20876.781
  39,   21,   50.937079,  -95.876575,    20876.477
  40,   21,   50.937655,  -95.721650,    20876.205
  41,   21,   50.938119,  -95.566723,    20875.957
  42,   21,   50.938471,  -95.411795,    20875.725
  43,   21,   50.938712,  -95.256866,    20875.502
  44,   21,   50.938841,  -95.101936,    20875.316
   1,   22,   50.930113, -101.766049,    20885.342
   2,   22,   50.934928, -101.611319,    20885.021
   3,   22,   50.939631, -101.456572,    20884.732
   4,   22,   50.944223, -101.301807,    20884.438
   5,   22,   50.948704, -101.147027,    20884.156
   6,   22,   50.953073, -100.992230,    20883.900
   7,   22,   50.957330, -100.837418,    20883.670
   8,   22,   50.961476, -100.682590,    20883.461
   9,   22,   50.965510, -100.527748,    20883.285
  10,   22,   50.969433, -100.372891,    20883.102
  11,   22,   50.973244, -100.218020,    20882.916
  12,   22,   50.976944, -100.063135,    20882.748
  13,   22,   50.980532,  -99.908238,    20882.598
  14,   22,   50.984008,  -99.753327,    20882.461
  15,   22,   50.987373,  -99.598404,    20882.342
  16,   22,   50.990627,  -99.443469,    20882.236
  17,   22,   50.993768,  -99.288522,    20882.125
  18,   22,   50.996799,  -99.133565,    20882.037
  19,   22,   50.999718,  -98.978596,    20881.941
  20,   22,   51.002525,  -98.823617,    20881.861
  21,   22,   51.005220,  -98.668628,    20881.781
  22,   22,   51.007804,  -98.513629,    20881.670
  23,   22,   51.010277,  -98.358622,    20881.541
  24,   22,   51.012638,  -98.203605,    20881.389
  25,   22,   51.014887,  -98.048580,    20881.213
  26,   22,   51.017025,  -97.893547,    20881.037
  27,   22,   51.019051,  -97.738507,    20880.820
  28,   22,   51.020965,  -97.583459,    20880.572
  29,   22,   51.022768,  -97.428404,    20880.301
  30,   22,   51.024460,  -97.273344,    20880.014
  31,   22,   51.026040,  -97.118277,    20879.701
  32,   22,   51.027508,  -96.963205,    20879.381
  33,   22,   51.028865,  -96.808127,    20879.061
  34,   22,   51.030110,  -96.653045,    20878.709
  35,   22,   51.031243,  -96.497959,    20878.381
  36,   22,   51.032265,  -96.342868,    20878.053
  37,   22,   51.033175,  -96.187774,    20877.732
  38,   22,   51.033974,  -96.032677,    20877.422
  39,   22,   51.034661,  -95.877578,    20877.133
  40,   22,   51.035237,  -95.722476,    20876.861
  41,   22,   51.035701,  -95.567372,    20876.613
  42,   22,   51.036053,  -95.412266,    20876.381
  43,   22,   51.036294,  -95.257160,    20876.148
  44,   22,   51.036423,  -95.102053,    20875.988
   1,   23,   51.027582, -101.773786,    20886.045
   2,   23,   51.032398, -101.618880,    20885.717
   3,   23,   51.037102, -101.463956,    20885.422
   4,   23,   51.041695, -101.309015,    20885.117
   5,   23,   51.046176, -101.154058,    20884.854
   6,   23,   51.050546, -100.999085,    20884.598
   7,   23,   51.054804, -100.844096,    20884.342
   8,   23,   51.058951, -100.689091,    20884.102
   9,   23,   51.062986, -100.534072,    20883.885
  10,   23,   51.066909, -100.379038,    20883.686
  11,   23,   51.070721, -100.223991,    20883.492
  12,   23,   51.074421, -100.068929,    20883.324
  13,   23,   51.078010,  -99.913855,    20883.182
  14,   23,   51.081487,  -99.758767,    20883.053
  15,   23,   51.084853,  -99.603667,    20882.934
  16,   23,   51.088107,  -99.448555,    20882.820
  17,   23,   51.091249,  -99.293431,    20882.717
  18,   23,   51.094280,  -99.138296,    20882.621
  19,   23,   51.097199,  -98.983150,    20882.533
  20,   23,   51.100007,  -98.827994,    20882.461
  21,   23,   51.102703,  -98.672828,    20882.381
  22,   23,   51.105288,  -98.517652,    20882.262
  23,   23,   51.107761,  -98.362467,    20882.133
  24,   23,   51.110122,  -98.207273,    20881.980
  25,   23,   51.112372,  -98.052071,    20881.813
  26,   23,   51.114510,  -97.896860,    20881.645
  27,   23,   51.116536,  -97.741642,    20881.430
  28,   23,   51.118451,  -97.586417,    20881.197
  29,   23,   51.120255,  -97.431185,    20880.934
  30,   23,   51.121946,  -97.275947,    20880.645
  31,   23,   51.123526,  -97.120703,    20880.342
  32,   23,   51.124995,  -96.965453,    20880.029
  33,   23,   51.126352,  -96.810198,    20879.693
  34,   23,   51.127597,  -96.654938,    20879.365
  35,   23,   51.128731,  -96.499674,    20879.037
  36,   23,   51.129753,  -96.344406,    20878.709
  37,   23,   51.130664,  -96.189135,    20878.389
  38,   23,   51.131462,  -96.033860,    20878.076
  39,   23,   51.132150,  -95.878583,    20877.805
  40,   23,   51.132725,  -95.723303,    20877.533
  41,   23,   51.133189,  -95.568021,    20877.277
  42,   23,   51.133542,  -95.412738,    20877.086
  43,   23,   51.133783,  -95.257454,    20876.854
  44,   23,   51.133912,  -95.102170,    20876.660
   1,   24,   51.124958, -101.781541,    20886.758
   2,   24,   51.129774, -101.626458,    20886.438
   3,   24,   51.134480, -101.471357,    20886.125
   4,   24,   51.139073, -101.316239,    20885.813
   5,   24,   51.143555, -101.161105,    20885.549
   6,   24,   51.147926, -101.005955,    20885.285
   7,   24,   51.152185, -100.850789,    20884.996
   8,   24,   51.156332, -100.695607,    20884.773
   9,   24,   51.160368, -100.540411,    20884.533
  10,   24,   51.164292, -100.385200,    20884.316
  11,   24,   51.168104, -100.229975,    20884.125
  12,   24,   51.171805, -100.074736,    20883.949
  13,   24,   51.175395,  -99.919484,    20883.797
  14,   24,   51.178873,  -99.764219,    20883.660
  15,   24,   51.182239,  -99.608942,    20883.525
  16,   24,   51.185493,  -99.453652,    20883.404
  17,   24,   51.188636,  -99.298351,    20883.293
  18,   24,   51.191668,  -99.143039,    20883.197
  19,   24,   51.194588,  -98.987715,    20883.125
  20,   24,   51.197396,  -98.832381,    20883.053
  21,   24,   51.200092,  -98.677038,    20882.965
  22,   24,   51.202677,  -98.521684,    20882.861
  23,   24,   51.205151,  -98.366321,    20882.740
  24,   24,   51.207512,  -98.210949,    20882.613
  25,   24,   51.209762,  -98.055569,    20882.453
  26,   24,   51.211901,  -97.900181,    20882.285
  27,   24,   51.213928,  -97.744785,    20882.086
  28,   24,   51.215843,  -97.589382,    20881.854
  29,   24,   51.217647,  -97.433973,    20881.580
  30,   24,   51.219339,  -97.278556,    20881.301
  31,   24,   51.220919,  -97.123134,    20881.014
  32,   24,   51.222388,  -96.967706,    20880.701
  33,   24,   51.223745,  -96.812274,    20880.381
  34,   24,   51.224991,  -96.656836,    20880.045
  35,   24,   51.226125,  -96.501394,    20879.709
  36,   24,   51.227147,  -96.345948,    20879.389
  37,   24,   51.228058,  -96.190498,    20879.086
  38,   24,   51.228857,  -96.035046,    20878.773
  39,   24,   51.229544,  -95.879590,    20878.492
  40,   24,   51.230120,  -95.724132,    20878.236
  41,   24,   51.230584,  -95.568673,    20877.996
  42,   24,   51.230936,  -95.413212,    20877.701
  43,   24,   51.231177,  -95.257750,    20877.572
  44,   24,   51.231307,  -95.102287,    20877.389
   1,   25,   51.222239, -101.789313,    20887.492
   2,   25,   51.227057, -101.634053,    20887.148
   3,   25,   51.231763, -101.478775,    20886.828
   4,   25,   51.236357, -101.323480,    20886.510
   5,   25,   51.240840, -101.168168,    20886.229
   6,   25,   51.245211, -101.012841,    20885.949
   7,   25,   51.249471, -100.857497,    20885.678
   8,   25,   51.253619, -100.702138,    20885.453
   9,   25,   51.257655, -100.546764,    20885.244
  10,   25,   51.261580, -100.391376,    20885.021
  11,   25,   51.265394, -100.235973,    20884.789
  12,   25,   51.269095, -100.080557,    20884.605
  13,   25,   51.272685,  -99.925127,    20884.445
  14,   25,   51.276164,  -99.769684,    20884.293
  15,   25,   51.279530,  -99.614229,    20884.148
  16,   25,   51.282786,  -99.458762,    20884.021
  17,   25,   51.285929,  -99.303283,    20883.926
  18,   25,   51.288961,  -99.147792,    20883.846
  19,   25,   51.291881,  -98.992291,    20883.766
  20,   25,   51.294690,  -98.836779,    20883.678
  21,   25,   51.297387,  -98.681257,    20883.598
  22,   25,   51.299973,  -98.525725,    20883.492
  23,   25,   51.302446,  -98.370184,    20883.381
  24,   25,   51.304808,  -98.214634,    20883.262
  25,   25,   51.307059,  -98.059076,    20883.125
  26,   25,   51.309198,  -97.903510,    20882.957
  27,   25,   51.311225,  -97.747936,    20882.758
  28,   25,   51.313141,  -97.592354,    20882.525
  29,   25,   51.314945,  -97.436766,    20882.277
  30,   25,   51.316637,  -97.281172,    20881.996
  31,   25,   51.318218,  -97.125571,    20881.701
  32,   25,   51.319687,  -96.969965,    20881.389
  33,   25,   51.321044,  -96.814354,    20881.086
  34,   25,   51.322290,  -96.658738,    20880.773
  35,   25,   51.323424,  -96.503117,    20880.438
  36,   25,   51.324447,  -96.347493,    20880.102
  37,   25,   51.325357,  -96.191865,    20879.789
  38,   25,   51.326157,  -96.036234,    20879.502
  39,   25,   51.326844,  -95.880600,    20879.205
  40,   25,   51.327420,  -95.724964,    20878.941
  41,   25,   51.327884,  -95.569326,    20878.701
  42,   25,   51.328237,  -95.413686,    20878.492
  43,   25,   51.328478,  -95.258045,    20878.254
  44,   25,   51.328607,  -95.102404,    20878.086
   1,   26,   51.319426, -101.797103,    20888.229
   2,   26,   51.324245, -101.641665,    20887.869
   3,   26,   51.328951, -101.486210,    20887.533
   4,   26,   51.333547, -101.330737,    20887.205
   5,   26,   51.338030, -101.175248,    20886.900
   6,   26,   51.342402, -101.019743,    20886.613
   7,   26,   51.346663, -100.864221,    20886.365
   8,   26,   51.350812, -100.708684,    20886.109
   9,   26,   51.354849, -100.553132,    20885.877
  10,   26,   51.358774, -100.397566,    20885.670
  11,   26,   51.362588, -100.241985,    20885.453
  12,   26,   51.366290, -100.086391,    20885.270
  13,   26,   51.369881,  -99.930783,    20885.102
  14,   26,   51.373360,  -99.775162,    20884.941
  15,   26,   51.376728,  -99.619528,    20884.797
  16,   26,   51.379983,  -99.463883,    20884.678
  17,   26,   51.383127,  -99.308225,    20884.580
  18,   26,   51.386160,  -99.152556,    20884.492
  19,   26,   51.389081,  -98.996877,    20884.430
  20,   26,   51.391890,  -98.841186,    20884.350
  21,   26,   51.394587,  -98.685486,    20884.254
  22,   26,   51.397173,  -98.529776,    20884.156
  23,   26,   51.399647,  -98.374056,    20884.053
  24,   26,   51.402010,  -98.218328,    20883.941
  25,   26,   51.404261,  -98.062591,    20883.797
  26,   26,   51.406400,  -97.906846,    20883.629
  27,   26,   51.408428,  -97.751093,    20883.445
  28,   26,   51.410344,  -97.595333,    20883.229
  29,   26,   51.412148,  -97.439566,    20882.965
  30,   26,   51.413841,  -97.283793,    20882.693
  31,   26,   51.415422,  -97.128014,    20882.404
  32,   26,   51.416891,  -96.972229,    20882.109
  33,   26,   51.418249,  -96.816439,    20881.797
  34,   26,   51.419495,  -96.660644,    20881.484
  35,   26,   51.420629,  -96.504845,    20881.164
  36,   26,   51.421652,  -96.349041,    20880.846
  37,   26,   51.422562,  -96.193235,    20880.518
  38,   26,   51.423362,  -96.037425,    20880.229
  39,   26,   51.424049,  -95.881612,    20879.957
  40,   26,   51.424625,  -95.725797,    20879.686
  41,   26,   51.425090,  -95.569980,    20879.422
  42,   26,   51.425442,  -95.414162,    20879.221
  43,   26,   51.425683,  -95.258342,    20879.029
  44,   26,   51.425813,  -95.102522,    20878.838
   1,   27,   51.416518, -101.804912,    20888.965
   2,   27,   51.421338, -101.649296,    20888.590
   3,   27,   51.426046, -101.493662,    20888.236
   4,   27,   51.430642, -101.338011,    20887.916
   5,   27,   51.435126, -101.182344,    20887.605
   6,   27,   51.439499, -101.026660,    20887.301
   7,   27,   51.443760, -100.870960,    20887.045
   8,   27,   51.447909, -100.715245,    20886.789
   9,   27,   51.451947, -100.559515,    20886.549
  10,   27,   51.455874, -100.403770,    20886.342
  11,   27,   51.459688, -100.248011,    20886.148
  12,   27,   51.463391, -100.092238,    20885.965
  13,   27,   51.466982,  -99.936451,    20885.773
  14,   27,   51.470462,  -99.780652,    20885.605
  15,   27,   51.473830,  -99.624840,    20885.461
  16,   27,   51.477086,  -99.469015,    20885.350
  17,   27,   51.480231,  -99.313179,    20885.244
  18,   27,   51.483264,  -99.157332,    20885.174
  19,   27,   51.486185,  -99.001473,    20885.109
  20,   27,   51.488995,  -98.845604,    20885.021
  21,   27,   51.491693,  -98.689724,    20884.934
  22,   27,   51.494279,  -98.533835,    20884.838
  23,   27,   51.496754,  -98.377937,    20884.740
  24,   27,   51.499117,  -98.222029,    20884.629
  25,   27,   51.501368,  -98.066114,    20884.477
  26,   27,   51.503508,  -97.910189,    20884.316
  27,   27,   51.505536,  -97.754258,    20884.133
  28,   27,   51.507452,  -97.598319,    20883.916
  29,   27,   51.509257,  -97.442373,    20883.678
  30,   27,   51.510949,  -97.286420,    20883.404
  31,   27,   51.512531,  -97.130462,    20883.117
  32,   27,   51.514000,  -96.974498,    20882.828
  33,   27,   51.515358,  -96.818529,    20882.525
  34,   27,   51.516604,  -96.662555,    20882.213
  35,   27,   51.517739,  -96.506576,    20881.893
  36,   27,   51.518762,  -96.350594,    20881.564
  37,   27,   51.519673,  -96.194608,    20881.285
  38,   27,   51.520472,  -96.038618,    20880.973
  39,   27,   51.521160,  -95.882626,    20880.693
  40,   27,   51.521736,  -95.726632,    20880.445
  41,   27,   51.522200,  -95.570636,    20880.197
  42,   27,   51.522553,  -95.414638,    20879.965
  43,   27,   51.522794,  -95.258639,    20879.766
  44,   27,   51.522923,  -95.102640,    20879.605
   1,   28,   51.513516, -101.812738,    20889.701
   2,   28,   51.518336, -101.656943,    20889.316
   3,   28,   51.523045, -101.501131,    20888.965
   4,   28,   51.527642, -101.345302,    20888.637
   5,   28,   51.532127, -101.189456,    20888.316
   6,   28,   51.536500, -101.033594,    20887.996
   7,   28,   51.540762, -100.877715,    20887.748
   8,   28,   51.544912, -100.721821,    20887.502
   9,   28,   51.548951, -100.565912,    20887.262
  10,   28,   51.552878, -100.409989,    20887.037
  11,   28,   51.556693, -100.254051,    20886.854
  12,   28,   51.560397, -100.098099,    20886.652
  13,   28,   51.563988,  -99.942133,    20886.453
  14,   28,   51.567469,  -99.786155,    20886.277
  15,   28,   51.570837,  -99.630163,    20886.148
  16,   28,   51.574094,  -99.474160,    20886.029
  17,   28,   51.577239,  -99.318145,    20885.934
  18,   28,   51.580273,  -99.162118,    20885.846
  19,   28,   51.583195,  -99.006080,    20885.773
  20,   28,   51.586005,  -98.850031,    20885.693
  21,   28,   51.588703,  -98.693973,    20885.613
  22,   28,   51.591290,  -98.537904,    20885.525
  23,   28,   51.593765,  -98.381827,    20885.430
  24,   28,   51.596128,  -98.225740,    20885.293
  25,   28,   51.598380,  -98.069644,    20885.156
  26,   28,   51.600520,  -97.913541,    20885.006
  27,   28,   51.602548,  -97.757430,    20884.828
  28,   28,   51.604465,  -97.601311,    20884.621
  29,   28,   51.606270,  -97.445186,    20884.373
  30,   28,   51.607963,  -97.289054,    20884.117
  31,   28,   51.609545,  -97.132916,    20883.846
  32,   28,   51.611014,  -96.976772,    20883.541
  33,   28,   51.612372,  -96.820623,    20883.244
  34,   28,   51.613619,  -96.664470,    20882.941
  35,   28,   51.614754,  -96.508312,    20882.629
  36,   28,   51.615777,  -96.352149,    20882.316
  37,   28,   51.616688,  -96.195984,    20882.014
  38,   28,   51.617487,  -96.039815,    20881.732
  39,   28,   51.618175,  -95.883643,    20881.461
  40,   28,   51.618751,  -95.727469,    20881.174
  41,   28,   51.619216,  -95.571293,    20880.965
  42,   28,   51.619569,  -95.415116,    20880.748
  43,   28,   51.619810,  -95.258937,    20880.549
  44,   28,   51.619939,  -95.102758,    20880.357
   1,   29,   51.610418, -101.820582,    20890.422
   2,   29,   51.615239, -101.664608,    20890.037
   3,   29,   51.619949, -101.508618,    20889.686
   4,   29,   51.624546, -101.352609,    20889.357
   5,   29,   51.629032, -101.196584,    20889.045
   6,   29,   51.633406, -101.040543,    20888.701
   7,   29,   51.637669, -100.884486,    20888.477
   8,   29,   51.641820, -100.728413,    20888.236
   9,   29,   51.645859, -100.572324,    20887.980
  10,   29,   51.649787, -100.416222,    20887.740
  11,   29,   51.653603, -100.260104,    20887.564
  12,   29,   51.657307, -100.103973,    20887.357
  13,   29,   51.660899,  -99.947828,    20887.148
  14,   29,   51.664380,  -99.791670,    20886.988
  15,   29,   51.667749,  -99.635499,    20886.854
  16,   29,   51.671007,  -99.479316,    20886.725
  17,   29,   51.674152,  -99.323121,    20886.613
  18,   29,   51.677186,  -99.166915,    20886.510
  19,   29,   51.680109,  -99.010698,    20886.430
  20,   29,   51.682919,  -98.854469,    20886.350
  21,   29,   51.685618,  -98.698231,    20886.270
  22,   29,   51.688205,  -98.541983,    20886.182
  23,   29,   51.690681,  -98.385725,    20886.076
  24,   29,   51.693045,  -98.229459,    20885.965
  25,   29,   51.695297,  -98.073184,    20885.838
  26,   29,   51.697437,  -97.916900,    20885.693
  27,   29,   51.699466,  -97.760609,    20885.510
  28,   29,   51.701382,  -97.604311,    20885.309
  29,   29,   51.703188,  -97.448005,    20885.076
  30,   29,   51.704881,  -97.291693,    20884.854
  31,   29,   51.706463,  -97.135375,    20884.652
  32,   29,   51.707933,  -96.979052,    20884.301
  33,   29,   51.709291,  -96.822723,    20883.980
  34,   29,   51.710538,  -96.666389,    20883.670
  35,   29,   51.711673,  -96.510051,    20883.365
  36,   29,   51.712696,  -96.353709,    20883.068
  37,   29,   51.713607,  -96.197363,    20882.773
  38,   29,   51.714407,  -96.041014,    20882.484
  39,   29,   51.715095,  -95.884662,    20882.213
  40,   29,   51.715671,  -95.728308,    20881.980
  41,   29,   51.716136,  -95.571952,    20881.732
  42,   29,   51.716489,  -95.415595,    20881.525
  43,   29,   51.716730,  -95.259236,    20881.342
  44,   29,   51.716859,  -95.102877,    20881.156
   1,   30,   51.707225, -101.828444,    20891.148
   2,   30,   51.712047, -101.672291,    20890.773
   3,   30,   51.716757, -101.516121,    20890.422
   4,   30,   51.721355, -101.359934,    20890.094
   5,   30,   51.725842, -101.203729,    20889.789
   6,   30,   51.730217, -101.047509,    20889.461
   7,   30,   51.734480, -100.891272,    20889.213
   8,   30,   51.738632, -100.735019,    20888.957
   9,   30,   51.742672, -100.578751,    20888.693
  10,   30,   51.746600, -100.422469,    20888.461
  11,   30,   51.750417, -100.266172,    20888.262
  12,   30,   51.754121, -100.109861,    20888.045
  13,   30,   51.757714,  -99.953536,    20887.838
  14,   30,   51.761196,  -99.797198,    20887.645
  15,   30,   51.764565,  -99.640848,    20887.541
  16,   30,   51.767823,  -99.484485,    20887.396
  17,   30,   51.770970,  -99.328110,    20887.262
  18,   30,   51.774004,  -99.171723,    20887.164
  19,   30,   51.776927,  -99.015326,    20887.076
  20,   30,   51.779738,  -98.858918,    20886.996
  21,   30,   51.782437,  -98.702499,    20886.916
  22,   30,   51.785025,  -98.546071,    20886.828
  23,   30,   51.787501,  -98.389633,    20886.740
  24,   30,   51.789865,  -98.233186,    20886.637
  25,   30,   51.792117,  -98.076731,    20886.518
  26,   30,   51.794258,  -97.920267,    20886.373
  27,   30,   51.796287,  -97.763796,    20886.189
  28,   30,   51.798204,  -97.607317,    20885.988
  29,   30,   51.800010,  -97.450831,    20885.773
  30,   30,   51.801704,  -97.294339,    20885.541
  31,   30,   51.803286,  -97.137841,    20885.357
  32,   30,   51.804756,  -96.981337,    20885.102
  33,   30,   51.806114,  -96.824827,    20884.773
  34,   30,   51.807361,  -96.668313,    20884.412
  35,   30,   51.808496,  -96.511794,    20884.109
  36,   30,   51.809520,  -96.355272,    20883.813
  37,   30,   51.810431,  -96.198745,    20883.525
  38,   30,   51.811231,  -96.042216,    20883.254
  39,   30,   51.811919,  -95.885684,    20882.980
  40,   30,   51.812495,  -95.729149,    20882.740
  41,   30,   51.812960,  -95.572613,    20882.525
  42,   30,   51.813313,  -95.416074,    20882.316
  43,   30,   51.813554,  -95.259535,    20882.125
  44,   30,   51.813684,  -95.102995,    20881.949
   1,   31,   51.803936, -101.836324,    20891.893
   2,   31,   51.808759, -101.679992,    20891.525
   3,   31,   51.813470, -101.523642,    20891.174
   4,   31,   51.818069, -101.367275,    20890.838
   5,   31,   51.822556, -101.210891,    20890.518
   6,   31,   51.826932, -101.054490,    20890.164
   7,   31,   51.831196, -100.898073,    20889.893
   8,   31,   51.835348, -100.741641,    20889.652
   9,   31,   51.839389, -100.585193,    20889.396
  10,   31,   51.843317, -100.428730,    20889.174
  11,   31,   51.847135, -100.272253,    20888.957
  12,   31,   51.850840, -100.115762,    20888.732
  13,   31,   51.854434,  -99.959257,    20888.525
  14,   31,   51.857916,  -99.802739,    20888.316
  15,   31,   51.861286,  -99.646208,    20888.182
  16,   31,   51.864544,  -99.489665,    20888.053
  17,   31,   51.867691,  -99.333110,    20887.949
  18,   31,   51.870726,  -99.176543,    20887.828
  19,   31,   51.873649,  -99.019965,    20887.725
  20,   31,   51.876461,  -98.863376,    20887.637
  21,   31,   51.879161,  -98.706777,    20887.564
  22,   31,   51.881749,  -98.550168,    20887.477
  23,   31,   51.884225,  -98.393550,    20887.396
  24,   31,   51.886589,  -98.236922,    20887.293
  25,   31,   51.888842,  -98.080286,    20887.174
  26,   31,   51.890983,  -97.923642,    20887.037
  27,   31,   51.893012,  -97.766990,    20886.893
  28,   31,   51.894930,  -97.610330,    20886.693
  29,   31,   51.896736,  -97.453664,    20886.469
  30,   31,   51.898430,  -97.296991,    20886.301
  31,   31,   51.900012,  -97.140312,    20886.094
  32,   31,   51.901483,  -96.983627,    20885.781
  33,   31,   51.902841,  -96.826937,    20885.445
  34,   31,   51.904088,  -96.670241,    20885.125
  35,   31,   51.905224,  -96.513542,    20884.854
  36,   31,   51.906247,  -96.356838,    20884.557
  37,   31,   51.907159,  -96.200131,    20884.277
  38,   31,   51.907959,  -96.043421,    20884.014
  39,   31,   51.908647,  -95.886708,    20883.758
  40,   31,   51.909224,  -95.729992,    20883.518
  41,   31,   51.909688,  -95.573274,    20883.301
  42,   31,   51.910041,  -95.416555,    20883.102
  43,   31,   51.910282,  -95.259835,    20882.908
  44,   31,   51.910412,  -95.103114,    20882.740
   1,   32,   51.900551, -101.844222,    20892.629
   2,   32,   51.905374, -101.687710,    20892.270
   3,   32,   51.910086, -101.531180,    20891.926
   4,   32,   51.914686, -101.374633,    20891.580
   5,   32,   51.919174, -101.218069,    20891.254
   6,   32,   51.923550, -101.061488,    20890.918
   7,   32,   51.927815, -100.904891,    20890.621
   8,   32,   51.931968, -100.748278,    20890.357
   9,   32,   51.936009, -100.591650,    20890.109
  10,   32,   51.939939, -100.435006,    20889.885
  11,   32,   51.943756, -100.278349,    20889.645
  12,   32,   51.947462, -100.121677,    20889.412
  13,   32,   51.951057,  -99.964991,    20889.205
  14,   32,   51.954539,  -99.808293,    20889.006
  15,   32,   51.957910,  -99.651581,    20888.854
  16,   32,   51.961169,  -99.494857,    20888.732
  17,   32,   51.964316,  -99.338121,    20888.637
  18,   32,   51.967352,  -99.181373,    20888.484
  19,   32,   51.970275,  -99.024614,    20888.373
  20,   32,   51.973087,  -98.867845,    20888.277
  21,   32,   51.975787,  -98.711065,    20888.197
  22,   32,   51.978376,  -98.554275,    20888.125
  23,   32,   51.980853,  -98.397476,    20888.037
  24,   32,   51.983217,  -98.240667,    20887.973
  25,   32,   51.985471,  -98.083850,    20887.941
  26,   32,   51.987612,  -97.927024,    20887.846
  27,   32,   51.989642,  -97.770191,    20887.652
  28,   32,   51.991559,  -97.613351,    20887.422
  29,   32,   51.993366,  -97.456503,    20887.197
  30,   32,   51.995060,  -97.299649,    20887.045
  31,   32,   51.996642,  -97.142788,    20886.805
  32,   32,   51.998113,  -96.985922,    20886.484
  33,   32,   51.999472,  -96.829051,    20886.133
  34,   32,   52.000719,  -96.672174,    20885.854
  35,   32,   52.001855,  -96.515293,    20885.572
  36,   32,   52.002878,  -96.358409,    20885.293
  37,   32,   52.003790,  -96.201520,    20885.029
  38,   32,   52.004590,  -96.044628,    20884.758
  39,   32,   52.005279,  -95.887734,    20884.518
  40,   32,   52.005855,  -95.730837,    20884.293
  41,   32,   52.006320,  -95.573938,    20884.076
  42,   32,   52.006673,  -95.417037,    20883.869
  43,   32,   52.006914,  -95.260136,    20883.709
  44,   32,   52.007044,  -95.103234,    20883.557
   1,   33,   51.997070, -101.852139,    20893.350
   2,   33,   52.001894, -101.695447,    20892.996
   3,   33,   52.006606, -101.538736,    20892.652
   4,   33,   52.011207, -101.382008,    20892.324
   5,   33,   52.015695, -101.225263,    20891.988
   6,   33,   52.020073, -101.068502,    20891.660
   7,   33,   52.024338, -100.911724,    20891.357
   8,   33,   52.028492, -100.754930,    20891.068
   9,   33,   52.032533, -100.598121,    20890.805
  10,   33,   52.036463, -100.441297,    20890.557
  11,   33,   52.040282, -100.284458,    20890.309
  12,   33,   52.043988, -100.127606,    20890.068
  13,   33,   52.047583,  -99.970739,    20889.869
  14,   33,   52.051066,  -99.813859,    20889.678
  15,   33,   52.054437,  -99.656966,    20889.502
  16,   33,   52.057697,  -99.500061,    20889.357
  17,   33,   52.060845,  -99.343144,    20889.254
  18,   33,   52.063881,  -99.186215,    20889.102
  19,   33,   52.066805,  -99.029275,    20888.996
  20,   33,   52.069617,  -98.872324,    20888.908
  21,   33,   52.072318,  -98.715363,    20888.813
  22,   33,   52.074907,  -98.558391,    20888.748
  23,   33,   52.077384,  -98.401410,    20888.670
  24,   33,   52.079749,  -98.244420,    20888.613
  25,   33,   52.082002,  -98.087422,    20888.598
  26,   33,   52.084144,  -97.930415,    20888.469
  27,   33,   52.086174,  -97.773400,    20888.293
  28,   33,   52.088092,  -97.616378,    20888.117
  29,   33,   52.089899,  -97.459349,    20887.941
  30,   33,   52.091593,  -97.302313,    20887.717
  31,   33,   52.093176,  -97.145271,    20887.492
  32,   33,   52.094647,  -96.988223,    20887.197
  33,   33,   52.096006,  -96.831170,    20886.828
  34,   33,   52.097254,  -96.674112,    20886.564
  35,   33,   52.098389,  -96.517049,    20886.293
  36,   33,   52.099413,  -96.359982,    20886.029
  37,   33,   52.100325,  -96.202912,    20885.773
  38,   33,   52.101125,  -96.045839,    20885.518
  39,   33,   52.101814,  -95.888762,    20885.277
  40,   33,   52.102390,  -95.731684,    20885.061
  41,   33,   52.102855,  -95.574603,    20884.861
  42,   33,   52.103208,  -95.417521,    20884.678
  43,   33,   52.103449,  -95.260437,    20884.510
  44,   33,   52.103579,  -95.103353,    20884.365
   1,   34,   52.093491, -101.860074,    20894.053
   2,   34,   52.098316, -101.703201,    20893.701
   3,   34,   52.103029, -101.546309,    20893.365
   4,   34,   52.107631, -101.389401,    20893.037
   5,   34,   52.112120, -101.232475,    20892.709
   6,   34,   52.116498, -101.075532,    20892.389
   7,   34,   52.120764, -100.918573,    20892.076
   8,   34,   52.124918, -100.761598,    20891.781
   9,   34,   52.128961, -100.604608,    20891.502
  10,   34,   52.132891, -100.447602,    20891.236
  11,   34,   52.136710, -100.290582,    20890.988
  12,   34,   52.140417, -100.133548,    20890.766
  13,   34,   52.144013,  -99.976500,    20890.533
  14,   34,   52.147496,  -99.819439,    20890.324
  15,   34,   52.150868,  -99.662364,    20890.141
  16,   34,   52.154128,  -99.505277,    20889.973
  17,   34,   52.157276,  -99.348179,    20889.854
  18,   34,   52.160313,  -99.191068,    20889.740
  19,   34,   52.163237,  -99.033946,    20889.629
  20,   34,   52.166050,  -98.876813,    20889.533
  21,   34,   52.168751,  -98.719670,    20889.453
  22,   34,   52.171341,  -98.562517,    20889.373
  23,   34,   52.173818,  -98.405354,    20889.293
  24,   34,   52.176184,  -98.248183,    20889.236
  25,   34,   52.178437,  -98.091002,    20889.221
  26,   34,   52.180579,  -97.933813,    20889.102
  27,   34,   52.182610,  -97.776616,    20888.949
  28,   34,   52.184528,  -97.619412,    20888.789
  29,   34,   52.186335,  -97.462201,    20888.605
  30,   34,   52.188030,  -97.304983,    20888.373
  31,   34,   52.189613,  -97.147759,    20888.164
  32,   34,   52.191084,  -96.990529,    20887.900
  33,   34,   52.192443,  -96.833294,    20887.541
  34,   34,   52.193691,  -96.676053,    20887.277
  35,   34,   52.194827,  -96.518809,    20887.014
  36,   34,   52.195851,  -96.361560,    20886.766
  37,   34,   52.196763,  -96.204307,    20886.525
  38,   34,   52.197563,  -96.047052,    20886.285
  39,   34,   52.198252,  -95.889793,    20886.061
  40,   34,   52.198828,  -95.732532,    20885.854
  41,   34,   52.199293,  -95.575269,    20885.660
  42,   34,   52.199646,  -95.418005,    20885.484
  43,   34,   52.199888,  -95.260739,    20885.332
  44,   34,   52.200017,  -95.103473,    20885.197
   1,   35,   52.189816, -101.868027,    20894.740
   2,   35,   52.194642, -101.710973,    20894.404
   3,   35,   52.199356, -101.553900,    20894.076
   4,   35,   52.203958, -101.396810,    20893.709
   5,   35,   52.208448, -101.239702,    20893.389
   6,   35,   52.212826, -101.082578,    20893.076
   7,   35,   52.217093, -100.925438,    20892.766
   8,   35,   52.221248, -100.768281,    20892.461
   9,   35,   52.225291, -100.611109,    20892.164
  10,   35,   52.229222, -100.453922,    20891.893
  11,   35,   52.233042, -100.296720,    20891.637
  12,   35,   52.236750, -100.139504,    20891.404
  13,   35,   52.240345,  -99.982274,    20891.182
  14,   35,   52.243829,  -99.825031,    20890.973
  15,   35,   52.247202,  -99.667775,    20890.781
  16,   35,   52.250462,  -99.510506,    20890.598
  17,   35,   52.253611,  -99.353225,    20890.461
  18,   35,   52.256648,  -99.195932,    20890.350
  19,   35,   52.259573,  -99.038628,    20890.254
  20,   35,   52.262386,  -98.881313,    20890.156
  21,   35,   52.265088,  -98.723988,    20890.068
  22,   35,   52.267677,  -98.566653,    20889.988
  23,   35,   52.270155,  -98.409308,    20889.934
  24,   35,   52.272521,  -98.251953,    20889.893
  25,   35,   52.274775,  -98.094591,    20889.846
  26,   35,   52.276918,  -97.937219,    20889.732
  27,   35,   52.278948,  -97.779840,    20889.590
  28,   35,   52.280867,  -97.622453,    20889.438
  29,   35,   52.282674,  -97.465060,    20889.262
  30,   35,   52.284369,  -97.307659,    20889.045
  31,   35,   52.285952,  -97.150253,    20888.828
  32,   35,   52.287424,  -96.992840,    20888.590
  33,   35,   52.288783,  -96.835422,    20888.277
  34,   35,   52.290031,  -96.678000,    20888.021
  35,   35,   52.291167,  -96.520572,    20887.766
  36,   35,   52.292191,  -96.363141,    20887.518
  37,   35,   52.293103,  -96.205706,    20887.293
  38,   35,   52.293904,  -96.048268,    20887.068
  39,   35,   52.294592,  -95.890827,    20886.861
  40,   35,   52.295169,  -95.733383,    20886.660
  41,   35,   52.295634,  -95.575938,    20886.469
  42,   35,   52.295987,  -95.418490,    20886.301
  43,   35,   52.296229,  -95.261042,    20886.156
  44,   35,   52.296358,  -95.103593,    20886.021
   1,   36,   52.286044, -101.875999,    20895.404
   2,   36,   52.290870, -101.718763,    20895.029
   3,   36,   52.295585, -101.561509,    20894.670
   4,   36,   52.300188, -101.404236,    20894.342
   5,   36,   52.304678, -101.246947,    20894.029
   6,   36,   52.309058, -101.089641,    20893.725
   7,   36,   52.313325, -100.932318,    20893.422
   8,   36,   52.317480, -100.774980,    20893.125
   9,   36,   52.321524, -100.617626,    20892.828
  10,   36,   52.325456, -100.460256,    20892.549
  11,   36,   52.329276, -100.302872,    20892.285
  12,   36,   52.332984, -100.145474,    20892.045
  13,   36,   52.336581,  -99.988062,    20891.820
  14,   36,   52.340065,  -99.830636,    20891.605
  15,   36,   52.343438,  -99.673198,    20891.412
  16,   36,   52.346699,  -99.515746,    20891.236
  17,   36,   52.349848,  -99.358283,    20891.094
  18,   36,   52.352885,  -99.200808,    20890.965
  19,   36,   52.355811,  -99.043321,    20890.861
  20,   36,   52.358625,  -98.885824,    20890.758
  21,   36,   52.361326,  -98.728316,    20890.678
  22,   36,   52.363916,  -98.570798,    20890.605
  23,   36,   52.366395,  -98.413270,    20890.572
  24,   36,   52.368761,  -98.255733,    20890.572
  25,   36,   52.371016,  -98.098187,    20890.484
  26,   36,   52.373158,  -97.940633,    20890.365
  27,   36,   52.375189,  -97.783071,    20890.229
  28,   36,   52.377108,  -97.625502,    20890.094
  29,   36,   52.378915,  -97.467925,    20889.908
  30,   36,   52.380611,  -97.310342,    20889.701
  31,   36,   52.382194,  -97.152752,    20889.484
  32,   36,   52.383666,  -96.995157,    20889.262
  33,   36,   52.385025,  -96.837556,    20889.021
  34,   36,   52.386273,  -96.679950,    20888.789
  35,   36,   52.387410,  -96.522340,    20888.549
  36,   36,   52.388434,  -96.364726,    20888.277
  37,   36,   52.389346,  -96.207108,    20888.068
  38,   36,   52.390147,  -96.049486,    20887.861
  39,   36,   52.390836,  -95.891862,    20887.652
  40,   36,   52.391412,  -95.734236,    20887.453
  41,   36,   52.391878,  -95.576607,    20887.285
  42,   36,   52.392231,  -95.418977,    20887.125
  43,   36,   52.392472,  -95.261346,    20886.980
  44,   36,   52.392602,  -95.103714,    20886.854
   1,   37,   52.382174, -101.883990,    20896.045
   2,   37,   52.387001, -101.726571,    20895.652
   3,   37,   52.391716, -101.569135,    20895.293
   4,   37,   52.396320, -101.411680,    20894.965
   5,   37,   52.400811, -101.254209,    20894.660
   6,   37,   52.405191, -101.096720,    20894.365
   7,   37,   52.409459, -100.939215,    20894.076
   8,   37,   52.413615, -100.781694,    20893.781
   9,   37,   52.417659, -100.624157,    20893.477
  10,   37,   52.421592, -100.466606,    20893.189
  11,   37,   52.425412, -100.309039,    20892.908
  12,   37,   52.429121, -100.151458,    20892.660
  13,   37,   52.432718,  -99.993863,    20892.445
  14,   37,   52.436203,  -99.836255,    20892.236
  15,   37,   52.439577,  -99.678633,    20892.037
  16,   37,   52.442838,  -99.520999,    20891.861
  17,   37,   52.445988,  -99.363353,    20891.709
  18,   37,   52.449025,  -99.205695,    20891.580
  19,   37,   52.451951,  -99.048025,    20891.469
  20,   37,   52.454765,  -98.890345,    20891.373
  21,   37,   52.457468,  -98.732653,    20891.293
  22,   37,   52.460058,  -98.574952,    20891.262
  23,   37,   52.462537,  -98.417242,    20891.285
  24,   37,   52.464903,  -98.259521,    20891.197
  25,   37,   52.467158,  -98.101793,    20891.102
  26,   37,   52.469301,  -97.944055,    20890.996
  27,   37,   52.471332,  -97.786310,    20890.877
  28,   37,   52.473251,  -97.628557,    20890.732
  29,   37,   52.475059,  -97.470797,    20890.564
  30,   37,   52.476754,  -97.313031,    20890.381
  31,   37,   52.478338,  -97.155258,    20890.174
  32,   37,   52.479810,  -96.997479,    20889.926
  33,   37,   52.481170,  -96.839695,    20889.748
  34,   37,   52.482418,  -96.681906,    20889.557
  35,   37,   52.483554,  -96.524112,    20889.316
  36,   37,   52.484579,  -96.366314,    20889.037
  37,   37,   52.485491,  -96.208513,    20888.828
  38,   37,   52.486292,  -96.050708,    20888.629
  39,   37,   52.486981,  -95.892900,    20888.445
  40,   37,   52.487558,  -95.735090,    20888.254
  41,   37,   52.488023,  -95.577278,    20888.094
  42,   37,   52.488376,  -95.419465,    20887.934
  43,   37,   52.488618,  -95.261650,    20887.797
  44,   37,   52.488747,  -95.103835,    20887.701
   1,   38,   52.478206, -101.891999,    20896.693
   2,   38,   52.483034, -101.734398,    20896.285
   3,   38,   52.487750, -101.576778,    20895.918
   4,   38,   52.492354, -101.419141,    20895.580
   5,   38,   52.496846, -101.261487,    20895.270
   6,   38,   52.501227, -101.103816,    20894.988
   7,   38,   52.505495, -100.946128,    20894.709
   8,   38,   52.509652, -100.788424,    20894.412
   9,   38,   52.513697, -100.630704,    20894.109
  10,   38,   52.517630, -100.472970,    20893.813
  11,   38,   52.521451, -100.315220,    20893.541
  12,   38,   52.525160, -100.157456,    20893.277
  13,   38,   52.528758,  -99.999678,    20893.045
  14,   38,   52.532243,  -99.841886,    20892.846
  15,   38,   52.535617,  -99.684081,    20892.645
  16,   38,   52.538879,  -99.526264,    20892.469
  17,   38,   52.542029,  -99.368434,    20892.316
  18,   38,   52.545067,  -99.210593,    20892.189
  19,   38,   52.547994,  -99.052740,    20892.068
  20,   38,   52.550808,  -98.894876,    20891.980
  21,   38,   52.553511,  -98.737001,    20891.908
  22,   38,   52.556101,  -98.579117,    20891.854
  23,   38,   52.558580,  -98.421222,    20891.820
  24,   38,   52.560947,  -98.263319,    20891.773
  25,   38,   52.563203,  -98.105406,    20891.701
  26,   38,   52.565346,  -97.947485,    20891.621
  27,   38,   52.567377,  -97.789556,    20891.518
  28,   38,   52.569297,  -97.631620,    20891.373
  29,   38,   52.571105,  -97.473676,    20891.236
  30,   38,   52.572800,  -97.315726,    20891.068
  31,   38,   52.574384,  -97.157769,    20890.846
  32,   38,   52.575856,  -96.999807,    20890.613
  33,   38,   52.577217,  -96.841839,    20890.453
  34,   38,   52.578465,  -96.683866,    20890.293
  35,   38,   52.579601,  -96.525888,    20890.109
  36,   38,   52.580626,  -96.367907,    20889.893
  37,   38,   52.581539,  -96.209921,    20889.709
  38,   38,   52.582339,  -96.051933,    20889.525
  39,   38,   52.583028,  -95.893941,    20889.357
  40,   38,   52.583605,  -95.735947,    20889.094
  41,   38,   52.584071,  -95.577951,    20888.916
  42,   38,   52.584424,  -95.419954,    20888.766
  43,   38,   52.584665,  -95.261955,    20888.629
  44,   38,   52.584795,  -95.103956,    20888.533
   1,   39,   52.574141, -101.900026,    20897.342
   2,   39,   52.578969, -101.742242,    20896.934
   3,   39,   52.583686, -101.584440,    20896.549
   4,   39,   52.588290, -101.426620,    20896.197
   5,   39,   52.592783, -101.268782,    20895.877
   6,   39,   52.597164, -101.110928,    20895.598
   7,   39,   52.601433, -100.953057,    20895.316
   8,   39,   52.605591, -100.795170,    20895.029
   9,   39,   52.609636, -100.637267,    20894.725
  10,   39,   52.613570, -100.479348,    20894.422
  11,   39,   52.617391, -100.321415,    20894.148
  12,   39,   52.621101, -100.163468,    20893.885
  13,   39,   52.624699, -100.005506,    20893.652
  14,   39,   52.628185,  -99.847531,    20893.445
  15,   39,   52.631559,  -99.689542,    20893.236
  16,   39,   52.634822,  -99.531541,    20893.053
  17,   39,   52.637972,  -99.373528,    20892.900
  18,   39,   52.641011,  -99.215502,    20892.781
  19,   39,   52.643938,  -99.057466,    20892.660
  20,   39,   52.646753,  -98.899418,    20892.580
  21,   39,   52.649456,  -98.741359,    20892.510
  22,   39,   52.652047,  -98.583291,    20892.461
  23,   39,   52.654526,  -98.425212,    20892.404
  24,   39,   52.656893,  -98.267125,    20892.365
  25,   39,   52.659149,  -98.109028,    20892.309
  26,   39,   52.661292,  -97.950923,    20892.236
  27,   39,   52.663324,  -97.792810,    20892.148
  28,   39,   52.665244,  -97.634690,    20892.029
  29,   39,   52.667052,  -97.476562,    20891.918
  30,   39,   52.668748,  -97.318427,    20891.773
  31,   39,   52.670332,  -97.160286,    20891.572
  32,   39,   52.671804,  -97.002140,    20891.350
  33,   39,   52.673165,  -96.843987,    20891.174
  34,   39,   52.674413,  -96.685830,    20891.021
  35,   39,   52.675550,  -96.527668,    20890.869
  36,   39,   52.676575,  -96.369503,    20890.701
  37,   39,   52.677487,  -96.211333,    20890.518
  38,   39,   52.678288,  -96.053160,    20890.332
  39,   39,   52.678977,  -95.894984,    20890.164
  40,   39,   52.679554,  -95.736806,    20889.949
  41,   39,   52.680020,  -95.578625,    20889.773
  42,   39,   52.680373,  -95.420444,    20889.629
  43,   39,   52.680615,  -95.262261,    20889.492
  44,   39,   52.680744,  -95.104077,    20889.396
   1,   40,   52.669977, -101.908072,    20898.006
   2,   40,   52.674806, -101.750105,    20897.590
   3,   40,   52.679523, -101.592119,    20897.205
   4,   40,   52.684128, -101.434116,    20896.846
   5,   40,   52.688622, -101.276095,    20896.518
   6,   40,   52.693003, -101.118057,    20896.221
   7,   40,   52.697273, -100.960002,    20895.941
   8,   40,   52.701431, -100.801931,    20895.637
   9,   40,   52.705477, -100.643844,    20895.324
  10,   40,   52.709411, -100.485742,    20895.029
  11,   40,   52.713233, -100.327625,    20894.748
  12,   40,   52.716943, -100.169493,    20894.492
  13,   40,   52.720542, -100.011348,    20894.262
  14,   40,   52.724029,  -99.853189,    20894.045
  15,   40,   52.727403,  -99.695016,    20893.828
  16,   40,   52.730666,  -99.536831,    20893.645
  17,   40,   52.733817,  -99.378633,    20893.492
  18,   40,   52.736856,  -99.220424,    20893.365
  19,   40,   52.739783,  -99.062203,    20893.262
  20,   40,   52.742598,  -98.903970,    20893.189
  21,   40,   52.745302,  -98.745728,    20893.125
  22,   40,   52.747893,  -98.587475,    20893.061
  23,   40,   52.750373,  -98.429212,    20892.996
  24,   40,   52.752741,  -98.270940,    20892.949
  25,   40,   52.754996,  -98.112659,    20892.908
  26,   40,   52.757140,  -97.954369,    20892.869
  27,   40,   52.759172,  -97.796072,    20892.797
  28,   40,   52.761092,  -97.637766,    20892.701
  29,   40,   52.762900,  -97.479454,    20892.598
  30,   40,   52.764597,  -97.321135,    20892.469
  31,   40,   52.766181,  -97.162809,    20892.293
  32,   40,   52.767654,  -97.004478,    20892.102
  33,   40,   52.769014,  -96.846141,    20891.926
  34,   40,   52.770263,  -96.687799,    20891.766
  35,   40,   52.771400,  -96.529453,    20891.598
  36,   40,   52.772424,  -96.371102,    20891.430
  37,   40,   52.773337,  -96.212748,    20891.270
  38,   40,   52.774138,  -96.054390,    20891.117
  39,   40,   52.774828,  -95.896029,    20890.949
  40,   40,   52.775405,  -95.737666,    20890.773
  41,   40,   52.775870,  -95.579301,    20890.613
  42,   40,   52.776224,  -95.420935,    20890.492
  43,   40,   52.776465,  -95.262567,    20890.389
  44,   40,   52.776595,  -95.104198,    20890.293
   1,   41,   52.765714, -101.916137,    20898.670
   2,   41,   52.770543, -101.757986,    20898.262
   3,   41,   52.775261, -101.599817,    20897.869
   4,   41,   52.779867, -101.441629,    20897.510
   5,   41,   52.784361, -101.283424,    20897.174
   6,   41,   52.788743, -101.125202,    20896.861
   7,   41,   52.793014, -100.966963,    20896.564
   8,   41,   52.797172, -100.808708,    20896.262
   9,   41,   52.801219, -100.650437,    20895.941
  10,   41,   52.805153, -100.492151,    20895.629
  11,   41,   52.808976, -100.333849,    20895.350
  12,   41,   52.812687, -100.175533,    20895.094
  13,   41,   52.816286, -100.017203,    20894.861
  14,   41,   52.819773,  -99.858860,    20894.637
  15,   41,   52.823148,  -99.700503,    20894.422
  16,   41,   52.826411,  -99.542133,    20894.236
  17,   41,   52.829563,  -99.383750,    20894.086
  18,   41,   52.832602,  -99.225356,    20893.957
  19,   41,   52.835530,  -99.066950,    20893.861
  20,   41,   52.838345,  -98.908534,    20893.797
  21,   41,   52.841049,  -98.750106,    20893.740
  22,   41,   52.843641,  -98.591668,    20893.670
  23,   41,   52.846121,  -98.433221,    20893.613
  24,   41,   52.848489,  -98.274764,    20893.557
  25,   41,   52.850745,  -98.116298,    20893.510
  26,   41,   52.852889,  -97.957823,    20893.492
  27,   41,   52.854921,  -97.799341,    20893.438
  28,   41,   52.856842,  -97.640851,    20893.373
  29,   41,   52.858650,  -97.482353,    20893.293
  30,   41,   52.860347,  -97.323849,    20893.174
  31,   41,   52.861931,  -97.165338,    20893.029
  32,   41,   52.863404,  -97.006822,    20892.869
  33,   41,   52.864765,  -96.848300,    20892.701
  34,   41,   52.866014,  -96.689773,    20892.533
  35,   41,   52.867151,  -96.531241,    20892.357
  36,   41,   52.868176,  -96.372706,    20892.205
  37,   41,   52.869089,  -96.214166,    20892.053
  38,   41,   52.869890,  -96.055623,    20891.908
  39,   41,   52.870579,  -95.897077,    20891.766
  40,   41,   52.871156,  -95.738529,    20891.621
  41,   41,   52.871622,  -95.579979,    20891.492
  42,   41,   52.871975,  -95.421427,    20891.396
  43,   41,   52.872217,  -95.262874,    20891.277
  44,   41,   52.872346,  -95.104320,    20891.182
   1,   42,   52.861352, -101.924221,    20899.301
   2,   42,   52.866182, -101.765886,    20898.900
   3,   42,   52.870901, -101.607532,    20898.525
   4,   42,   52.875507, -101.449160,    20898.156
   5,   42,   52.880002, -101.290771,    20897.813
   6,   42,   52.884385, -101.132364,    20897.477
   7,   42,   52.888656, -100.973941,    20897.156
   8,   42,   52.892815, -100.815501,    20896.846
   9,   42,   52.896862, -100.657045,    20896.533
  10,   42,   52.900797, -100.498574,    20896.221
  11,   42,   52.904620, -100.340088,    20895.941
  12,   42,   52.908331, -100.181587,    20895.686
  13,   42,   52.911931, -100.023072,    20895.438
  14,   42,   52.915418,  -99.864544,    20895.213
  15,   42,   52.918794,  -99.706002,    20895.006
  16,   42,   52.922058,  -99.547447,    20894.820
  17,   42,   52.925210,  -99.388880,    20894.678
  18,   42,   52.928249,  -99.230300,    20894.557
  19,   42,   52.931177,  -99.071710,    20894.461
  20,   42,   52.933993,  -98.913107,    20894.396
  21,   42,   52.936697,  -98.754495,    20894.350
  22,   42,   52.939290,  -98.595872,    20894.293
  23,   42,   52.941770,  -98.437239,    20894.236
  24,   42,   52.944138,  -98.278597,    20894.182
  25,   42,   52.946395,  -98.119945,    20894.125
  26,   42,   52.948539,  -97.961285,    20894.125
  27,   42,   52.950572,  -97.802618,    20894.094
  28,   42,   52.952492,  -97.643942,    20894.045
  29,   42,   52.954301,  -97.485259,    20893.980
  30,   42,   52.955998,  -97.326569,    20893.893
  31,   42,   52.957582,  -97.167873,    20893.773
  32,   42,   52.959055,  -97.009171,    20893.637
  33,   42,   52.960416,  -96.850464,    20893.484
  34,   42,   52.961665,  -96.691751,    20893.324
  35,   42,   52.962802,  -96.533034,    20893.164
  36,   42,   52.963827,  -96.374313,    20893.006
  37,   42,   52.964741,  -96.215588,    20892.861
  38,   42,   52.965542,  -96.056859,    20892.717
  39,   42,   52.966231,  -95.898128,    20892.598
  40,   42,   52.966808,  -95.739394,    20892.469
  41,   42,   52.967274,  -95.580658,    20892.357
  42,   42,   52.967627,  -95.421920,    20892.262
  43,   42,   52.967869,  -95.263182,    20892.141
  44,   42,   52.967999,  -95.104442,    20892.061
