   X,    Y,    Latitude,   Longitude, VGRD_201906170000
   1,    1,   48.862147, -101.607558,       -4.054
   2,    1,   48.866940, -101.456441,       -4.284
   3,    1,   48.871623, -101.305308,       -4.474
   4,    1,   48.876194, -101.154159,       -4.604
   5,    1,   48.880654, -101.002995,       -4.744
   6,    1,   48.885004, -100.851816,       -4.794
   7,    1,   48.889242, -100.700623,       -4.684
   8,    1,   48.893369, -100.549415,       -4.414
   9,    1,   48.897386, -100.398194,       -4.234
  10,    1,   48.901291, -100.246959,       -4.274
  11,    1,   48.905085, -100.095711,       -4.414
  12,    1,   48.908768,  -99.944450,       -4.614
  13,    1,   48.912340,  -99.793177,       -4.824
  14,    1,   48.915801,  -99.641892,       -4.984
  15,    1,   48.919151,  -99.490596,       -4.974
  16,    1,   48.922390,  -99.339288,       -4.804
  17,    1,   48.925518,  -99.187970,       -4.494
  18,    1,   48.928535,  -99.036641,       -4.094
  19,    1,   48.931440,  -98.885302,       -3.734
  20,    1,   48.934235,  -98.733953,       -3.474
  21,    1,   48.936919,  -98.582595,       -3.314
  22,    1,   48.939491,  -98.431228,       -3.274
  23,    1,   48.941953,  -98.279852,       -3.284
  24,    1,   48.944303,  -98.128469,       -3.274
  25,    1,   48.946542,  -97.977077,       -3.244
  26,    1,   48.948670,  -97.825678,       -3.144
  27,    1,   48.950688,  -97.674272,       -2.994
  28,    1,   48.952594,  -97.522860,       -2.764
  29,    1,   48.954389,  -97.371441,       -2.454
  30,    1,   48.956073,  -97.220016,       -2.064
  31,    1,   48.957645,  -97.068586,       -1.584
  32,    1,   48.959107,  -96.917150,       -1.074
  33,    1,   48.960458,  -96.765710,       -0.724
  34,    1,   48.961697,  -96.614265,       -0.534
  35,    1,   48.962826,  -96.462816,       -0.464
  36,    1,   48.963843,  -96.311364,       -0.454
  37,    1,   48.964749,  -96.159908,       -0.464
  38,    1,   48.965545,  -96.008449,       -0.484
  39,    1,   48.966229,  -95.856988,       -0.504
  40,    1,   48.966802,  -95.705525,       -0.514
  41,    1,   48.967264,  -95.554060,       -0.564
  42,    1,   48.967615,  -95.402594,       -0.554
  43,    1,   48.967854,  -95.251126,       -0.414
  44,    1,   48.967983,  -95.099658,       -0.224
   1,    2,   48.961514, -101.614937,       -3.934
   2,    2,   48.966308, -101.463652,       -4.184
   3,    2,   48.970992, -101.312350,       -4.364
   4,    2,   48.975564, -101.161033,       -4.474
   5,    2,   48.980026, -101.009701,       -4.594
   6,    2,   48.984376, -100.858354,       -4.644
   7,    2,   48.988615, -100.706992,       -4.564
   8,    2,   48.992744, -100.555615,       -4.304
   9,    2,   48.996761, -100.404225,       -4.124
  10,    2,   49.000667, -100.252822,       -4.094
  11,    2,   49.004462, -100.101405,       -4.224
  12,    2,   49.008146,  -99.949976,       -4.484
  13,    2,   49.011719,  -99.798534,       -4.804
  14,    2,   49.015181,  -99.647080,       -5.034
  15,    2,   49.018532,  -99.495615,       -5.114
  16,    2,   49.021771,  -99.344138,       -5.054
  17,    2,   49.024900,  -99.192651,       -4.834
  18,    2,   49.027917,  -99.041153,       -4.444
  19,    2,   49.030824,  -98.889645,       -4.034
  20,    2,   49.033619,  -98.738127,       -3.664
  21,    2,   49.036303,  -98.586600,       -3.404
  22,    2,   49.038877,  -98.435064,       -3.304
  23,    2,   49.041339,  -98.283519,       -3.234
  24,    2,   49.043690,  -98.131967,       -3.144
  25,    2,   49.045929,  -97.980406,       -3.034
  26,    2,   49.048058,  -97.828838,       -2.944
  27,    2,   49.050076,  -97.677263,       -2.834
  28,    2,   49.051982,  -97.525681,       -2.704
  29,    2,   49.053778,  -97.374093,       -2.504
  30,    2,   49.055462,  -97.222499,       -2.234
  31,    2,   49.057035,  -97.070899,       -1.844
  32,    2,   49.058497,  -96.919294,       -1.364
  33,    2,   49.059848,  -96.767684,       -0.944
  34,    2,   49.061088,  -96.616070,       -0.634
  35,    2,   49.062217,  -96.464452,       -0.484
  36,    2,   49.063234,  -96.312830,       -0.444
  37,    2,   49.064141,  -96.161205,       -0.414
  38,    2,   49.064936,  -96.009577,       -0.374
  39,    2,   49.065621,  -95.857947,       -0.324
  40,    2,   49.066194,  -95.706314,       -0.274
  41,    2,   49.066656,  -95.554680,       -0.214
  42,    2,   49.067007,  -95.403044,       -0.184
  43,    2,   49.067247,  -95.251407,       -0.164
  44,    2,   49.067375,  -95.099770,       -0.144
   1,    3,   49.060793, -101.622332,       -3.744
   2,    3,   49.065589, -101.470878,       -3.984
   3,    3,   49.070274, -101.319408,       -4.154
   4,    3,   49.074847, -101.167923,       -4.264
   5,    3,   49.079310, -101.016421,       -4.394
   6,    3,   49.083661, -100.864905,       -4.454
   7,    3,   49.087902, -100.713374,       -4.394
   8,    3,   49.092031, -100.561829,       -4.134
   9,    3,   49.096049, -100.410270,       -3.914
  10,    3,   49.099956, -100.258698,       -3.834
  11,    3,   49.103752, -100.107112,       -3.944
  12,    3,   49.107437,  -99.955513,       -4.234
  13,    3,   49.111011,  -99.803902,       -4.594
  14,    3,   49.114473,  -99.652280,       -4.864
  15,    3,   49.117825,  -99.500645,       -5.034
  16,    3,   49.121065,  -99.348999,       -5.084
  17,    3,   49.124195,  -99.197342,       -5.004
  18,    3,   49.127213,  -99.045675,       -4.764
  19,    3,   49.130120,  -98.893998,       -4.394
  20,    3,   49.132916,  -98.742311,       -3.974
  21,    3,   49.135601,  -98.590614,       -3.614
  22,    3,   49.138175,  -98.438909,       -3.384
  23,    3,   49.140637,  -98.287195,       -3.164
  24,    3,   49.142989,  -98.135472,       -2.924
  25,    3,   49.145229,  -97.983742,       -2.694
  26,    3,   49.147358,  -97.832005,       -2.564
  27,    3,   49.149376,  -97.680260,       -2.534
  28,    3,   49.151283,  -97.528508,       -2.494
  29,    3,   49.153079,  -97.376750,       -2.384
  30,    3,   49.154764,  -97.224987,       -2.204
  31,    3,   49.156338,  -97.073217,       -1.884
  32,    3,   49.157800,  -96.921443,       -1.494
  33,    3,   49.159151,  -96.769663,       -1.114
  34,    3,   49.160391,  -96.617880,       -0.784
  35,    3,   49.161520,  -96.466092,       -0.544
  36,    3,   49.162538,  -96.314300,       -0.444
  37,    3,   49.163445,  -96.162505,       -0.354
  38,    3,   49.164241,  -96.010708,       -0.254
  39,    3,   49.164925,  -95.858907,       -0.174
  40,    3,   49.165498,  -95.707105,       -0.094
  41,    3,   49.165960,  -95.555301,        0.076
  42,    3,   49.166311,  -95.403495,        0.216
  43,    3,   49.166551,  -95.251689,        0.256
  44,    3,   49.166680,  -95.099881,        0.196
   1,    4,   49.159986, -101.629744,       -3.514
   2,    4,   49.164782, -101.478121,       -3.724
   3,    4,   49.169468, -101.326482,       -3.884
   4,    4,   49.174043, -101.174827,       -4.034
   5,    4,   49.178506, -101.023157,       -4.164
   6,    4,   49.182859, -100.871472,       -4.254
   7,    4,   49.187100, -100.719771,       -4.224
   8,    4,   49.191230, -100.568057,       -4.024
   9,    4,   49.195249, -100.416329,       -3.824
  10,    4,   49.199157, -100.264587,       -3.704
  11,    4,   49.202954, -100.112832,       -3.744
  12,    4,   49.206640,  -99.961064,       -4.004
  13,    4,   49.210215,  -99.809283,       -4.314
  14,    4,   49.213678,  -99.657491,       -4.574
  15,    4,   49.217030,  -99.505687,       -4.764
  16,    4,   49.220272,  -99.353871,       -4.884
  17,    4,   49.223402,  -99.202045,       -4.914
  18,    4,   49.226421,  -99.050208,       -4.834
  19,    4,   49.229328,  -98.898361,       -4.614
  20,    4,   49.232125,  -98.746504,       -4.254
  21,    4,   49.234810,  -98.594637,       -3.844
  22,    4,   49.237385,  -98.442762,       -3.484
  23,    4,   49.239848,  -98.290878,       -3.124
  24,    4,   49.242200,  -98.138986,       -2.794
  25,    4,   49.244441,  -97.987086,       -2.534
  26,    4,   49.246571,  -97.835178,       -2.414
  27,    4,   49.248589,  -97.683264,       -2.354
  28,    4,   49.250497,  -97.531342,       -2.324
  29,    4,   49.252293,  -97.379414,       -2.244
  30,    4,   49.253978,  -97.227480,       -2.064
  31,    4,   49.255552,  -97.075541,       -1.774
  32,    4,   49.257015,  -96.923596,       -1.454
  33,    4,   49.258366,  -96.771647,       -1.144
  34,    4,   49.259607,  -96.619693,       -0.854
  35,    4,   49.260736,  -96.467735,       -0.614
  36,    4,   49.261754,  -96.315774,       -0.434
  37,    4,   49.262661,  -96.163809,       -0.294
  38,    4,   49.263457,  -96.011841,       -0.184
  39,    4,   49.264142,  -95.859870,       -0.104
  40,    4,   49.264715,  -95.707898,       -0.024
  41,    4,   49.265177,  -95.555923,        0.146
  42,    4,   49.265528,  -95.403948,        0.336
  43,    4,   49.265768,  -95.251971,        0.486
  44,    4,   49.265897,  -95.099993,        0.496
   1,    5,   49.259090, -101.637172,       -3.294
   2,    5,   49.263888, -101.485380,       -3.454
   3,    5,   49.268575, -101.333572,       -3.624
   4,    5,   49.273150, -101.181747,       -3.784
   5,    5,   49.277615, -101.029908,       -3.924
   6,    5,   49.281968, -100.878053,       -4.024
   7,    5,   49.286211, -100.726183,       -4.034
   8,    5,   49.290342, -100.574299,       -3.954
   9,    5,   49.294362, -100.422401,       -3.824
  10,    5,   49.298271, -100.270489,       -3.714
  11,    5,   49.302068, -100.118564,       -3.684
  12,    5,   49.305755,  -99.966626,       -3.854
  13,    5,   49.309330,  -99.814676,       -4.064
  14,    5,   49.312795,  -99.662713,       -4.274
  15,    5,   49.316148,  -99.510739,       -4.434
  16,    5,   49.319390,  -99.358754,       -4.544
  17,    5,   49.322521,  -99.206757,       -4.654
  18,    5,   49.325540,  -99.054750,       -4.684
  19,    5,   49.328449,  -98.902733,       -4.594
  20,    5,   49.331246,  -98.750706,       -4.364
  21,    5,   49.333932,  -98.598670,       -3.954
  22,    5,   49.336507,  -98.446624,       -3.534
  23,    5,   49.338971,  -98.294570,       -3.164
  24,    5,   49.341323,  -98.142507,       -2.854
  25,    5,   49.343565,  -97.990437,       -2.674
  26,    5,   49.345695,  -97.838359,       -2.634
  27,    5,   49.347714,  -97.686274,       -2.624
  28,    5,   49.349622,  -97.534182,       -2.554
  29,    5,   49.351419,  -97.382084,       -2.414
  30,    5,   49.353104,  -97.229980,       -2.134
  31,    5,   49.354678,  -97.077870,       -1.784
  32,    5,   49.356142,  -96.925755,       -1.414
  33,    5,   49.357493,  -96.773635,       -1.074
  34,    5,   49.358734,  -96.621511,       -0.794
  35,    5,   49.359864,  -96.469382,       -0.574
  36,    5,   49.360882,  -96.317250,       -0.414
  37,    5,   49.361789,  -96.165115,       -0.284
  38,    5,   49.362585,  -96.012976,       -0.174
  39,    5,   49.363270,  -95.860835,       -0.104
  40,    5,   49.363843,  -95.708692,       -0.034
  41,    5,   49.364306,  -95.556547,        0.086
  42,    5,   49.364657,  -95.404401,        0.236
  43,    5,   49.364897,  -95.252254,        0.416
  44,    5,   49.365026,  -95.100106,        0.516
   1,    6,   49.358106, -101.644617,       -3.114
   2,    6,   49.362905, -101.492655,       -3.234
   3,    6,   49.367593, -101.340677,       -3.364
   4,    6,   49.372169, -101.188683,       -3.504
   5,    6,   49.376635, -101.036673,       -3.624
   6,    6,   49.380990, -100.884648,       -3.734
   7,    6,   49.385233, -100.732609,       -3.794
   8,    6,   49.389365, -100.580555,       -3.804
   9,    6,   49.393386, -100.428486,       -3.764
  10,    6,   49.397296, -100.276405,       -3.694
  11,    6,   49.401094, -100.124309,       -3.644
  12,    6,   49.404782,  -99.972201,       -3.724
  13,    6,   49.408358,  -99.820081,       -3.854
  14,    6,   49.411823,  -99.667948,       -4.004
  15,    6,   49.415177,  -99.515803,       -4.114
  16,    6,   49.418420,  -99.363648,       -4.174
  17,    6,   49.421551,  -99.211481,       -4.284
  18,    6,   49.424571,  -99.059303,       -4.384
  19,    6,   49.427481,  -98.907116,       -4.414
  20,    6,   49.430279,  -98.754918,       -4.244
  21,    6,   49.432965,  -98.602711,       -3.884
  22,    6,   49.435541,  -98.450495,       -3.534
  23,    6,   49.438005,  -98.298270,       -3.224
  24,    6,   49.440358,  -98.146037,       -3.004
  25,    6,   49.442600,  -97.993796,       -2.944
  26,    6,   49.444731,  -97.841547,       -3.004
  27,    6,   49.446750,  -97.689291,       -3.084
  28,    6,   49.448659,  -97.537029,       -3.084
  29,    6,   49.450456,  -97.384760,       -2.894
  30,    6,   49.452142,  -97.232485,       -2.514
  31,    6,   49.453716,  -97.080204,       -2.054
  32,    6,   49.455180,  -96.927918,       -1.594
  33,    6,   49.456532,  -96.775628,       -1.164
  34,    6,   49.457773,  -96.623332,       -0.844
  35,    6,   49.458903,  -96.471033,       -0.644
  36,    6,   49.459921,  -96.318730,       -0.484
  37,    6,   49.460829,  -96.166424,       -0.374
  38,    6,   49.461625,  -96.014114,       -0.254
  39,    6,   49.462310,  -95.861802,       -0.174
  40,    6,   49.462883,  -95.709488,       -0.104
  41,    6,   49.463346,  -95.557173,       -0.004
  42,    6,   49.463697,  -95.404855,        0.106
  43,    6,   49.463937,  -95.252537,        0.216
  44,    6,   49.464066,  -95.100218,        0.356
   1,    7,   49.457033, -101.652079,       -2.974
   2,    7,   49.461833, -101.499947,       -3.014
   3,    7,   49.466522, -101.347799,       -3.084
   4,    7,   49.471100, -101.195634,       -3.174
   5,    7,   49.475567, -101.043454,       -3.264
   6,    7,   49.479922, -100.891259,       -3.364
   7,    7,   49.484166, -100.739049,       -3.454
   8,    7,   49.488300, -100.586824,       -3.514
   9,    7,   49.492321, -100.434586,       -3.544
  10,    7,   49.496232, -100.282333,       -3.514
  11,    7,   49.500032, -100.130068,       -3.474
  12,    7,   49.503720,  -99.977789,       -3.504
  13,    7,   49.507297,  -99.825498,       -3.594
  14,    7,   49.510763,  -99.673194,       -3.704
  15,    7,   49.514117,  -99.520879,       -3.774
  16,    7,   49.517361,  -99.368552,       -3.814
  17,    7,   49.520493,  -99.216215,       -3.924
  18,    7,   49.523514,  -99.063866,       -4.064
  19,    7,   49.526424,  -98.911508,       -4.164
  20,    7,   49.529222,  -98.759139,       -4.014
  21,    7,   49.531910,  -98.606761,       -3.744
  22,    7,   49.534486,  -98.454374,       -3.474
  23,    7,   49.536951,  -98.301978,       -3.264
  24,    7,   49.539304,  -98.149574,       -3.114
  25,    7,   49.541547,  -97.997162,       -3.124
  26,    7,   49.543678,  -97.844742,       -3.234
  27,    7,   49.545698,  -97.692315,       -3.354
  28,    7,   49.547607,  -97.539882,       -3.384
  29,    7,   49.549404,  -97.387442,       -3.224
  30,    7,   49.551091,  -97.234995,       -2.884
  31,    7,   49.552666,  -97.082544,       -2.434
  32,    7,   49.554129,  -96.930086,       -1.974
  33,    7,   49.555482,  -96.777625,       -1.504
  34,    7,   49.556723,  -96.625158,       -1.144
  35,    7,   49.557853,  -96.472687,       -0.904
  36,    7,   49.558872,  -96.320213,       -0.744
  37,    7,   49.559780,  -96.167735,       -0.604
  38,    7,   49.560576,  -96.015255,       -0.444
  39,    7,   49.561261,  -95.862772,       -0.284
  40,    7,   49.561835,  -95.710286,       -0.124
  41,    7,   49.562297,  -95.557799,        0.026
  42,    7,   49.562649,  -95.405311,        0.176
  43,    7,   49.562889,  -95.252821,        0.256
  44,    7,   49.563018,  -95.100331,        0.366
   1,    8,   49.555872, -101.659558,       -2.814
   2,    8,   49.560673, -101.507255,       -2.754
   3,    8,   49.565363, -101.354936,       -2.734
   4,    8,   49.569942, -101.202601,       -2.784
   5,    8,   49.574410, -101.050251,       -2.864
   6,    8,   49.578766, -100.897885,       -2.934
   7,    8,   49.583011, -100.745504,       -3.014
   8,    8,   49.587145, -100.593108,       -3.104
   9,    8,   49.591168, -100.440699,       -3.164
  10,    8,   49.595080, -100.288275,       -3.174
  11,    8,   49.598880, -100.135839,       -3.174
  12,    8,   49.602569,  -99.983389,       -3.184
  13,    8,   49.606147,  -99.830927,       -3.234
  14,    8,   49.609613,  -99.678452,       -3.324
  15,    8,   49.612969,  -99.525966,       -3.414
  16,    8,   49.616213,  -99.373468,       -3.494
  17,    8,   49.619346,  -99.220959,       -3.614
  18,    8,   49.622368,  -99.068440,       -3.774
  19,    8,   49.625278,  -98.915910,       -3.904
  20,    8,   49.628077,  -98.763370,       -3.814
  21,    8,   49.630765,  -98.610821,       -3.634
  22,    8,   49.633342,  -98.458262,       -3.444
  23,    8,   49.635807,  -98.305695,       -3.274
  24,    8,   49.638162,  -98.153119,       -3.144
  25,    8,   49.640405,  -98.000536,       -3.124
  26,    8,   49.642536,  -97.847945,       -3.214
  27,    8,   49.644557,  -97.695346,       -3.324
  28,    8,   49.646466,  -97.542741,       -3.364
  29,    8,   49.648264,  -97.390129,       -3.164
  30,    8,   49.649950,  -97.237512,       -2.904
  31,    8,   49.651526,  -97.084888,       -2.614
  32,    8,   49.652990,  -96.932260,       -2.284
  33,    8,   49.654343,  -96.779626,       -1.874
  34,    8,   49.655584,  -96.626988,       -1.494
  35,    8,   49.656714,  -96.474346,       -1.214
  36,    8,   49.657733,  -96.321700,       -1.044
  37,    8,   49.658641,  -96.169050,       -0.894
  38,    8,   49.659438,  -96.016398,       -0.644
  39,    8,   49.660123,  -95.863743,       -0.344
  40,    8,   49.660697,  -95.711086,       -0.044
  41,    8,   49.661160,  -95.558427,        0.236
  42,    8,   49.661511,  -95.405767,        0.466
  43,    8,   49.661751,  -95.253106,        0.636
  44,    8,   49.661880,  -95.100444,        0.826
   1,    9,   49.654622, -101.667053,       -2.574
   2,    9,   49.659424, -101.514580,       -2.454
   3,    9,   49.664115, -101.362090,       -2.384
   4,    9,   49.668695, -101.209584,       -2.384
   5,    9,   49.673163, -101.057062,       -2.424
   6,    9,   49.677521, -100.904525,       -2.474
   7,    9,   49.681767, -100.751973,       -2.544
   8,    9,   49.685902, -100.599406,       -2.624
   9,    9,   49.689925, -100.446826,       -2.704
  10,    9,   49.693838, -100.294231,       -2.764
  11,    9,   49.697639, -100.141623,       -2.804
  12,    9,   49.701329,  -99.989002,       -2.844
  13,    9,   49.704908,  -99.836368,       -2.874
  14,    9,   49.708375,  -99.683722,       -2.964
  15,    9,   49.711731,  -99.531064,       -3.074
  16,    9,   49.714976,  -99.378395,       -3.184
  17,    9,   49.718110,  -99.225715,       -3.314
  18,    9,   49.721132,  -99.073023,       -3.484
  19,    9,   49.724043,  -98.920322,       -3.624
  20,    9,   49.726843,  -98.767610,       -3.634
  21,    9,   49.729531,  -98.614889,       -3.554
  22,    9,   49.732109,  -98.462159,       -3.414
  23,    9,   49.734575,  -98.309420,       -3.254
  24,    9,   49.736929,  -98.156673,       -3.094
  25,    9,   49.739173,  -98.003917,       -3.024
  26,    9,   49.741305,  -97.851154,       -3.044
  27,    9,   49.743326,  -97.698384,       -3.154
  28,    9,   49.745235,  -97.545607,       -3.144
  29,    9,   49.747034,  -97.392823,       -3.024
  30,    9,   49.748721,  -97.240034,       -2.844
  31,    9,   49.750296,  -97.087238,       -2.634
  32,    9,   49.751761,  -96.934438,       -2.334
  33,    9,   49.753114,  -96.781632,       -1.964
  34,    9,   49.754356,  -96.628822,       -1.584
  35,    9,   49.755486,  -96.476008,       -1.284
  36,    9,   49.756506,  -96.323190,       -1.124
  37,    9,   49.757414,  -96.170368,       -0.954
  38,    9,   49.758210,  -96.017544,       -0.664
  39,    9,   49.758896,  -95.864717,       -0.264
  40,    9,   49.759470,  -95.711888,        0.156
  41,    9,   49.759932,  -95.559057,        0.556
  42,    9,   49.760284,  -95.406224,        0.866
  43,    9,   49.760524,  -95.253391,        1.126
  44,    9,   49.760653,  -95.100557,        1.346
   1,   10,   49.753282, -101.674565,       -2.254
   2,   10,   49.758085, -101.521921,       -2.104
   3,   10,   49.762777, -101.369259,       -2.004
   4,   10,   49.767358, -101.216582,       -1.964
   5,   10,   49.771827, -101.063889,       -1.974
   6,   10,   49.776186, -100.911180,       -2.004
   7,   10,   49.780433, -100.758457,       -2.064
   8,   10,   49.784569, -100.605719,       -2.154
   9,   10,   49.788593, -100.452966,       -2.264
  10,   10,   49.792507, -100.300200,       -2.364
  11,   10,   49.796309, -100.147420,       -2.454
  12,   10,   49.799999,  -99.994627,       -2.524
  13,   10,   49.803579,  -99.841822,       -2.584
  14,   10,   49.807047,  -99.689004,       -2.674
  15,   10,   49.810404,  -99.536174,       -2.774
  16,   10,   49.813649,  -99.383333,       -2.864
  17,   10,   49.816784,  -99.230481,       -2.974
  18,   10,   49.819807,  -99.077617,       -3.144
  19,   10,   49.822718,  -98.924744,       -3.324
  20,   10,   49.825519,  -98.771860,       -3.444
  21,   10,   49.828208,  -98.618967,       -3.484
  22,   10,   49.830786,  -98.466065,       -3.414
  23,   10,   49.833252,  -98.313154,       -3.244
  24,   10,   49.835607,  -98.160234,       -3.054
  25,   10,   49.837851,  -98.007306,       -2.934
  26,   10,   49.839984,  -97.854371,       -2.914
  27,   10,   49.842005,  -97.701429,       -2.994
  28,   10,   49.843915,  -97.548479,       -2.974
  29,   10,   49.845714,  -97.395523,       -2.894
  30,   10,   49.847401,  -97.242561,       -2.754
  31,   10,   49.848977,  -97.089593,       -2.514
  32,   10,   49.850442,  -96.936620,       -2.144
  33,   10,   49.851796,  -96.783642,       -1.704
  34,   10,   49.853038,  -96.630660,       -1.284
  35,   10,   49.854168,  -96.477673,       -0.934
  36,   10,   49.855188,  -96.324683,       -0.734
  37,   10,   49.856096,  -96.171689,       -0.554
  38,   10,   49.856893,  -96.018692,       -0.284
  39,   10,   49.857578,  -95.865693,        0.046
  40,   10,   49.858153,  -95.712691,        0.446
  41,   10,   49.858615,  -95.559688,        0.846
  42,   10,   49.858967,  -95.406683,        1.196
  43,   10,   49.859207,  -95.253677,        1.446
  44,   10,   49.859336,  -95.100671,        1.586
   1,   11,   49.851852, -101.682094,       -1.844
   2,   11,   49.856656, -101.529278,       -1.684
   3,   11,   49.861349, -101.376445,       -1.554
   4,   11,   49.865931, -101.223596,       -1.474
   5,   11,   49.870402, -101.070731,       -1.464
   6,   11,   49.874761, -100.917851,       -1.494
   7,   11,   49.879009, -100.764955,       -1.574
   8,   11,   49.883146, -100.612045,       -1.724
   9,   11,   49.887171, -100.459121,       -1.874
  10,   11,   49.891085, -100.306182,       -2.014
  11,   11,   49.894888, -100.153230,       -2.144
  12,   11,   49.898580, -100.000265,       -2.254
  13,   11,   49.902160,  -99.847288,       -2.334
  14,   11,   49.905629,  -99.694298,       -2.394
  15,   11,   49.908986,  -99.541296,       -2.444
  16,   11,   49.912233,  -99.388282,       -2.504
  17,   11,   49.915368,  -99.235257,       -2.594
  18,   11,   49.918391,  -99.082222,       -2.764
  19,   11,   49.921304,  -98.929176,       -2.974
  20,   11,   49.924105,  -98.776120,       -3.214
  21,   11,   49.926794,  -98.623054,       -3.404
  22,   11,   49.929373,  -98.469979,       -3.424
  23,   11,   49.931840,  -98.316896,       -3.204
  24,   11,   49.934196,  -98.163803,       -3.014
  25,   11,   49.936440,  -98.010703,       -2.904
  26,   11,   49.938573,  -97.857595,       -2.864
  27,   11,   49.940595,  -97.704480,       -2.924
  28,   11,   49.942505,  -97.551358,       -2.904
  29,   11,   49.944304,  -97.398229,       -2.814
  30,   11,   49.945992,  -97.245095,       -2.634
  31,   11,   49.947568,  -97.091954,       -2.314
  32,   11,   49.949033,  -96.938808,       -1.824
  33,   11,   49.950387,  -96.785657,       -1.284
  34,   11,   49.951630,  -96.632502,       -0.754
  35,   11,   49.952761,  -96.479343,       -0.304
  36,   11,   49.953780,  -96.326179,       -0.044
  37,   11,   49.954689,  -96.173013,        0.136
  38,   11,   49.955486,  -96.019843,        0.326
  39,   11,   49.956171,  -95.866671,        0.526
  40,   11,   49.956746,  -95.713496,        0.776
  41,   11,   49.957209,  -95.560320,        1.036
  42,   11,   49.957560,  -95.407142,        1.286
  43,   11,   49.957800,  -95.253964,        1.456
  44,   11,   49.957929,  -95.100784,        1.536
   1,   12,   49.950332, -101.689641,       -1.384
   2,   12,   49.955138, -101.536652,       -1.214
   3,   12,   49.959832, -101.383647,       -1.054
   4,   12,   49.964415, -101.230626,       -0.964
   5,   12,   49.968886, -101.077589,       -0.974
   6,   12,   49.973246, -100.924536,       -1.054
   7,   12,   49.977495, -100.771468,       -1.204
   8,   12,   49.981633, -100.618386,       -1.404
   9,   12,   49.985659, -100.465289,       -1.584
  10,   12,   49.989574, -100.312178,       -1.744
  11,   12,   49.993378, -100.159054,       -1.864
  12,   12,   49.997070, -100.005916,       -1.974
  13,   12,   50.000651,  -99.852766,       -2.044
  14,   12,   50.004121,  -99.699603,       -2.074
  15,   12,   50.007479,  -99.546429,       -2.064
  16,   12,   50.010726,  -99.393242,       -2.054
  17,   12,   50.013861,  -99.240045,       -2.094
  18,   12,   50.016886,  -99.086837,       -2.264
  19,   12,   50.019799,  -98.933618,       -2.534
  20,   12,   50.022600,  -98.780389,       -2.914
  21,   12,   50.025291,  -98.627150,       -3.334
  22,   12,   50.027870,  -98.473903,       -3.434
  23,   12,   50.030337,  -98.320646,       -3.204
  24,   12,   50.032693,  -98.167381,       -2.994
  25,   12,   50.034938,  -98.014108,       -2.884
  26,   12,   50.037072,  -97.860827,       -2.874
  27,   12,   50.039094,  -97.707538,       -2.924
  28,   12,   50.041005,  -97.554243,       -2.934
  29,   12,   50.042804,  -97.400941,       -2.864
  30,   12,   50.044492,  -97.247634,       -2.694
  31,   12,   50.046069,  -97.094320,       -2.374
  32,   12,   50.047534,  -96.941001,       -1.814
  33,   12,   50.048888,  -96.787677,       -1.114
  34,   12,   50.050131,  -96.634349,       -0.414
  35,   12,   50.051262,  -96.481016,        0.206
  36,   12,   50.052282,  -96.327679,        0.566
  37,   12,   50.053191,  -96.174340,        0.746
  38,   12,   50.053988,  -96.020997,        0.826
  39,   12,   50.054674,  -95.867651,        0.856
  40,   12,   50.055248,  -95.714303,        0.926
  41,   12,   50.055711,  -95.560954,        1.016
  42,   12,   50.056063,  -95.407603,        1.096
  43,   12,   50.056303,  -95.254251,        1.186
  44,   12,   50.056432,  -95.100898,        1.266
   1,   13,   50.048722, -101.697204,       -0.924
   2,   13,   50.053529, -101.544043,       -0.714
   3,   13,   50.058224, -101.390865,       -0.534
   4,   13,   50.062807, -101.237672,       -0.464
   5,   13,   50.067280, -101.084462,       -0.524
   6,   13,   50.071641, -100.931237,       -0.684
   7,   13,   50.075891, -100.777996,       -0.924
   8,   13,   50.080029, -100.624741,       -1.164
   9,   13,   50.084056, -100.471471,       -1.344
  10,   13,   50.087972, -100.318188,       -1.454
  11,   13,   50.091777, -100.164890,       -1.544
  12,   13,   50.095470, -100.011580,       -1.624
  13,   13,   50.099051,  -99.858257,       -1.694
  14,   13,   50.102522,  -99.704921,       -1.684
  15,   13,   50.105881,  -99.551573,       -1.624
  16,   13,   50.109128,  -99.398214,       -1.534
  17,   13,   50.112265,  -99.244843,       -1.574
  18,   13,   50.115290,  -99.091462,       -1.754
  19,   13,   50.118203,  -98.938070,       -2.094
  20,   13,   50.121005,  -98.784668,       -2.584
  21,   13,   50.123696,  -98.631256,       -3.244
  22,   13,   50.126276,  -98.477835,       -3.454
  23,   13,   50.128744,  -98.324405,       -3.294
  24,   13,   50.131101,  -98.170966,       -3.044
  25,   13,   50.133346,  -98.017520,       -2.894
  26,   13,   50.135480,  -97.864065,       -2.884
  27,   13,   50.137502,  -97.710604,       -2.954
  28,   13,   50.139414,  -97.557135,       -3.004
  29,   13,   50.141214,  -97.403660,       -2.994
  30,   13,   50.142902,  -97.250178,       -2.884
  31,   13,   50.144479,  -97.096691,       -2.624
  32,   13,   50.145945,  -96.943199,       -2.114
  33,   13,   50.147299,  -96.789701,       -1.404
  34,   13,   50.148542,  -96.636199,       -0.534
  35,   13,   50.149673,  -96.482693,        0.246
  36,   13,   50.150694,  -96.329183,        0.746
  37,   13,   50.151602,  -96.175669,        0.986
  38,   13,   50.152400,  -96.022153,        0.996
  39,   13,   50.153086,  -95.868634,        0.876
  40,   13,   50.153660,  -95.715112,        0.766
  41,   13,   50.154123,  -95.561589,        0.706
  42,   13,   50.154475,  -95.408065,        0.706
  43,   13,   50.154715,  -95.254539,        0.776
  44,   13,   50.154844,  -95.101013,        0.896
   1,   14,   50.147021, -101.704784,       -0.614
   2,   14,   50.151829, -101.551450,       -0.284
   3,   14,   50.156525, -101.398100,       -0.054
   4,   14,   50.161110, -101.244733,       -0.014
   5,   14,   50.165583, -101.091351,       -0.134
   6,   14,   50.169945, -100.937952,       -0.384
   7,   14,   50.174196, -100.784539,       -0.684
   8,   14,   50.178335, -100.631110,       -0.904
   9,   14,   50.182363, -100.477668,       -1.024
  10,   14,   50.186279, -100.324211,       -1.074
  11,   14,   50.190085, -100.170740,       -1.094
  12,   14,   50.193779, -100.017257,       -1.174
  13,   14,   50.197361,  -99.863760,       -1.274
  14,   14,   50.200832,  -99.710251,       -1.284
  15,   14,   50.204192,  -99.556730,       -1.204
  16,   14,   50.207440,  -99.403197,       -1.104
  17,   14,   50.210577,  -99.249653,       -1.214
  18,   14,   50.213603,  -99.096097,       -1.444
  19,   14,   50.216517,  -98.942532,       -1.794
  20,   14,   50.219320,  -98.788956,       -2.304
  21,   14,   50.222011,  -98.635371,       -3.014
  22,   14,   50.224591,  -98.481776,       -3.344
  23,   14,   50.227060,  -98.328172,       -3.294
  24,   14,   50.229417,  -98.174560,       -3.054
  25,   14,   50.231663,  -98.020940,       -2.854
  26,   14,   50.233797,  -97.867311,       -2.854
  27,   14,   50.235820,  -97.713676,       -2.944
  28,   14,   50.237732,  -97.560033,       -3.034
  29,   14,   50.239532,  -97.406384,       -3.054
  30,   14,   50.241221,  -97.252729,       -2.964
  31,   14,   50.242798,  -97.099068,       -2.814
  32,   14,   50.244264,  -96.945401,       -2.484
  33,   14,   50.245619,  -96.791730,       -1.934
  34,   14,   50.246862,  -96.638054,       -1.084
  35,   14,   50.247994,  -96.484374,       -0.164
  36,   14,   50.249014,  -96.330690,        0.476
  37,   14,   50.249923,  -96.177002,        0.786
  38,   14,   50.250720,  -96.023312,        0.796
  39,   14,   50.251406,  -95.869618,        0.606
  40,   14,   50.251981,  -95.715923,        0.426
  41,   14,   50.252444,  -95.562226,        0.306
  42,   14,   50.252796,  -95.408527,        0.276
  43,   14,   50.253037,  -95.254827,        0.376
  44,   14,   50.253166,  -95.101127,        0.536
   1,   15,   50.245229, -101.712381,       -0.654
   2,   15,   50.250038, -101.558875,       -0.104
   3,   15,   50.254735, -101.405351,        0.246
   4,   15,   50.259321, -101.251811,        0.306
   5,   15,   50.263795, -101.098255,        0.166
   6,   15,   50.268158, -100.944683,       -0.114
   7,   15,   50.272409, -100.791096,       -0.424
   8,   15,   50.276550, -100.637494,       -0.594
   9,   15,   50.280578, -100.483878,       -0.624
  10,   15,   50.284496, -100.330247,       -0.574
  11,   15,   50.288302, -100.176603,       -0.544
  12,   15,   50.291996, -100.022946,       -0.664
  13,   15,   50.295580,  -99.869275,       -0.824
  14,   15,   50.299051,  -99.715593,       -0.914
  15,   15,   50.302412,  -99.561898,       -0.904
  16,   15,   50.305661,  -99.408191,       -0.844
  17,   15,   50.308798,  -99.254473,       -1.004
  18,   15,   50.311825,  -99.100744,       -1.284
  19,   15,   50.314739,  -98.947004,       -1.664
  20,   15,   50.317543,  -98.793254,       -2.124
  21,   15,   50.320235,  -98.639495,       -2.714
  22,   15,   50.322815,  -98.485726,       -3.054
  23,   15,   50.325284,  -98.331948,       -3.094
  24,   15,   50.327642,  -98.178162,       -2.904
  25,   15,   50.329888,  -98.024367,       -2.734
  26,   15,   50.332023,  -97.870565,       -2.734
  27,   15,   50.334047,  -97.716755,       -2.824
  28,   15,   50.335958,  -97.562938,       -2.944
  29,   15,   50.337759,  -97.409115,       -2.984
  30,   15,   50.339448,  -97.255285,       -2.944
  31,   15,   50.341026,  -97.101450,       -2.934
  32,   15,   50.342492,  -96.947609,       -2.784
  33,   15,   50.343847,  -96.793763,       -2.374
  34,   15,   50.345090,  -96.639913,       -1.554
  35,   15,   50.346222,  -96.486058,       -0.694
  36,   15,   50.347243,  -96.332200,       -0.034
  37,   15,   50.348152,  -96.178338,        0.346
  38,   15,   50.348950,  -96.024473,        0.416
  39,   15,   50.349636,  -95.870605,        0.286
  40,   15,   50.350211,  -95.716736,        0.146
  41,   15,   50.350674,  -95.562864,        0.046
  42,   15,   50.351026,  -95.408991,        0.016
  43,   15,   50.351266,  -95.255117,        0.116
  44,   15,   50.351396,  -95.101242,        0.256
   1,   16,   50.343346, -101.719996,       -0.994
   2,   16,   50.348156, -101.566316,       -0.264
   3,   16,   50.352854, -101.412619,        0.236
   4,   16,   50.357440, -101.258905,        0.406
   5,   16,   50.361916, -101.105175,        0.316
   6,   16,   50.366279, -100.951429,        0.066
   7,   16,   50.370532, -100.797669,       -0.204
   8,   16,   50.374673, -100.643893,       -0.314
   9,   16,   50.378702, -100.490102,       -0.294
  10,   16,   50.382621, -100.336298,       -0.194
  11,   16,   50.386427, -100.182480,       -0.104
  12,   16,   50.390123, -100.028648,       -0.254
  13,   16,   50.393707,  -99.874804,       -0.474
  14,   16,   50.397179,  -99.720947,       -0.624
  15,   16,   50.400540,  -99.567077,       -0.674
  16,   16,   50.403790,  -99.413196,       -0.664
  17,   16,   50.406928,  -99.259304,       -0.784
  18,   16,   50.409955,  -99.105400,       -1.034
  19,   16,   50.412870,  -98.951486,       -1.414
  20,   16,   50.415674,  -98.797562,       -1.904
  21,   16,   50.418367,  -98.643628,       -2.384
  22,   16,   50.420948,  -98.489685,       -2.654
  23,   16,   50.423417,  -98.335733,       -2.704
  24,   16,   50.425776,  -98.181772,       -2.554
  25,   16,   50.428022,  -98.027803,       -2.444
  26,   16,   50.430158,  -97.873826,       -2.474
  27,   16,   50.432181,  -97.719841,       -2.604
  28,   16,   50.434094,  -97.565850,       -2.774
  29,   16,   50.435895,  -97.411852,       -2.844
  30,   16,   50.437584,  -97.257848,       -2.904
  31,   16,   50.439162,  -97.103837,       -2.984
  32,   16,   50.440629,  -96.949822,       -2.984
  33,   16,   50.441984,  -96.795801,       -2.674
  34,   16,   50.443227,  -96.641776,       -1.884
  35,   16,   50.444360,  -96.487747,       -1.094
  36,   16,   50.445380,  -96.333714,       -0.464
  37,   16,   50.446290,  -96.179677,       -0.064
  38,   16,   50.447088,  -96.025637,        0.076
  39,   16,   50.447774,  -95.871595,        0.066
  40,   16,   50.448349,  -95.717550,       -0.004
  41,   16,   50.448812,  -95.563504,       -0.074
  42,   16,   50.449164,  -95.409456,       -0.094
  43,   16,   50.449405,  -95.255407,       -0.044
  44,   16,   50.449534,  -95.101357,        0.066
   1,   17,   50.441372, -101.727628,       -1.234
   2,   17,   50.446182, -101.573774,       -0.544
   3,   17,   50.450881, -101.419903,       -0.024
   4,   17,   50.455468, -101.266015,        0.226
   5,   17,   50.459945, -101.112111,        0.226
   6,   17,   50.464309, -100.958191,        0.036
   7,   17,   50.468562, -100.804256,       -0.174
   8,   17,   50.472704, -100.650306,       -0.264
   9,   17,   50.476735, -100.496341,       -0.254
  10,   17,   50.480654, -100.342362,       -0.174
  11,   17,   50.484461, -100.188369,       -0.134
  12,   17,   50.488157, -100.034363,       -0.224
  13,   17,   50.491742,  -99.880344,       -0.364
  14,   17,   50.495215,  -99.726313,       -0.464
  15,   17,   50.498577,  -99.572269,       -0.464
  16,   17,   50.501827,  -99.418213,       -0.444
  17,   17,   50.504966,  -99.264146,       -0.514
  18,   17,   50.507993,  -99.110068,       -0.694
  19,   17,   50.510909,  -98.955979,       -1.014
  20,   17,   50.513714,  -98.801880,       -1.494
  21,   17,   50.516407,  -98.647771,       -1.924
  22,   17,   50.518989,  -98.493653,       -2.154
  23,   17,   50.521459,  -98.339526,       -2.154
  24,   17,   50.523817,  -98.185390,       -2.014
  25,   17,   50.526064,  -98.031246,       -1.974
  26,   17,   50.528200,  -97.877094,       -2.054
  27,   17,   50.530224,  -97.722934,       -2.244
  28,   17,   50.532137,  -97.568768,       -2.484
  29,   17,   50.533938,  -97.414595,       -2.634
  30,   17,   50.535628,  -97.260416,       -2.754
  31,   17,   50.537207,  -97.106230,       -2.884
  32,   17,   50.538673,  -96.952040,       -2.974
  33,   17,   50.540029,  -96.797844,       -2.714
  34,   17,   50.541273,  -96.643644,       -2.074
  35,   17,   50.542405,  -96.489439,       -1.424
  36,   17,   50.543426,  -96.335231,       -0.874
  37,   17,   50.544336,  -96.181019,       -0.484
  38,   17,   50.545133,  -96.026804,       -0.224
  39,   17,   50.545820,  -95.872586,       -0.124
  40,   17,   50.546395,  -95.718366,       -0.124
  41,   17,   50.546859,  -95.564145,       -0.174
  42,   17,   50.547211,  -95.409921,       -0.204
  43,   17,   50.547451,  -95.255697,       -0.154
  44,   17,   50.547580,  -95.101472,       -0.054
   1,   18,   50.539305, -101.735277,       -1.324
   2,   18,   50.544116, -101.581249,       -0.794
   3,   18,   50.548816, -101.427203,       -0.414
   4,   18,   50.553405, -101.273141,       -0.194
   5,   18,   50.557882, -101.119062,       -0.104
   6,   18,   50.562247, -100.964968,       -0.204
   7,   18,   50.566501, -100.810858,       -0.324
   8,   18,   50.570644, -100.656733,       -0.394
   9,   18,   50.574675, -100.502594,       -0.414
  10,   18,   50.578595, -100.348440,       -0.404
  11,   18,   50.582403, -100.194273,       -0.414
  12,   18,   50.586100, -100.040092,       -0.434
  13,   18,   50.589685,  -99.885898,       -0.434
  14,   18,   50.593159,  -99.731691,       -0.354
  15,   18,   50.596522,  -99.577472,       -0.234
  16,   18,   50.599772,  -99.423241,       -0.184
  17,   18,   50.602912,  -99.268999,       -0.224
  18,   18,   50.605940,  -99.114746,       -0.364
  19,   18,   50.608856,  -98.960482,       -0.604
  20,   18,   50.611662,  -98.806208,       -1.014
  21,   18,   50.614355,  -98.651924,       -1.364
  22,   18,   50.616937,  -98.497630,       -1.544
  23,   18,   50.619408,  -98.343328,       -1.494
  24,   18,   50.621767,  -98.189016,       -1.364
  25,   18,   50.624014,  -98.034697,       -1.354
  26,   18,   50.626151,  -97.880369,       -1.474
  27,   18,   50.628175,  -97.726035,       -1.694
  28,   18,   50.630088,  -97.571693,       -1.994
  29,   18,   50.631890,  -97.417344,       -2.234
  30,   18,   50.633580,  -97.262989,       -2.414
  31,   18,   50.635159,  -97.108629,       -2.524
  32,   18,   50.636626,  -96.954263,       -2.644
  33,   18,   50.637982,  -96.799891,       -2.494
  34,   18,   50.639226,  -96.645515,       -2.054
  35,   18,   50.640358,  -96.491135,       -1.524
  36,   18,   50.641379,  -96.336751,       -1.034
  37,   18,   50.642289,  -96.182364,       -0.684
  38,   18,   50.643087,  -96.027973,       -0.454
  39,   18,   50.643774,  -95.873580,       -0.314
  40,   18,   50.644349,  -95.719184,       -0.274
  41,   18,   50.644813,  -95.564787,       -0.294
  42,   18,   50.645165,  -95.410388,       -0.284
  43,   18,   50.645405,  -95.255988,       -0.224
  44,   18,   50.645535,  -95.101588,       -0.124
   1,   19,   50.637146, -101.742944,       -1.344
   2,   19,   50.641958, -101.588741,       -0.984
   3,   19,   50.646659, -101.434520,       -0.694
   4,   19,   50.651248, -101.280283,       -0.474
   5,   19,   50.655726, -101.126029,       -0.364
   6,   19,   50.660093, -100.971760,       -0.384
   7,   19,   50.664348, -100.817475,       -0.444
   8,   19,   50.668491, -100.663175,       -0.514
   9,   19,   50.672523, -100.508861,       -0.584
  10,   19,   50.676444, -100.354532,       -0.614
  11,   19,   50.680253, -100.200189,       -0.574
  12,   19,   50.683950, -100.045833,       -0.464
  13,   19,   50.687536,  -99.891464,       -0.294
  14,   19,   50.691011,  -99.737081,       -0.094
  15,   19,   50.694374,  -99.582687,        0.056
  16,   19,   50.697625,  -99.428281,        0.096
  17,   19,   50.700765,  -99.273863,        0.016
  18,   19,   50.703794,  -99.119434,       -0.154
  19,   19,   50.706711,  -98.964995,       -0.344
  20,   19,   50.709517,  -98.810545,       -0.604
  21,   19,   50.712211,  -98.656085,       -0.834
  22,   19,   50.714793,  -98.501616,       -0.964
  23,   19,   50.717264,  -98.347138,       -0.874
  24,   19,   50.719624,  -98.192651,       -0.744
  25,   19,   50.721872,  -98.038156,       -0.694
  26,   19,   50.724009,  -97.883653,       -0.754
  27,   19,   50.726034,  -97.729142,       -0.944
  28,   19,   50.727947,  -97.574624,       -1.274
  29,   19,   50.729749,  -97.420100,       -1.594
  30,   19,   50.731439,  -97.265569,       -1.844
  31,   19,   50.733018,  -97.111032,       -1.994
  32,   19,   50.734486,  -96.956490,       -2.124
  33,   19,   50.735842,  -96.801943,       -2.094
  34,   19,   50.737086,  -96.647391,       -1.844
  35,   19,   50.738219,  -96.492835,       -1.424
  36,   19,   50.739240,  -96.338275,       -0.954
  37,   19,   50.740150,  -96.183712,       -0.674
  38,   19,   50.740948,  -96.029145,       -0.514
  39,   19,   50.741635,  -95.874576,       -0.444
  40,   19,   50.742210,  -95.720004,       -0.394
  41,   19,   50.742674,  -95.565431,       -0.354
  42,   19,   50.743026,  -95.410856,       -0.294
  43,   19,   50.743267,  -95.256280,       -0.214
  44,   19,   50.743396,  -95.101704,       -0.134
   1,   20,   50.734895, -101.750628,       -1.444
   2,   20,   50.739708, -101.596250,       -1.154
   3,   20,   50.744409, -101.441854,       -0.854
   4,   20,   50.749000, -101.287441,       -0.584
   5,   20,   50.753478, -101.133013,       -0.404
   6,   20,   50.757846, -100.978568,       -0.384
   7,   20,   50.762101, -100.824108,       -0.444
   8,   20,   50.766246, -100.669632,       -0.534
   9,   20,   50.770278, -100.515142,       -0.614
  10,   20,   50.774200, -100.360638,       -0.574
  11,   20,   50.778009, -100.206119,       -0.414
  12,   20,   50.781708, -100.051587,       -0.174
  13,   20,   50.785294,  -99.897042,        0.096
  14,   20,   50.788770,  -99.742484,        0.256
  15,   20,   50.792133,  -99.587914,        0.316
  16,   20,   50.795386,  -99.433332,        0.236
  17,   20,   50.798526,  -99.278738,        0.066
  18,   20,   50.801555,  -99.124134,       -0.174
  19,   20,   50.804473,  -98.969518,       -0.344
  20,   20,   50.807279,  -98.814892,       -0.464
  21,   20,   50.809974,  -98.660257,       -0.534
  22,   20,   50.812557,  -98.505611,       -0.544
  23,   20,   50.815028,  -98.350957,       -0.424
  24,   20,   50.817388,  -98.196294,       -0.234
  25,   20,   50.819637,  -98.041623,       -0.094
  26,   20,   50.821774,  -97.886943,       -0.034
  27,   20,   50.823799,  -97.732256,       -0.174
  28,   20,   50.825713,  -97.577562,       -0.494
  29,   20,   50.827515,  -97.422862,       -0.864
  30,   20,   50.829206,  -97.268155,       -1.224
  31,   20,   50.830785,  -97.113442,       -1.464
  32,   20,   50.832253,  -96.958723,       -1.604
  33,   20,   50.833609,  -96.804000,       -1.634
  34,   20,   50.834854,  -96.649272,       -1.504
  35,   20,   50.835987,  -96.494539,       -1.214
  36,   20,   50.837008,  -96.339803,       -0.864
  37,   20,   50.837918,  -96.185063,       -0.634
  38,   20,   50.838717,  -96.030320,       -0.494
  39,   20,   50.839404,  -95.875574,       -0.434
  40,   20,   50.839979,  -95.720826,       -0.344
  41,   20,   50.840443,  -95.566076,       -0.254
  42,   20,   50.840795,  -95.411325,       -0.164
  43,   20,   50.841036,  -95.256573,       -0.084
  44,   20,   50.841165,  -95.101820,       -0.024
   1,   21,   50.832550, -101.758330,       -1.604
   2,   21,   50.837364, -101.603776,       -1.314
   3,   21,   50.842067, -101.449204,       -0.974
   4,   21,   50.846658, -101.294616,       -0.654
   5,   21,   50.851138, -101.140012,       -0.464
   6,   21,   50.855506, -100.985391,       -0.414
   7,   21,   50.859762, -100.830755,       -0.434
   8,   21,   50.863907, -100.676104,       -0.464
   9,   21,   50.867941, -100.521438,       -0.464
  10,   21,   50.871863, -100.366757,       -0.314
  11,   21,   50.875673, -100.212063,       -0.044
  12,   21,   50.879372, -100.057355,        0.256
  13,   21,   50.882960,  -99.902633,        0.496
  14,   21,   50.886436,  -99.747899,        0.456
  15,   21,   50.889800,  -99.593153,        0.286
  16,   21,   50.893053,  -99.438395,        0.056
  17,   21,   50.896194,  -99.283625,       -0.194
  18,   21,   50.899224,  -99.128844,       -0.444
  19,   21,   50.902142,  -98.974052,       -0.604
  20,   21,   50.904949,  -98.819250,       -0.644
  21,   21,   50.907644,  -98.664438,       -0.574
  22,   21,   50.910227,  -98.509616,       -0.424
  23,   21,   50.912699,  -98.354785,       -0.224
  24,   21,   50.915060,  -98.199945,        0.036
  25,   21,   50.917309,  -98.045097,        0.296
  26,   21,   50.919446,  -97.890241,        0.476
  27,   21,   50.921472,  -97.735378,        0.396
  28,   21,   50.923386,  -97.580507,        0.116
  29,   21,   50.925189,  -97.425630,       -0.274
  30,   21,   50.926880,  -97.270746,       -0.704
  31,   21,   50.928459,  -97.115857,       -1.014
  32,   21,   50.929927,  -96.960961,       -1.154
  33,   21,   50.931284,  -96.806061,       -1.144
  34,   21,   50.932528,  -96.651156,       -1.024
  35,   21,   50.933662,  -96.496247,       -0.864
  36,   21,   50.934683,  -96.341334,       -0.624
  37,   21,   50.935594,  -96.186417,       -0.434
  38,   21,   50.936392,  -96.031497,       -0.284
  39,   21,   50.937079,  -95.876575,       -0.174
  40,   21,   50.937655,  -95.721650,       -0.074
  41,   21,   50.938119,  -95.566723,        0.036
  42,   21,   50.938471,  -95.411795,        0.116
  43,   21,   50.938712,  -95.256866,        0.156
  44,   21,   50.938841,  -95.101936,        0.176
   1,   22,   50.930113, -101.766049,       -1.674
   2,   22,   50.934928, -101.611319,       -1.354
   3,   22,   50.939631, -101.456572,       -1.004
   4,   22,   50.944223, -101.301807,       -0.684
   5,   22,   50.948704, -101.147027,       -0.504
   6,   22,   50.953073, -100.992230,       -0.394
   7,   22,   50.957330, -100.837418,       -0.324
   8,   22,   50.961476, -100.682590,       -0.274
   9,   22,   50.965510, -100.527748,       -0.214
  10,   22,   50.969433, -100.372891,       -0.004
  11,   22,   50.973244, -100.218020,        0.296
  12,   22,   50.976944, -100.063135,        0.616
  13,   22,   50.980532,  -99.908238,        0.736
  14,   22,   50.984008,  -99.753327,        0.486
  15,   22,   50.987373,  -99.598404,        0.106
  16,   22,   50.990627,  -99.443469,       -0.304
  17,   22,   50.993768,  -99.288522,       -0.634
  18,   22,   50.996799,  -99.133565,       -0.834
  19,   22,   50.999718,  -98.978596,       -0.954
  20,   22,   51.002525,  -98.823617,       -0.934
  21,   22,   51.005220,  -98.668628,       -0.764
  22,   22,   51.007804,  -98.513629,       -0.464
  23,   22,   51.010277,  -98.358622,       -0.184
  24,   22,   51.012638,  -98.203605,        0.126
  25,   22,   51.014887,  -98.048580,        0.416
  26,   22,   51.017025,  -97.893547,        0.646
  27,   22,   51.019051,  -97.738507,        0.656
  28,   22,   51.020965,  -97.583459,        0.456
  29,   22,   51.022768,  -97.428404,        0.116
  30,   22,   51.024460,  -97.273344,       -0.284
  31,   22,   51.026040,  -97.118277,       -0.544
  32,   22,   51.027508,  -96.963205,       -0.584
  33,   22,   51.028865,  -96.808127,       -0.504
  34,   22,   51.030110,  -96.653045,       -0.364
  35,   22,   51.031243,  -96.497959,       -0.294
  36,   22,   51.032265,  -96.342868,       -0.184
  37,   22,   51.033175,  -96.187774,       -0.044
  38,   22,   51.033974,  -96.032677,        0.096
  39,   22,   51.034661,  -95.877578,        0.216
  40,   22,   51.035237,  -95.722476,        0.326
  41,   22,   51.035701,  -95.567372,        0.406
  42,   22,   51.036053,  -95.412266,        0.436
  43,   22,   51.036294,  -95.257160,        0.406
  44,   22,   51.036423,  -95.102053,        0.366
   1,   23,   51.027582, -101.773786,       -1.494
   2,   23,   51.032398, -101.618880,       -1.174
   3,   23,   51.037102, -101.463956,       -0.834
   4,   23,   51.041695, -101.309015,       -0.564
   5,   23,   51.046176, -101.154058,       -0.404
   6,   23,   51.050546, -100.999085,       -0.284
   7,   23,   51.054804, -100.844096,       -0.194
   8,   23,   51.058951, -100.689091,       -0.114
   9,   23,   51.062986, -100.534072,       -0.034
  10,   23,   51.066909, -100.379038,        0.166
  11,   23,   51.070721, -100.223991,        0.466
  12,   23,   51.074421, -100.068929,        0.796
  13,   23,   51.078010,  -99.913855,        0.816
  14,   23,   51.081487,  -99.758767,        0.476
  15,   23,   51.084853,  -99.603667,       -0.004
  16,   23,   51.088107,  -99.448555,       -0.484
  17,   23,   51.091249,  -99.293431,       -0.834
  18,   23,   51.094280,  -99.138296,       -1.014
  19,   23,   51.097199,  -98.983150,       -1.084
  20,   23,   51.100007,  -98.827994,       -1.054
  21,   23,   51.102703,  -98.672828,       -0.884
  22,   23,   51.105288,  -98.517652,       -0.534
  23,   23,   51.107761,  -98.362467,       -0.224
  24,   23,   51.110122,  -98.207273,        0.076
  25,   23,   51.112372,  -98.052071,        0.376
  26,   23,   51.114510,  -97.896860,        0.666
  27,   23,   51.116536,  -97.741642,        0.736
  28,   23,   51.118451,  -97.586417,        0.606
  29,   23,   51.120255,  -97.431185,        0.316
  30,   23,   51.121946,  -97.275947,       -0.014
  31,   23,   51.123526,  -97.120703,       -0.144
  32,   23,   51.124995,  -96.965453,       -0.054
  33,   23,   51.126352,  -96.810198,        0.156
  34,   23,   51.127597,  -96.654938,        0.326
  35,   23,   51.128731,  -96.499674,        0.296
  36,   23,   51.129753,  -96.344406,        0.296
  37,   23,   51.130664,  -96.189135,        0.346
  38,   23,   51.131462,  -96.033860,        0.436
  39,   23,   51.132150,  -95.878583,        0.526
  40,   23,   51.132725,  -95.723303,        0.606
  41,   23,   51.133189,  -95.568021,        0.656
  42,   23,   51.133542,  -95.412738,        0.636
  43,   23,   51.133783,  -95.257454,        0.546
  44,   23,   51.133912,  -95.102170,        0.436
   1,   24,   51.124958, -101.781541,       -1.104
   2,   24,   51.129774, -101.626458,       -0.754
   3,   24,   51.134480, -101.471357,       -0.434
   4,   24,   51.139073, -101.316239,       -0.224
   5,   24,   51.143555, -101.161105,       -0.114
   6,   24,   51.147926, -101.005955,       -0.044
   7,   24,   51.152185, -100.850789,        0.006
   8,   24,   51.156332, -100.695607,        0.016
   9,   24,   51.160368, -100.540411,        0.046
  10,   24,   51.164292, -100.385200,        0.206
  11,   24,   51.168104, -100.229975,        0.476
  12,   24,   51.171805, -100.074736,        0.836
  13,   24,   51.175395,  -99.919484,        0.806
  14,   24,   51.178873,  -99.764219,        0.506
  15,   24,   51.182239,  -99.608942,        0.066
  16,   24,   51.185493,  -99.453652,       -0.374
  17,   24,   51.188636,  -99.298351,       -0.634
  18,   24,   51.191668,  -99.143039,       -0.754
  19,   24,   51.194588,  -98.987715,       -0.834
  20,   24,   51.197396,  -98.832381,       -0.874
  21,   24,   51.200092,  -98.677038,       -0.804
  22,   24,   51.202677,  -98.521684,       -0.584
  23,   24,   51.205151,  -98.366321,       -0.364
  24,   24,   51.207512,  -98.210949,       -0.154
  25,   24,   51.209762,  -98.055569,        0.106
  26,   24,   51.211901,  -97.900181,        0.436
  27,   24,   51.213928,  -97.744785,        0.606
  28,   24,   51.215843,  -97.589382,        0.556
  29,   24,   51.217647,  -97.433973,        0.286
  30,   24,   51.219339,  -97.278556,        0.016
  31,   24,   51.220919,  -97.123134,        0.036
  32,   24,   51.222388,  -96.967706,        0.266
  33,   24,   51.223745,  -96.812274,        0.576
  34,   24,   51.224991,  -96.656836,        0.626
  35,   24,   51.226125,  -96.501394,        0.566
  36,   24,   51.227147,  -96.345948,        0.506
  37,   24,   51.228058,  -96.190498,        0.536
  38,   24,   51.228857,  -96.035046,        0.576
  39,   24,   51.229544,  -95.879590,        0.596
  40,   24,   51.230120,  -95.724132,        0.616
  41,   24,   51.230584,  -95.568673,        0.606
  42,   24,   51.230936,  -95.413212,        0.566
  43,   24,   51.231177,  -95.257750,        0.466
  44,   24,   51.231307,  -95.102287,        0.356
   1,   25,   51.222239, -101.789313,       -0.594
   2,   25,   51.227057, -101.634053,       -0.214
   3,   25,   51.231763, -101.478775,        0.066
   4,   25,   51.236357, -101.323480,        0.186
   5,   25,   51.240840, -101.168168,        0.246
   6,   25,   51.245211, -101.012841,        0.256
   7,   25,   51.249471, -100.857497,        0.216
   8,   25,   51.253619, -100.702138,        0.106
   9,   25,   51.257655, -100.546764,       -0.004
  10,   25,   51.261580, -100.391376,        0.046
  11,   25,   51.265394, -100.235973,        0.286
  12,   25,   51.269095, -100.080557,        0.616
  13,   25,   51.272685,  -99.925127,        0.636
  14,   25,   51.276164,  -99.769684,        0.436
  15,   25,   51.279530,  -99.614229,        0.126
  16,   25,   51.282786,  -99.458762,       -0.154
  17,   25,   51.285929,  -99.303283,       -0.224
  18,   25,   51.288961,  -99.147792,       -0.204
  19,   25,   51.291881,  -98.992291,       -0.224
  20,   25,   51.294690,  -98.836779,       -0.404
  21,   25,   51.297387,  -98.681257,       -0.574
  22,   25,   51.299973,  -98.525725,       -0.574
  23,   25,   51.302446,  -98.370184,       -0.494
  24,   25,   51.304808,  -98.214634,       -0.364
  25,   25,   51.307059,  -98.059076,       -0.124
  26,   25,   51.309198,  -97.903510,        0.166
  27,   25,   51.311225,  -97.747936,        0.326
  28,   25,   51.313141,  -97.592354,        0.296
  29,   25,   51.314945,  -97.436766,        0.006
  30,   25,   51.316637,  -97.281172,       -0.184
  31,   25,   51.318218,  -97.125571,       -0.054
  32,   25,   51.319687,  -96.969965,        0.326
  33,   25,   51.321044,  -96.814354,        0.746
  34,   25,   51.322290,  -96.658738,        0.686
  35,   25,   51.323424,  -96.503117,        0.546
  36,   25,   51.324447,  -96.347493,        0.456
  37,   25,   51.325357,  -96.191865,        0.486
  38,   25,   51.326157,  -96.036234,        0.466
  39,   25,   51.326844,  -95.880600,        0.416
  40,   25,   51.327420,  -95.724964,        0.346
  41,   25,   51.327884,  -95.569326,        0.286
  42,   25,   51.328237,  -95.413686,        0.236
  43,   25,   51.328478,  -95.258045,        0.186
  44,   25,   51.328607,  -95.102404,        0.126
   1,   26,   51.319426, -101.797103,       -0.144
   2,   26,   51.324245, -101.641665,        0.246
   3,   26,   51.328951, -101.486210,        0.426
   4,   26,   51.333547, -101.330737,        0.466
   5,   26,   51.338030, -101.175248,        0.456
   6,   26,   51.342402, -101.019743,        0.396
   7,   26,   51.346663, -100.864221,        0.256
   8,   26,   51.350812, -100.708684,       -0.014
   9,   26,   51.354849, -100.553132,       -0.234
  10,   26,   51.358774, -100.397566,       -0.314
  11,   26,   51.362588, -100.241985,       -0.184
  12,   26,   51.366290, -100.086391,        0.046
  13,   26,   51.369881,  -99.930783,        0.066
  14,   26,   51.373360,  -99.775162,       -0.004
  15,   26,   51.376728,  -99.619528,       -0.094
  16,   26,   51.379983,  -99.463883,       -0.114
  17,   26,   51.383127,  -99.308225,        0.006
  18,   26,   51.386160,  -99.152556,        0.186
  19,   26,   51.389081,  -98.996877,        0.296
  20,   26,   51.391890,  -98.841186,        0.076
  21,   26,   51.394587,  -98.685486,       -0.274
  22,   26,   51.397173,  -98.529776,       -0.484
  23,   26,   51.399647,  -98.374056,       -0.574
  24,   26,   51.402010,  -98.218328,       -0.564
  25,   26,   51.404261,  -98.062591,       -0.384
  26,   26,   51.406400,  -97.906846,       -0.144
  27,   26,   51.408428,  -97.751093,        0.006
  28,   26,   51.410344,  -97.595333,       -0.064
  29,   26,   51.412148,  -97.439566,       -0.374
  30,   26,   51.413841,  -97.283793,       -0.544
  31,   26,   51.415422,  -97.128014,       -0.404
  32,   26,   51.416891,  -96.972229,        0.056
  33,   26,   51.418249,  -96.816439,        0.576
  34,   26,   51.419495,  -96.660644,        0.646
  35,   26,   51.420629,  -96.504845,        0.546
  36,   26,   51.421652,  -96.349041,        0.376
  37,   26,   51.422562,  -96.193235,        0.296
  38,   26,   51.423362,  -96.037425,        0.196
  39,   26,   51.424049,  -95.881612,        0.066
  40,   26,   51.424625,  -95.725797,       -0.054
  41,   26,   51.425090,  -95.569980,       -0.154
  42,   26,   51.425442,  -95.414162,       -0.184
  43,   26,   51.425683,  -95.258342,       -0.204
  44,   26,   51.425813,  -95.102522,       -0.204
   1,   27,   51.416518, -101.804912,       -0.154
   2,   27,   51.421338, -101.649296,        0.286
   3,   27,   51.426046, -101.493662,        0.496
   4,   27,   51.430642, -101.338011,        0.506
   5,   27,   51.435126, -101.182344,        0.416
   6,   27,   51.439499, -101.026660,        0.236
   7,   27,   51.443760, -100.870960,       -0.054
   8,   27,   51.447909, -100.715245,       -0.434
   9,   27,   51.451947, -100.559515,       -0.754
  10,   27,   51.455874, -100.403770,       -0.954
  11,   27,   51.459688, -100.248011,       -0.954
  12,   27,   51.463391, -100.092238,       -0.924
  13,   27,   51.466982,  -99.936451,       -0.904
  14,   27,   51.470462,  -99.780652,       -0.784
  15,   27,   51.473830,  -99.624840,       -0.534
  16,   27,   51.477086,  -99.469015,       -0.294
  17,   27,   51.480231,  -99.313179,       -0.034
  18,   27,   51.483264,  -99.157332,        0.206
  19,   27,   51.486185,  -99.001473,        0.376
  20,   27,   51.488995,  -98.845604,        0.186
  21,   27,   51.491693,  -98.689724,       -0.174
  22,   27,   51.494279,  -98.533835,       -0.524
  23,   27,   51.496754,  -98.377937,       -0.814
  24,   27,   51.499117,  -98.222029,       -0.994
  25,   27,   51.501368,  -98.066114,       -0.934
  26,   27,   51.503508,  -97.910189,       -0.764
  27,   27,   51.505536,  -97.754258,       -0.584
  28,   27,   51.507452,  -97.598319,       -0.634
  29,   27,   51.509257,  -97.442373,       -0.934
  30,   27,   51.510949,  -97.286420,       -1.114
  31,   27,   51.512531,  -97.130462,       -1.024
  32,   27,   51.514000,  -96.974498,       -0.534
  33,   27,   51.515358,  -96.818529,        0.146
  34,   27,   51.516604,  -96.662555,        0.476
  35,   27,   51.517739,  -96.506576,        0.516
  36,   27,   51.518762,  -96.350594,        0.306
  37,   27,   51.519673,  -96.194608,        0.086
  38,   27,   51.520472,  -96.038618,       -0.124
  39,   27,   51.521160,  -95.882626,       -0.304
  40,   27,   51.521736,  -95.726632,       -0.454
  41,   27,   51.522200,  -95.570636,       -0.544
  42,   27,   51.522553,  -95.414638,       -0.584
  43,   27,   51.522794,  -95.258639,       -0.594
  44,   27,   51.522923,  -95.102640,       -0.574
   1,   28,   51.513516, -101.812738,       -0.674
   2,   28,   51.518336, -101.656943,       -0.264
   3,   28,   51.523045, -101.501131,        0.006
   4,   28,   51.527642, -101.345302,        0.116
   5,   28,   51.532127, -101.189456,        0.036
   6,   28,   51.536500, -101.033594,       -0.214
   7,   28,   51.540762, -100.877715,       -0.614
   8,   28,   51.544912, -100.721821,       -1.034
   9,   28,   51.548951, -100.565912,       -1.394
  10,   28,   51.552878, -100.409989,       -1.644
  11,   28,   51.556693, -100.254051,       -1.654
  12,   28,   51.560397, -100.098099,       -1.614
  13,   28,   51.563988,  -99.942133,       -1.504
  14,   28,   51.567469,  -99.786155,       -1.244
  15,   28,   51.570837,  -99.630163,       -0.744
  16,   28,   51.574094,  -99.474160,       -0.424
  17,   28,   51.577239,  -99.318145,       -0.194
  18,   28,   51.580273,  -99.162118,       -0.014
  19,   28,   51.583195,  -99.006080,        0.136
  20,   28,   51.586005,  -98.850031,       -0.034
  21,   28,   51.588703,  -98.693973,       -0.394
  22,   28,   51.591290,  -98.537904,       -0.864
  23,   28,   51.593765,  -98.381827,       -1.414
  24,   28,   51.596128,  -98.225740,       -1.844
  25,   28,   51.598380,  -98.069644,       -1.964
  26,   28,   51.600520,  -97.913541,       -1.854
  27,   28,   51.602548,  -97.757430,       -1.594
  28,   28,   51.604465,  -97.601311,       -1.594
  29,   28,   51.606270,  -97.445186,       -1.774
  30,   28,   51.607963,  -97.289054,       -1.884
  31,   28,   51.609545,  -97.132916,       -1.804
  32,   28,   51.611014,  -96.976772,       -1.264
  33,   28,   51.612372,  -96.820623,       -0.404
  34,   28,   51.613619,  -96.664470,        0.176
  35,   28,   51.614754,  -96.508312,        0.366
  36,   28,   51.615777,  -96.352149,        0.156
  37,   28,   51.616688,  -96.195984,       -0.134
  38,   28,   51.617487,  -96.039815,       -0.384
  39,   28,   51.618175,  -95.883643,       -0.594
  40,   28,   51.618751,  -95.727469,       -0.744
  41,   28,   51.619216,  -95.571293,       -0.834
  42,   28,   51.619569,  -95.415116,       -0.874
  43,   28,   51.619810,  -95.258937,       -0.884
  44,   28,   51.619939,  -95.102758,       -0.874
   1,   29,   51.610418, -101.820582,       -1.274
   2,   29,   51.615239, -101.664608,       -1.044
   3,   29,   51.619949, -101.508618,       -0.824
   4,   29,   51.624546, -101.352609,       -0.684
   5,   29,   51.629032, -101.196584,       -0.654
   6,   29,   51.633406, -101.040543,       -0.844
   7,   29,   51.637669, -100.884486,       -1.194
   8,   29,   51.641820, -100.728413,       -1.544
   9,   29,   51.645859, -100.572324,       -1.814
  10,   29,   51.649787, -100.416222,       -1.994
  11,   29,   51.653603, -100.260104,       -1.924
  12,   29,   51.657307, -100.103973,       -1.714
  13,   29,   51.660899,  -99.947828,       -1.344
  14,   29,   51.664380,  -99.791670,       -0.844
  15,   29,   51.667749,  -99.635499,       -0.424
  16,   29,   51.671007,  -99.479316,       -0.324
  17,   29,   51.674152,  -99.323121,       -0.354
  18,   29,   51.677186,  -99.166915,       -0.374
  19,   29,   51.680109,  -99.010698,       -0.344
  20,   29,   51.682919,  -98.854469,       -0.564
  21,   29,   51.685618,  -98.698231,       -0.984
  22,   29,   51.688205,  -98.541983,       -1.554
  23,   29,   51.690681,  -98.385725,       -2.314
  24,   29,   51.693045,  -98.229459,       -2.974
  25,   29,   51.695297,  -98.073184,       -3.264
  26,   29,   51.697437,  -97.916900,       -3.194
  27,   29,   51.699466,  -97.760609,       -2.814
  28,   29,   51.701382,  -97.604311,       -2.794
  29,   29,   51.703188,  -97.448005,       -2.864
  30,   29,   51.704881,  -97.291693,       -2.844
  31,   29,   51.706463,  -97.135375,       -2.534
  32,   29,   51.707933,  -96.979052,       -1.794
  33,   29,   51.709291,  -96.822723,       -0.834
  34,   29,   51.710538,  -96.666389,       -0.114
  35,   29,   51.711673,  -96.510051,        0.136
  36,   29,   51.712696,  -96.353709,       -0.094
  37,   29,   51.713607,  -96.197363,       -0.364
  38,   29,   51.714407,  -96.041014,       -0.604
  39,   29,   51.715095,  -95.884662,       -0.804
  40,   29,   51.715671,  -95.728308,       -0.944
  41,   29,   51.716136,  -95.571952,       -1.024
  42,   29,   51.716489,  -95.415595,       -1.064
  43,   29,   51.716730,  -95.259236,       -1.084
  44,   29,   51.716859,  -95.102877,       -1.094
   1,   30,   51.707225, -101.828444,       -1.674
   2,   30,   51.712047, -101.672291,       -1.704
   3,   30,   51.716757, -101.516121,       -1.604
   4,   30,   51.721355, -101.359934,       -1.464
   5,   30,   51.725842, -101.203729,       -1.354
   6,   30,   51.730217, -101.047509,       -1.414
   7,   30,   51.734480, -100.891272,       -1.584
   8,   30,   51.738632, -100.735019,       -1.744
   9,   30,   51.742672, -100.578751,       -1.864
  10,   30,   51.746600, -100.422469,       -1.934
  11,   30,   51.750417, -100.266172,       -1.894
  12,   30,   51.754121, -100.109861,       -1.624
  13,   30,   51.757714,  -99.953536,       -1.094
  14,   30,   51.761196,  -99.797198,       -0.374
  15,   30,   51.764565,  -99.640848,       -0.104
  16,   30,   51.767823,  -99.484485,       -0.244
  17,   30,   51.770970,  -99.328110,       -0.574
  18,   30,   51.774004,  -99.171723,       -0.814
  19,   30,   51.776927,  -99.015326,       -0.924
  20,   30,   51.779738,  -98.858918,       -1.234
  21,   30,   51.782437,  -98.702499,       -1.704
  22,   30,   51.785025,  -98.546071,       -2.294
  23,   30,   51.787501,  -98.389633,       -3.064
  24,   30,   51.789865,  -98.233186,       -3.854
  25,   30,   51.792117,  -98.076731,       -4.274
  26,   30,   51.794258,  -97.920267,       -4.234
  27,   30,   51.796287,  -97.763796,       -3.834
  28,   30,   51.798204,  -97.607317,       -3.784
  29,   30,   51.800010,  -97.450831,       -3.814
  30,   30,   51.801704,  -97.294339,       -3.724
  31,   30,   51.803286,  -97.137841,       -3.064
  32,   30,   51.804756,  -96.981337,       -1.974
  33,   30,   51.806114,  -96.824827,       -0.964
  34,   30,   51.807361,  -96.668313,       -0.314
  35,   30,   51.808496,  -96.511794,       -0.174
  36,   30,   51.809520,  -96.355272,       -0.374
  37,   30,   51.810431,  -96.198745,       -0.584
  38,   30,   51.811231,  -96.042216,       -0.774
  39,   30,   51.811919,  -95.885684,       -0.944
  40,   30,   51.812495,  -95.729149,       -1.064
  41,   30,   51.812960,  -95.572613,       -1.144
  42,   30,   51.813313,  -95.416074,       -1.184
  43,   30,   51.813554,  -95.259535,       -1.214
  44,   30,   51.813684,  -95.102995,       -1.214
   1,   31,   51.803936, -101.836324,       -1.794
   2,   31,   51.808759, -101.679992,       -2.084
   3,   31,   51.813470, -101.523642,       -2.184
   4,   31,   51.818069, -101.367275,       -2.124
   5,   31,   51.822556, -101.210891,       -1.964
   6,   31,   51.826932, -101.054490,       -1.854
   7,   31,   51.831196, -100.898073,       -1.794
   8,   31,   51.835348, -100.741641,       -1.744
   9,   31,   51.839389, -100.585193,       -1.684
  10,   31,   51.843317, -100.428730,       -1.804
  11,   31,   51.847135, -100.272253,       -1.944
  12,   31,   51.850840, -100.115762,       -1.804
  13,   31,   51.854434,  -99.959257,       -1.234
  14,   31,   51.857916,  -99.802739,       -0.504
  15,   31,   51.861286,  -99.646208,       -0.334
  16,   31,   51.864544,  -99.489665,       -0.534
  17,   31,   51.867691,  -99.333110,       -0.934
  18,   31,   51.870726,  -99.176543,       -1.204
  19,   31,   51.873649,  -99.019965,       -1.434
  20,   31,   51.876461,  -98.863376,       -1.804
  21,   31,   51.879161,  -98.706777,       -2.284
  22,   31,   51.881749,  -98.550168,       -2.784
  23,   31,   51.884225,  -98.393550,       -3.464
  24,   31,   51.886589,  -98.236922,       -4.094
  25,   31,   51.888842,  -98.080286,       -4.504
  26,   31,   51.890983,  -97.923642,       -4.514
  27,   31,   51.893012,  -97.766990,       -4.354
  28,   31,   51.894930,  -97.610330,       -4.374
  29,   31,   51.896736,  -97.453664,       -4.444
  30,   31,   51.898430,  -97.296991,       -4.404
  31,   31,   51.900012,  -97.140312,       -3.414
  32,   31,   51.901483,  -96.983627,       -2.124
  33,   31,   51.902841,  -96.826937,       -1.024
  34,   31,   51.904088,  -96.670241,       -0.454
  35,   31,   51.905224,  -96.513542,       -0.494
  36,   31,   51.906247,  -96.356838,       -0.654
  37,   31,   51.907159,  -96.200131,       -0.824
  38,   31,   51.907959,  -96.043421,       -0.964
  39,   31,   51.908647,  -95.886708,       -1.074
  40,   31,   51.909224,  -95.729992,       -1.144
  41,   31,   51.909688,  -95.573274,       -1.204
  42,   31,   51.910041,  -95.416555,       -1.234
  43,   31,   51.910282,  -95.259835,       -1.244
  44,   31,   51.910412,  -95.103114,       -1.244
   1,   32,   51.900551, -101.844222,       -1.604
   2,   32,   51.905374, -101.687710,       -2.104
   3,   32,   51.910086, -101.531180,       -2.444
   4,   32,   51.914686, -101.374633,       -2.614
   5,   32,   51.919174, -101.218069,       -2.514
   6,   32,   51.923550, -101.061488,       -2.274
   7,   32,   51.927815, -100.904891,       -2.014
   8,   32,   51.931968, -100.748278,       -1.764
   9,   32,   51.936009, -100.591650,       -1.624
  10,   32,   51.939939, -100.435006,       -1.944
  11,   32,   51.943756, -100.278349,       -2.284
  12,   32,   51.947462, -100.121677,       -2.324
  13,   32,   51.951057,  -99.964991,       -1.744
  14,   32,   51.954539,  -99.808293,       -1.004
  15,   32,   51.957910,  -99.651581,       -0.794
  16,   32,   51.961169,  -99.494857,       -0.934
  17,   32,   51.964316,  -99.338121,       -1.244
  18,   32,   51.967352,  -99.181373,       -1.484
  19,   32,   51.970275,  -99.024614,       -1.784
  20,   32,   51.973087,  -98.867845,       -2.184
  21,   32,   51.975787,  -98.711065,       -2.674
  22,   32,   51.978376,  -98.554275,       -3.124
  23,   32,   51.980853,  -98.397476,       -3.624
  24,   32,   51.983217,  -98.240667,       -4.064
  25,   32,   51.985471,  -98.083850,       -4.394
  26,   32,   51.987612,  -97.927024,       -4.564
  27,   32,   51.989642,  -97.770191,       -4.634
  28,   32,   51.991559,  -97.613351,       -4.764
  29,   32,   51.993366,  -97.456503,       -4.894
  30,   32,   51.995060,  -97.299649,       -4.664
  31,   32,   51.996642,  -97.142788,       -3.454
  32,   32,   51.998113,  -96.985922,       -2.154
  33,   32,   51.999472,  -96.829051,       -1.144
  34,   32,   52.000719,  -96.672174,       -0.704
  35,   32,   52.001855,  -96.515293,       -0.804
  36,   32,   52.002878,  -96.358409,       -0.944
  37,   32,   52.003790,  -96.201520,       -1.074
  38,   32,   52.004590,  -96.044628,       -1.164
  39,   32,   52.005279,  -95.887734,       -1.204
  40,   32,   52.005855,  -95.730837,       -1.214
  41,   32,   52.006320,  -95.573938,       -1.224
  42,   32,   52.006673,  -95.417037,       -1.214
  43,   32,   52.006914,  -95.260136,       -1.204
  44,   32,   52.007044,  -95.103234,       -1.204
   1,   33,   51.997070, -101.852139,       -1.144
   2,   33,   52.001894, -101.695447,       -1.724
   3,   33,   52.006606, -101.538736,       -2.314
   4,   33,   52.011207, -101.382008,       -2.824
   5,   33,   52.015695, -101.225263,       -2.914
   6,   33,   52.020073, -101.068502,       -2.694
   7,   33,   52.024338, -100.911724,       -2.314
   8,   33,   52.028492, -100.754930,       -1.904
   9,   33,   52.032533, -100.598121,       -1.814
  10,   33,   52.036463, -100.441297,       -2.254
  11,   33,   52.040282, -100.284458,       -2.724
  12,   33,   52.043988, -100.127606,       -2.914
  13,   33,   52.047583,  -99.970739,       -2.324
  14,   33,   52.051066,  -99.813859,       -1.584
  15,   33,   52.054437,  -99.656966,       -1.254
  16,   33,   52.057697,  -99.500061,       -1.284
  17,   33,   52.060845,  -99.343144,       -1.494
  18,   33,   52.063881,  -99.186215,       -1.744
  19,   33,   52.066805,  -99.029275,       -2.074
  20,   33,   52.069617,  -98.872324,       -2.494
  21,   33,   52.072318,  -98.715363,       -2.984
  22,   33,   52.074907,  -98.558391,       -3.454
  23,   33,   52.077384,  -98.401410,       -3.854
  24,   33,   52.079749,  -98.244420,       -4.204
  25,   33,   52.082002,  -98.087422,       -4.514
  26,   33,   52.084144,  -97.930415,       -4.834
  27,   33,   52.086174,  -97.773400,       -5.024
  28,   33,   52.088092,  -97.616378,       -5.224
  29,   33,   52.089899,  -97.459349,       -5.344
  30,   33,   52.091593,  -97.302313,       -4.574
  31,   33,   52.093176,  -97.145271,       -3.214
  32,   33,   52.094647,  -96.988223,       -1.954
  33,   33,   52.096006,  -96.831170,       -1.144
  34,   33,   52.097254,  -96.674112,       -0.954
  35,   33,   52.098389,  -96.517049,       -1.064
  36,   33,   52.099413,  -96.359982,       -1.194
  37,   33,   52.100325,  -96.202912,       -1.284
  38,   33,   52.101125,  -96.045839,       -1.314
  39,   33,   52.101814,  -95.888762,       -1.324
  40,   33,   52.102390,  -95.731684,       -1.314
  41,   33,   52.102855,  -95.574603,       -1.284
  42,   33,   52.103208,  -95.417521,       -1.234
  43,   33,   52.103449,  -95.260437,       -1.194
  44,   33,   52.103579,  -95.103353,       -1.174
   1,   34,   52.093491, -101.860074,       -0.714
   2,   34,   52.098316, -101.703201,       -1.214
   3,   34,   52.103029, -101.546309,       -1.904
   4,   34,   52.107631, -101.389401,       -2.694
   5,   34,   52.112120, -101.232475,       -3.064
   6,   34,   52.116498, -101.075532,       -3.034
   7,   34,   52.120764, -100.918573,       -2.724
   8,   34,   52.124918, -100.761598,       -2.254
   9,   34,   52.128961, -100.604608,       -2.204
  10,   34,   52.132891, -100.447602,       -2.554
  11,   34,   52.136710, -100.290582,       -3.014
  12,   34,   52.140417, -100.133548,       -3.304
  13,   34,   52.144013,  -99.976500,       -2.814
  14,   34,   52.147496,  -99.819439,       -2.174
  15,   34,   52.150868,  -99.662364,       -1.724
  16,   34,   52.154128,  -99.505277,       -1.584
  17,   34,   52.157276,  -99.348179,       -1.714
  18,   34,   52.160313,  -99.191068,       -1.984
  19,   34,   52.163237,  -99.033946,       -2.354
  20,   34,   52.166050,  -98.876813,       -2.814
  21,   34,   52.168751,  -98.719670,       -3.284
  22,   34,   52.171341,  -98.562517,       -3.784
  23,   34,   52.173818,  -98.405354,       -4.194
  24,   34,   52.176184,  -98.248183,       -4.554
  25,   34,   52.178437,  -98.091002,       -4.934
  26,   34,   52.180579,  -97.933813,       -5.234
  27,   34,   52.182610,  -97.776616,       -5.504
  28,   34,   52.184528,  -97.619412,       -5.714
  29,   34,   52.186335,  -97.462201,       -5.574
  30,   34,   52.188030,  -97.304983,       -4.314
  31,   34,   52.189613,  -97.147759,       -2.894
  32,   34,   52.191084,  -96.990529,       -1.704
  33,   34,   52.192443,  -96.833294,       -1.074
  34,   34,   52.193691,  -96.676053,       -1.084
  35,   34,   52.194827,  -96.518809,       -1.214
  36,   34,   52.195851,  -96.361560,       -1.354
  37,   34,   52.196763,  -96.204307,       -1.414
  38,   34,   52.197563,  -96.047052,       -1.434
  39,   34,   52.198252,  -95.889793,       -1.434
  40,   34,   52.198828,  -95.732532,       -1.434
  41,   34,   52.199293,  -95.575269,       -1.424
  42,   34,   52.199646,  -95.418005,       -1.374
  43,   34,   52.199888,  -95.260739,       -1.324
  44,   34,   52.200017,  -95.103473,       -1.294
   1,   35,   52.189816, -101.868027,       -0.614
   2,   35,   52.194642, -101.710973,       -0.964
   3,   35,   52.199356, -101.553900,       -1.604
   4,   35,   52.203958, -101.396810,       -2.454
   5,   35,   52.208448, -101.239702,       -3.074
   6,   35,   52.212826, -101.082578,       -3.304
   7,   35,   52.217093, -100.925438,       -3.184
   8,   35,   52.221248, -100.768281,       -2.824
   9,   35,   52.225291, -100.611109,       -2.714
  10,   35,   52.229222, -100.453922,       -2.844
  11,   35,   52.233042, -100.296720,       -3.094
  12,   35,   52.236750, -100.139504,       -3.384
  13,   35,   52.240345,  -99.982274,       -3.184
  14,   35,   52.243829,  -99.825031,       -2.704
  15,   35,   52.247202,  -99.667775,       -2.174
  16,   35,   52.250462,  -99.510506,       -1.844
  17,   35,   52.253611,  -99.353225,       -1.914
  18,   35,   52.256648,  -99.195932,       -2.164
  19,   35,   52.259573,  -99.038628,       -2.554
  20,   35,   52.262386,  -98.881313,       -3.054
  21,   35,   52.265088,  -98.723988,       -3.574
  22,   35,   52.267677,  -98.566653,       -4.024
  23,   35,   52.270155,  -98.409308,       -4.444
  24,   35,   52.272521,  -98.251953,       -4.884
  25,   35,   52.274775,  -98.094591,       -5.304
  26,   35,   52.276918,  -97.937219,       -5.634
  27,   35,   52.278948,  -97.779840,       -5.934
  28,   35,   52.280867,  -97.622453,       -6.094
  29,   35,   52.282674,  -97.465060,       -5.444
  30,   35,   52.284369,  -97.307659,       -4.054
  31,   35,   52.285952,  -97.150253,       -2.634
  32,   35,   52.287424,  -96.992840,       -1.534
  33,   35,   52.288783,  -96.835422,       -1.114
  34,   35,   52.290031,  -96.678000,       -1.154
  35,   35,   52.291167,  -96.520572,       -1.294
  36,   35,   52.292191,  -96.363141,       -1.424
  37,   35,   52.293103,  -96.205706,       -1.494
  38,   35,   52.293904,  -96.048268,       -1.524
  39,   35,   52.294592,  -95.890827,       -1.554
  40,   35,   52.295169,  -95.733383,       -1.574
  41,   35,   52.295634,  -95.575938,       -1.584
  42,   35,   52.295987,  -95.418490,       -1.574
  43,   35,   52.296229,  -95.261042,       -1.564
  44,   35,   52.296358,  -95.103593,       -1.554
   1,   36,   52.286044, -101.875999,       -1.034
   2,   36,   52.290870, -101.718763,       -1.254
   3,   36,   52.295585, -101.561509,       -1.674
   4,   36,   52.300188, -101.404236,       -2.434
   5,   36,   52.304678, -101.246947,       -3.114
   6,   36,   52.309058, -101.089641,       -3.524
   7,   36,   52.313325, -100.932318,       -3.594
   8,   36,   52.317480, -100.774980,       -3.354
   9,   36,   52.321524, -100.617626,       -3.194
  10,   36,   52.325456, -100.460256,       -3.174
  11,   36,   52.329276, -100.302872,       -3.284
  12,   36,   52.332984, -100.145474,       -3.484
  13,   36,   52.336581,  -99.988062,       -3.394
  14,   36,   52.340065,  -99.830636,       -3.014
  15,   36,   52.343438,  -99.673198,       -2.454
  16,   36,   52.346699,  -99.515746,       -2.084
  17,   36,   52.349848,  -99.358283,       -2.074
  18,   36,   52.352885,  -99.200808,       -2.294
  19,   36,   52.355811,  -99.043321,       -2.694
  20,   36,   52.358625,  -98.885824,       -3.224
  21,   36,   52.361326,  -98.728316,       -3.704
  22,   36,   52.363916,  -98.570798,       -4.124
  23,   36,   52.366395,  -98.413270,       -4.574
  24,   36,   52.368761,  -98.255733,       -5.124
  25,   36,   52.371016,  -98.098187,       -5.534
  26,   36,   52.373158,  -97.940633,       -5.924
  27,   36,   52.375189,  -97.783071,       -6.234
  28,   36,   52.377108,  -97.625502,       -6.344
  29,   36,   52.378915,  -97.467925,       -5.274
  30,   36,   52.380611,  -97.310342,       -3.794
  31,   36,   52.382194,  -97.152752,       -2.394
  32,   36,   52.383666,  -96.995157,       -1.434
  33,   36,   52.385025,  -96.837556,       -1.184
  34,   36,   52.386273,  -96.679950,       -1.214
  35,   36,   52.387410,  -96.522340,       -1.334
  36,   36,   52.388434,  -96.364726,       -1.434
  37,   36,   52.389346,  -96.207108,       -1.514
  38,   36,   52.390147,  -96.049486,       -1.584
  39,   36,   52.390836,  -95.891862,       -1.644
  40,   36,   52.391412,  -95.734236,       -1.694
  41,   36,   52.391878,  -95.576607,       -1.734
  42,   36,   52.392231,  -95.418977,       -1.764
  43,   36,   52.392472,  -95.261346,       -1.784
  44,   36,   52.392602,  -95.103714,       -1.804
   1,   37,   52.382174, -101.883990,       -1.914
   2,   37,   52.387001, -101.726571,       -1.954
   3,   37,   52.391716, -101.569135,       -2.134
   4,   37,   52.396320, -101.411680,       -2.654
   5,   37,   52.400811, -101.254209,       -3.204
   6,   37,   52.405191, -101.096720,       -3.644
   7,   37,   52.409459, -100.939215,       -3.834
   8,   37,   52.413615, -100.781694,       -3.704
   9,   37,   52.417659, -100.624157,       -3.574
  10,   37,   52.421592, -100.466606,       -3.534
  11,   37,   52.425412, -100.309039,       -3.634
  12,   37,   52.429121, -100.151458,       -3.774
  13,   37,   52.432718,  -99.993863,       -3.594
  14,   37,   52.436203,  -99.836255,       -3.144
  15,   37,   52.439577,  -99.678633,       -2.554
  16,   37,   52.442838,  -99.520999,       -2.224
  17,   37,   52.445988,  -99.363353,       -2.204
  18,   37,   52.449025,  -99.205695,       -2.414
  19,   37,   52.451951,  -99.048025,       -2.794
  20,   37,   52.454765,  -98.890345,       -3.294
  21,   37,   52.457468,  -98.732653,       -3.744
  22,   37,   52.460058,  -98.574952,       -4.224
  23,   37,   52.462537,  -98.417242,       -4.784
  24,   37,   52.464903,  -98.259521,       -5.344
  25,   37,   52.467158,  -98.101793,       -5.724
  26,   37,   52.469301,  -97.944055,       -6.114
  27,   37,   52.471332,  -97.786310,       -6.424
  28,   37,   52.473251,  -97.628557,       -6.274
  29,   37,   52.475059,  -97.470797,       -5.114
  30,   37,   52.476754,  -97.313031,       -3.664
  31,   37,   52.478338,  -97.155258,       -2.294
  32,   37,   52.479810,  -96.997479,       -1.494
  33,   37,   52.481170,  -96.839695,       -1.294
  34,   37,   52.482418,  -96.681906,       -1.294
  35,   37,   52.483554,  -96.524112,       -1.374
  36,   37,   52.484579,  -96.366314,       -1.464
  37,   37,   52.485491,  -96.208513,       -1.534
  38,   37,   52.486292,  -96.050708,       -1.604
  39,   37,   52.486981,  -95.892900,       -1.694
  40,   37,   52.487558,  -95.735090,       -1.784
  41,   37,   52.488023,  -95.577278,       -1.854
  42,   37,   52.488376,  -95.419465,       -1.904
  43,   37,   52.488618,  -95.261650,       -1.954
  44,   37,   52.488747,  -95.103835,       -1.984
   1,   38,   52.478206, -101.891999,       -2.764
   2,   38,   52.483034, -101.734398,       -2.644
   3,   38,   52.487750, -101.576778,       -2.654
   4,   38,   52.492354, -101.419141,       -2.894
   5,   38,   52.496846, -101.261487,       -3.254
   6,   38,   52.501227, -101.103816,       -3.624
   7,   38,   52.505495, -100.946128,       -3.844
   8,   38,   52.509652, -100.788424,       -3.844
   9,   38,   52.513697, -100.630704,       -3.784
  10,   38,   52.517630, -100.472970,       -3.754
  11,   38,   52.521451, -100.315220,       -3.914
  12,   38,   52.525160, -100.157456,       -4.014
  13,   38,   52.528758,  -99.999678,       -3.794
  14,   38,   52.532243,  -99.841886,       -3.284
  15,   38,   52.535617,  -99.684081,       -2.644
  16,   38,   52.538879,  -99.526264,       -2.334
  17,   38,   52.542029,  -99.368434,       -2.314
  18,   38,   52.545067,  -99.210593,       -2.544
  19,   38,   52.547994,  -99.052740,       -2.944
  20,   38,   52.550808,  -98.894876,       -3.424
  21,   38,   52.553511,  -98.737001,       -3.884
  22,   38,   52.556101,  -98.579117,       -4.384
  23,   38,   52.558580,  -98.421222,       -4.994
  24,   38,   52.560947,  -98.263319,       -5.504
  25,   38,   52.563203,  -98.105406,       -5.904
  26,   38,   52.565346,  -97.947485,       -6.254
  27,   38,   52.567377,  -97.789556,       -6.564
  28,   38,   52.569297,  -97.631620,       -6.074
  29,   38,   52.571105,  -97.473676,       -4.934
  30,   38,   52.572800,  -97.315726,       -3.604
  31,   38,   52.574384,  -97.157769,       -2.444
  32,   38,   52.575856,  -96.999807,       -1.754
  33,   38,   52.577217,  -96.841839,       -1.484
  34,   38,   52.578465,  -96.683866,       -1.434
  35,   38,   52.579601,  -96.525888,       -1.464
  36,   38,   52.580626,  -96.367907,       -1.534
  37,   38,   52.581539,  -96.209921,       -1.594
  38,   38,   52.582339,  -96.051933,       -1.664
  39,   38,   52.583028,  -95.893941,       -1.754
  40,   38,   52.583605,  -95.735947,       -1.854
  41,   38,   52.584071,  -95.577951,       -1.954
  42,   38,   52.584424,  -95.419954,       -2.034
  43,   38,   52.584665,  -95.261955,       -2.094
  44,   38,   52.584795,  -95.103956,       -2.124
   1,   39,   52.574141, -101.900026,       -3.094
   2,   39,   52.578969, -101.742242,       -2.934
   3,   39,   52.583686, -101.584440,       -2.824
   4,   39,   52.588290, -101.426620,       -2.844
   5,   39,   52.592783, -101.268782,       -2.994
   6,   39,   52.597164, -101.110928,       -3.304
   7,   39,   52.601433, -100.953057,       -3.614
   8,   39,   52.605591, -100.795170,       -3.724
   9,   39,   52.609636, -100.637267,       -3.764
  10,   39,   52.613570, -100.479348,       -3.784
  11,   39,   52.617391, -100.321415,       -3.994
  12,   39,   52.621101, -100.163468,       -4.044
  13,   39,   52.624699, -100.005506,       -3.804
  14,   39,   52.628185,  -99.847531,       -3.284
  15,   39,   52.631559,  -99.689542,       -2.734
  16,   39,   52.634822,  -99.531541,       -2.464
  17,   39,   52.637972,  -99.373528,       -2.464
  18,   39,   52.641011,  -99.215502,       -2.694
  19,   39,   52.643938,  -99.057466,       -3.114
  20,   39,   52.646753,  -98.899418,       -3.544
  21,   39,   52.649456,  -98.741359,       -3.984
  22,   39,   52.652047,  -98.583291,       -4.464
  23,   39,   52.654526,  -98.425212,       -5.084
  24,   39,   52.656893,  -98.267125,       -5.624
  25,   39,   52.659149,  -98.109028,       -6.044
  26,   39,   52.661292,  -97.950923,       -6.324
  27,   39,   52.663324,  -97.792810,       -6.494
  28,   39,   52.665244,  -97.634690,       -5.844
  29,   39,   52.667052,  -97.476562,       -4.804
  30,   39,   52.668748,  -97.318427,       -3.614
  31,   39,   52.670332,  -97.160286,       -2.634
  32,   39,   52.671804,  -97.002140,       -2.054
  33,   39,   52.673165,  -96.843987,       -1.744
  34,   39,   52.674413,  -96.685830,       -1.624
  35,   39,   52.675550,  -96.527668,       -1.624
  36,   39,   52.676575,  -96.369503,       -1.664
  37,   39,   52.677487,  -96.211333,       -1.714
  38,   39,   52.678288,  -96.053160,       -1.764
  39,   39,   52.678977,  -95.894984,       -1.854
  40,   39,   52.679554,  -95.736806,       -1.964
  41,   39,   52.680020,  -95.578625,       -2.064
  42,   39,   52.680373,  -95.420444,       -2.154
  43,   39,   52.680615,  -95.262261,       -2.224
  44,   39,   52.680744,  -95.104077,       -2.254
   1,   40,   52.669977, -101.908072,       -2.764
   2,   40,   52.674806, -101.750105,       -2.664
   3,   40,   52.679523, -101.592119,       -2.524
   4,   40,   52.684128, -101.434116,       -2.404
   5,   40,   52.688622, -101.276095,       -2.374
   6,   40,   52.693003, -101.118057,       -2.484
   7,   40,   52.697273, -100.960002,       -2.834
   8,   40,   52.701431, -100.801931,       -3.154
   9,   40,   52.705477, -100.643844,       -3.434
  10,   40,   52.709411, -100.485742,       -3.644
  11,   40,   52.713233, -100.327625,       -3.864
  12,   40,   52.716943, -100.169493,       -3.854
  13,   40,   52.720542, -100.011348,       -3.574
  14,   40,   52.724029,  -99.853189,       -3.064
  15,   40,   52.727403,  -99.695016,       -2.714
  16,   40,   52.730666,  -99.536831,       -2.584
  17,   40,   52.733817,  -99.378633,       -2.654
  18,   40,   52.736856,  -99.220424,       -2.874
  19,   40,   52.739783,  -99.062203,       -3.194
  20,   40,   52.742598,  -98.903970,       -3.504
  21,   40,   52.745302,  -98.745728,       -3.834
  22,   40,   52.747893,  -98.587475,       -4.324
  23,   40,   52.750373,  -98.429212,       -5.054
  24,   40,   52.752741,  -98.270940,       -5.654
  25,   40,   52.754996,  -98.112659,       -6.074
  26,   40,   52.757140,  -97.954369,       -6.264
  27,   40,   52.759172,  -97.796072,       -6.174
  28,   40,   52.761092,  -97.637766,       -5.554
  29,   40,   52.762900,  -97.479454,       -4.634
  30,   40,   52.764597,  -97.321135,       -3.614
  31,   40,   52.766181,  -97.162809,       -2.804
  32,   40,   52.767654,  -97.004478,       -2.304
  33,   40,   52.769014,  -96.846141,       -2.004
  34,   40,   52.770263,  -96.687799,       -1.844
  35,   40,   52.771400,  -96.529453,       -1.844
  36,   40,   52.772424,  -96.371102,       -1.854
  37,   40,   52.773337,  -96.212748,       -1.874
  38,   40,   52.774138,  -96.054390,       -1.904
  39,   40,   52.774828,  -95.896029,       -1.984
  40,   40,   52.775405,  -95.737666,       -2.094
  41,   40,   52.775870,  -95.579301,       -2.194
  42,   40,   52.776224,  -95.420935,       -2.294
  43,   40,   52.776465,  -95.262567,       -2.374
  44,   40,   52.776595,  -95.104198,       -2.414
   1,   41,   52.765714, -101.916137,       -2.074
   2,   41,   52.770543, -101.757986,       -2.024
   3,   41,   52.775261, -101.599817,       -1.914
   4,   41,   52.779867, -101.441629,       -1.784
   5,   41,   52.784361, -101.283424,       -1.674
   6,   41,   52.788743, -101.125202,       -1.634
   7,   41,   52.793014, -100.966963,       -1.884
   8,   41,   52.797172, -100.808708,       -2.314
   9,   41,   52.801219, -100.650437,       -2.874
  10,   41,   52.805153, -100.492151,       -3.304
  11,   41,   52.808976, -100.333849,       -3.554
  12,   41,   52.812687, -100.175533,       -3.534
  13,   41,   52.816286, -100.017203,       -3.274
  14,   41,   52.819773,  -99.858860,       -2.824
  15,   41,   52.823148,  -99.700503,       -2.624
  16,   41,   52.826411,  -99.542133,       -2.614
  17,   41,   52.829563,  -99.383750,       -2.754
  18,   41,   52.832602,  -99.225356,       -3.044
  19,   41,   52.835530,  -99.066950,       -3.204
  20,   41,   52.838345,  -98.908534,       -3.354
  21,   41,   52.841049,  -98.750106,       -3.604
  22,   41,   52.843641,  -98.591668,       -4.144
  23,   41,   52.846121,  -98.433221,       -4.944
  24,   41,   52.848489,  -98.274764,       -5.554
  25,   41,   52.850745,  -98.116298,       -5.914
  26,   41,   52.852889,  -97.957823,       -6.004
  27,   41,   52.854921,  -97.799341,       -5.724
  28,   41,   52.856842,  -97.640851,       -5.114
  29,   41,   52.858650,  -97.482353,       -4.304
  30,   41,   52.860347,  -97.323849,       -3.444
  31,   41,   52.861931,  -97.165338,       -2.844
  32,   41,   52.863404,  -97.006822,       -2.474
  33,   41,   52.864765,  -96.848300,       -2.244
  34,   41,   52.866014,  -96.689773,       -2.104
  35,   41,   52.867151,  -96.531241,       -2.084
  36,   41,   52.868176,  -96.372706,       -2.064
  37,   41,   52.869089,  -96.214166,       -2.054
  38,   41,   52.869890,  -96.055623,       -2.064
  39,   41,   52.870579,  -95.897077,       -2.144
  40,   41,   52.871156,  -95.738529,       -2.254
  41,   41,   52.871622,  -95.579979,       -2.364
  42,   41,   52.871975,  -95.421427,       -2.484
  43,   41,   52.872217,  -95.262874,       -2.564
  44,   41,   52.872346,  -95.104320,       -2.634
   1,   42,   52.861352, -101.924221,       -1.454
   2,   42,   52.866182, -101.765886,       -1.394
   3,   42,   52.870901, -101.607532,       -1.334
   4,   42,   52.875507, -101.449160,       -1.264
   5,   42,   52.880002, -101.290771,       -1.184
   6,   42,   52.884385, -101.132364,       -1.094
   7,   42,   52.888656, -100.973941,       -1.244
   8,   42,   52.892815, -100.815501,       -1.614
   9,   42,   52.896862, -100.657045,       -2.184
  10,   42,   52.900797, -100.498574,       -2.694
  11,   42,   52.904620, -100.340088,       -3.064
  12,   42,   52.908331, -100.181587,       -3.184
  13,   42,   52.911931, -100.023072,       -3.024
  14,   42,   52.915418,  -99.864544,       -2.654
  15,   42,   52.918794,  -99.706002,       -2.484
  16,   42,   52.922058,  -99.547447,       -2.464
  17,   42,   52.925210,  -99.388880,       -2.604
  18,   42,   52.928249,  -99.230300,       -2.844
  19,   42,   52.931177,  -99.071710,       -3.064
  20,   42,   52.933993,  -98.913107,       -3.254
  21,   42,   52.936697,  -98.754495,       -3.524
  22,   42,   52.939290,  -98.595872,       -4.054
  23,   42,   52.941770,  -98.437239,       -4.734
  24,   42,   52.944138,  -98.278597,       -5.264
  25,   42,   52.946395,  -98.119945,       -5.564
  26,   42,   52.948539,  -97.961285,       -5.624
  27,   42,   52.950572,  -97.802618,       -5.274
  28,   42,   52.952492,  -97.643942,       -4.614
  29,   42,   52.954301,  -97.485259,       -3.764
  30,   42,   52.955998,  -97.326569,       -3.134
  31,   42,   52.957582,  -97.167873,       -2.774
  32,   42,   52.959055,  -97.009171,       -2.564
  33,   42,   52.960416,  -96.850464,       -2.444
  34,   42,   52.961665,  -96.691751,       -2.344
  35,   42,   52.962802,  -96.533034,       -2.294
  36,   42,   52.963827,  -96.374313,       -2.254
  37,   42,   52.964741,  -96.215588,       -2.224
  38,   42,   52.965542,  -96.056859,       -2.234
  39,   42,   52.966231,  -95.898128,       -2.314
  40,   42,   52.966808,  -95.739394,       -2.434
  41,   42,   52.967274,  -95.580658,       -2.584
  42,   42,   52.967627,  -95.421920,       -2.724
  43,   42,   52.967869,  -95.263182,       -2.834
  44,   42,   52.967999,  -95.104442,       -2.914
