   X,    Y,    Latitude,   Longitude, TMP_201906111700
   1,    1,   48.862147, -101.607558,      -62.590
   2,    1,   48.866940, -101.456441,      -62.410
   3,    1,   48.871623, -101.305308,      -62.410
   4,    1,   48.876194, -101.154159,      -62.410
   5,    1,   48.880654, -101.002995,      -62.410
   6,    1,   48.885004, -100.851816,      -62.230
   7,    1,   48.889242, -100.700623,      -62.230
   8,    1,   48.893369, -100.549415,      -62.050
   9,    1,   48.897386, -100.398194,      -62.050
  10,    1,   48.901291, -100.246959,      -61.870
  11,    1,   48.905085, -100.095711,      -61.870
  12,    1,   48.908768,  -99.944450,      -61.870
  13,    1,   48.912340,  -99.793177,      -61.690
  14,    1,   48.915801,  -99.641892,      -61.690
  15,    1,   48.919151,  -99.490596,      -61.510
  16,    1,   48.922390,  -99.339288,      -61.510
  17,    1,   48.925518,  -99.187970,      -61.330
  18,    1,   48.928535,  -99.036641,      -61.330
  19,    1,   48.931440,  -98.885302,      -61.150
  20,    1,   48.934235,  -98.733953,      -61.150
  21,    1,   48.936919,  -98.582595,      -60.970
  22,    1,   48.939491,  -98.431228,      -60.790
  23,    1,   48.941953,  -98.279852,      -60.790
  24,    1,   48.944303,  -98.128469,      -60.790
  25,    1,   48.946542,  -97.977077,      -60.790
  26,    1,   48.948670,  -97.825678,      -60.790
  27,    1,   48.950688,  -97.674272,      -60.610
  28,    1,   48.952594,  -97.522860,      -60.610
  29,    1,   48.954389,  -97.371441,      -60.610
  30,    1,   48.956073,  -97.220016,      -60.610
  31,    1,   48.957645,  -97.068586,      -60.610
  32,    1,   48.959107,  -96.917150,      -60.610
  33,    1,   48.960458,  -96.765710,      -60.610
  34,    1,   48.961697,  -96.614265,      -60.610
  35,    1,   48.962826,  -96.462816,      -60.610
  36,    1,   48.963843,  -96.311364,      -60.610
  37,    1,   48.964749,  -96.159908,      -60.610
  38,    1,   48.965545,  -96.008449,      -60.610
  39,    1,   48.966229,  -95.856988,      -60.610
  40,    1,   48.966802,  -95.705525,      -60.610
  41,    1,   48.967264,  -95.554060,      -60.430
  42,    1,   48.967615,  -95.402594,      -60.430
  43,    1,   48.967854,  -95.251126,      -60.430
  44,    1,   48.967983,  -95.099658,      -60.250
   1,    2,   48.961514, -101.614937,      -62.410
   2,    2,   48.966308, -101.463652,      -62.410
   3,    2,   48.970992, -101.312350,      -62.410
   4,    2,   48.975564, -101.161033,      -62.410
   5,    2,   48.980026, -101.009701,      -62.230
   6,    2,   48.984376, -100.858354,      -62.230
   7,    2,   48.988615, -100.706992,      -62.050
   8,    2,   48.992744, -100.555615,      -62.050
   9,    2,   48.996761, -100.404225,      -61.870
  10,    2,   49.000667, -100.252822,      -61.870
  11,    2,   49.004462, -100.101405,      -61.690
  12,    2,   49.008146,  -99.949976,      -61.690
  13,    2,   49.011719,  -99.798534,      -61.690
  14,    2,   49.015181,  -99.647080,      -61.510
  15,    2,   49.018532,  -99.495615,      -61.330
  16,    2,   49.021771,  -99.344138,      -61.330
  17,    2,   49.024900,  -99.192651,      -61.150
  18,    2,   49.027917,  -99.041153,      -61.150
  19,    2,   49.030824,  -98.889645,      -60.970
  20,    2,   49.033619,  -98.738127,      -60.970
  21,    2,   49.036303,  -98.586600,      -60.970
  22,    2,   49.038877,  -98.435064,      -60.790
  23,    2,   49.041339,  -98.283519,      -60.790
  24,    2,   49.043690,  -98.131967,      -60.610
  25,    2,   49.045929,  -97.980406,      -60.610
  26,    2,   49.048058,  -97.828838,      -60.610
  27,    2,   49.050076,  -97.677263,      -60.610
  28,    2,   49.051982,  -97.525681,      -60.610
  29,    2,   49.053778,  -97.374093,      -60.610
  30,    2,   49.055462,  -97.222499,      -60.430
  31,    2,   49.057035,  -97.070899,      -60.430
  32,    2,   49.058497,  -96.919294,      -60.430
  33,    2,   49.059848,  -96.767684,      -60.430
  34,    2,   49.061088,  -96.616070,      -60.430
  35,    2,   49.062217,  -96.464452,      -60.610
  36,    2,   49.063234,  -96.312830,      -60.610
  37,    2,   49.064141,  -96.161205,      -60.610
  38,    2,   49.064936,  -96.009577,      -60.430
  39,    2,   49.065621,  -95.857947,      -60.430
  40,    2,   49.066194,  -95.706314,      -60.430
  41,    2,   49.066656,  -95.554680,      -60.430
  42,    2,   49.067007,  -95.403044,      -60.430
  43,    2,   49.067247,  -95.251407,      -60.250
  44,    2,   49.067375,  -95.099770,      -60.250
   1,    3,   49.060793, -101.622332,      -62.410
   2,    3,   49.065589, -101.470878,      -62.410
   3,    3,   49.070274, -101.319408,      -62.410
   4,    3,   49.074847, -101.167923,      -62.230
   5,    3,   49.079310, -101.016421,      -62.230
   6,    3,   49.083661, -100.864905,      -62.050
   7,    3,   49.087902, -100.713374,      -62.050
   8,    3,   49.092031, -100.561829,      -61.870
   9,    3,   49.096049, -100.410270,      -61.870
  10,    3,   49.099956, -100.258698,      -61.870
  11,    3,   49.103752, -100.107112,      -61.690
  12,    3,   49.107437,  -99.955513,      -61.510
  13,    3,   49.111011,  -99.803902,      -61.510
  14,    3,   49.114473,  -99.652280,      -61.330
  15,    3,   49.117825,  -99.500645,      -61.150
  16,    3,   49.121065,  -99.348999,      -61.150
  17,    3,   49.124195,  -99.197342,      -60.970
  18,    3,   49.127213,  -99.045675,      -60.970
  19,    3,   49.130120,  -98.893998,      -60.790
  20,    3,   49.132916,  -98.742311,      -60.790
  21,    3,   49.135601,  -98.590614,      -60.790
  22,    3,   49.138175,  -98.438909,      -60.790
  23,    3,   49.140637,  -98.287195,      -60.610
  24,    3,   49.142989,  -98.135472,      -60.610
  25,    3,   49.145229,  -97.983742,      -60.430
  26,    3,   49.147358,  -97.832005,      -60.430
  27,    3,   49.149376,  -97.680260,      -60.430
  28,    3,   49.151283,  -97.528508,      -60.430
  29,    3,   49.153079,  -97.376750,      -60.430
  30,    3,   49.154764,  -97.224987,      -60.430
  31,    3,   49.156338,  -97.073217,      -60.430
  32,    3,   49.157800,  -96.921443,      -60.430
  33,    3,   49.159151,  -96.769663,      -60.430
  34,    3,   49.160391,  -96.617880,      -60.430
  35,    3,   49.161520,  -96.466092,      -60.430
  36,    3,   49.162538,  -96.314300,      -60.430
  37,    3,   49.163445,  -96.162505,      -60.430
  38,    3,   49.164241,  -96.010708,      -60.430
  39,    3,   49.164925,  -95.858907,      -60.250
  40,    3,   49.165498,  -95.707105,      -60.250
  41,    3,   49.165960,  -95.555301,      -60.250
  42,    3,   49.166311,  -95.403495,      -60.250
  43,    3,   49.166551,  -95.251689,      -60.250
  44,    3,   49.166680,  -95.099881,      -60.250
   1,    4,   49.159986, -101.629744,      -62.410
   2,    4,   49.164782, -101.478121,      -62.230
   3,    4,   49.169468, -101.326482,      -62.230
   4,    4,   49.174043, -101.174827,      -62.230
   5,    4,   49.178506, -101.023157,      -62.050
   6,    4,   49.182859, -100.871472,      -62.050
   7,    4,   49.187100, -100.719771,      -62.050
   8,    4,   49.191230, -100.568057,      -61.870
   9,    4,   49.195249, -100.416329,      -61.870
  10,    4,   49.199157, -100.264587,      -61.690
  11,    4,   49.202954, -100.112832,      -61.690
  12,    4,   49.206640,  -99.961064,      -61.510
  13,    4,   49.210215,  -99.809283,      -61.330
  14,    4,   49.213678,  -99.657491,      -61.150
  15,    4,   49.217030,  -99.505687,      -61.150
  16,    4,   49.220272,  -99.353871,      -60.970
  17,    4,   49.223402,  -99.202045,      -60.790
  18,    4,   49.226421,  -99.050208,      -60.790
  19,    4,   49.229328,  -98.898361,      -60.790
  20,    4,   49.232125,  -98.746504,      -60.790
  21,    4,   49.234810,  -98.594637,      -60.610
  22,    4,   49.237385,  -98.442762,      -60.610
  23,    4,   49.239848,  -98.290878,      -60.610
  24,    4,   49.242200,  -98.138986,      -60.430
  25,    4,   49.244441,  -97.987086,      -60.430
  26,    4,   49.246571,  -97.835178,      -60.430
  27,    4,   49.248589,  -97.683264,      -60.430
  28,    4,   49.250497,  -97.531342,      -60.430
  29,    4,   49.252293,  -97.379414,      -60.430
  30,    4,   49.253978,  -97.227480,      -60.430
  31,    4,   49.255552,  -97.075541,      -60.430
  32,    4,   49.257015,  -96.923596,      -60.250
  33,    4,   49.258366,  -96.771647,      -60.250
  34,    4,   49.259607,  -96.619693,      -60.250
  35,    4,   49.260736,  -96.467735,      -60.250
  36,    4,   49.261754,  -96.315774,      -60.250
  37,    4,   49.262661,  -96.163809,      -60.250
  38,    4,   49.263457,  -96.011841,      -60.250
  39,    4,   49.264142,  -95.859870,      -60.250
  40,    4,   49.264715,  -95.707898,      -60.250
  41,    4,   49.265177,  -95.555923,      -60.250
  42,    4,   49.265528,  -95.403948,      -60.250
  43,    4,   49.265768,  -95.251971,      -60.070
  44,    4,   49.265897,  -95.099993,      -60.070
   1,    5,   49.259090, -101.637172,      -62.230
   2,    5,   49.263888, -101.485380,      -62.230
   3,    5,   49.268575, -101.333572,      -62.230
   4,    5,   49.273150, -101.181747,      -62.050
   5,    5,   49.277615, -101.029908,      -62.050
   6,    5,   49.281968, -100.878053,      -62.050
   7,    5,   49.286211, -100.726183,      -61.870
   8,    5,   49.290342, -100.574299,      -61.870
   9,    5,   49.294362, -100.422401,      -61.690
  10,    5,   49.298271, -100.270489,      -61.690
  11,    5,   49.302068, -100.118564,      -61.510
  12,    5,   49.305755,  -99.966626,      -61.330
  13,    5,   49.309330,  -99.814676,      -61.150
  14,    5,   49.312795,  -99.662713,      -61.150
  15,    5,   49.316148,  -99.510739,      -60.970
  16,    5,   49.319390,  -99.358754,      -60.970
  17,    5,   49.322521,  -99.206757,      -60.790
  18,    5,   49.325540,  -99.054750,      -60.790
  19,    5,   49.328449,  -98.902733,      -60.610
  20,    5,   49.331246,  -98.750706,      -60.610
  21,    5,   49.333932,  -98.598670,      -60.610
  22,    5,   49.336507,  -98.446624,      -60.430
  23,    5,   49.338971,  -98.294570,      -60.430
  24,    5,   49.341323,  -98.142507,      -60.430
  25,    5,   49.343565,  -97.990437,      -60.250
  26,    5,   49.345695,  -97.838359,      -60.250
  27,    5,   49.347714,  -97.686274,      -60.250
  28,    5,   49.349622,  -97.534182,      -60.250
  29,    5,   49.351419,  -97.382084,      -60.250
  30,    5,   49.353104,  -97.229980,      -60.250
  31,    5,   49.354678,  -97.077870,      -60.250
  32,    5,   49.356142,  -96.925755,      -60.070
  33,    5,   49.357493,  -96.773635,      -60.070
  34,    5,   49.358734,  -96.621511,      -60.250
  35,    5,   49.359864,  -96.469382,      -60.250
  36,    5,   49.360882,  -96.317250,      -60.250
  37,    5,   49.361789,  -96.165115,      -60.250
  38,    5,   49.362585,  -96.012976,      -60.250
  39,    5,   49.363270,  -95.860835,      -60.250
  40,    5,   49.363843,  -95.708692,      -60.070
  41,    5,   49.364306,  -95.556547,      -60.070
  42,    5,   49.364657,  -95.404401,      -60.070
  43,    5,   49.364897,  -95.252254,      -60.070
  44,    5,   49.365026,  -95.100106,      -60.070
   1,    6,   49.358106, -101.644617,      -62.050
   2,    6,   49.362905, -101.492655,      -62.050
   3,    6,   49.367593, -101.340677,      -62.050
   4,    6,   49.372169, -101.188683,      -62.050
   5,    6,   49.376635, -101.036673,      -62.050
   6,    6,   49.380990, -100.884648,      -61.870
   7,    6,   49.385233, -100.732609,      -61.870
   8,    6,   49.389365, -100.580555,      -61.690
   9,    6,   49.393386, -100.428486,      -61.690
  10,    6,   49.397296, -100.276405,      -61.510
  11,    6,   49.401094, -100.124309,      -61.330
  12,    6,   49.404782,  -99.972201,      -61.150
  13,    6,   49.408358,  -99.820081,      -61.150
  14,    6,   49.411823,  -99.667948,      -61.150
  15,    6,   49.415177,  -99.515803,      -60.970
  16,    6,   49.418420,  -99.363648,      -60.790
  17,    6,   49.421551,  -99.211481,      -60.790
  18,    6,   49.424571,  -99.059303,      -60.610
  19,    6,   49.427481,  -98.907116,      -60.430
  20,    6,   49.430279,  -98.754918,      -60.430
  21,    6,   49.432965,  -98.602711,      -60.430
  22,    6,   49.435541,  -98.450495,      -60.250
  23,    6,   49.438005,  -98.298270,      -60.250
  24,    6,   49.440358,  -98.146037,      -60.250
  25,    6,   49.442600,  -97.993796,      -60.070
  26,    6,   49.444731,  -97.841547,      -60.070
  27,    6,   49.446750,  -97.689291,      -60.070
  28,    6,   49.448659,  -97.537029,      -60.070
  29,    6,   49.450456,  -97.384760,      -60.070
  30,    6,   49.452142,  -97.232485,      -60.070
  31,    6,   49.453716,  -97.080204,      -60.070
  32,    6,   49.455180,  -96.927918,      -60.070
  33,    6,   49.456532,  -96.775628,      -60.070
  34,    6,   49.457773,  -96.623332,      -60.070
  35,    6,   49.458903,  -96.471033,      -60.070
  36,    6,   49.459921,  -96.318730,      -60.070
  37,    6,   49.460829,  -96.166424,      -60.070
  38,    6,   49.461625,  -96.014114,      -60.070
  39,    6,   49.462310,  -95.861802,      -60.070
  40,    6,   49.462883,  -95.709488,      -60.070
  41,    6,   49.463346,  -95.557173,      -60.070
  42,    6,   49.463697,  -95.404855,      -59.890
  43,    6,   49.463937,  -95.252537,      -59.890
  44,    6,   49.464066,  -95.100218,      -59.890
   1,    7,   49.457033, -101.652079,      -62.050
   2,    7,   49.461833, -101.499947,      -62.050
   3,    7,   49.466522, -101.347799,      -61.870
   4,    7,   49.471100, -101.195634,      -61.870
   5,    7,   49.475567, -101.043454,      -61.870
   6,    7,   49.479922, -100.891259,      -61.870
   7,    7,   49.484166, -100.739049,      -61.690
   8,    7,   49.488300, -100.586824,      -61.690
   9,    7,   49.492321, -100.434586,      -61.510
  10,    7,   49.496232, -100.282333,      -61.510
  11,    7,   49.500032, -100.130068,      -61.330
  12,    7,   49.503720,  -99.977789,      -61.150
  13,    7,   49.507297,  -99.825498,      -61.150
  14,    7,   49.510763,  -99.673194,      -60.970
  15,    7,   49.514117,  -99.520879,      -60.790
  16,    7,   49.517361,  -99.368552,      -60.790
  17,    7,   49.520493,  -99.216215,      -60.610
  18,    7,   49.523514,  -99.063866,      -60.430
  19,    7,   49.526424,  -98.911508,      -60.430
  20,    7,   49.529222,  -98.759139,      -60.250
  21,    7,   49.531910,  -98.606761,      -60.250
  22,    7,   49.534486,  -98.454374,      -60.250
  23,    7,   49.536951,  -98.301978,      -60.250
  24,    7,   49.539304,  -98.149574,      -60.070
  25,    7,   49.541547,  -97.997162,      -60.070
  26,    7,   49.543678,  -97.844742,      -60.070
  27,    7,   49.545698,  -97.692315,      -60.070
  28,    7,   49.547607,  -97.539882,      -60.070
  29,    7,   49.549404,  -97.387442,      -60.070
  30,    7,   49.551091,  -97.234995,      -60.070
  31,    7,   49.552666,  -97.082544,      -60.070
  32,    7,   49.554129,  -96.930086,      -60.070
  33,    7,   49.555482,  -96.777625,      -60.070
  34,    7,   49.556723,  -96.625158,      -59.890
  35,    7,   49.557853,  -96.472687,      -59.890
  36,    7,   49.558872,  -96.320213,      -59.890
  37,    7,   49.559780,  -96.167735,      -59.890
  38,    7,   49.560576,  -96.015255,      -60.070
  39,    7,   49.561261,  -95.862772,      -60.070
  40,    7,   49.561835,  -95.710286,      -60.070
  41,    7,   49.562297,  -95.557799,      -59.890
  42,    7,   49.562649,  -95.405311,      -59.890
  43,    7,   49.562889,  -95.252821,      -59.890
  44,    7,   49.563018,  -95.100331,      -59.890
   1,    8,   49.555872, -101.659558,      -61.870
   2,    8,   49.560673, -101.507255,      -61.870
   3,    8,   49.565363, -101.354936,      -61.870
   4,    8,   49.569942, -101.202601,      -61.870
   5,    8,   49.574410, -101.050251,      -61.870
   6,    8,   49.578766, -100.897885,      -61.690
   7,    8,   49.583011, -100.745504,      -61.690
   8,    8,   49.587145, -100.593108,      -61.510
   9,    8,   49.591168, -100.440699,      -61.510
  10,    8,   49.595080, -100.288275,      -61.330
  11,    8,   49.598880, -100.135839,      -61.330
  12,    8,   49.602569,  -99.983389,      -61.150
  13,    8,   49.606147,  -99.830927,      -60.970
  14,    8,   49.609613,  -99.678452,      -60.790
  15,    8,   49.612969,  -99.525966,      -60.790
  16,    8,   49.616213,  -99.373468,      -60.610
  17,    8,   49.619346,  -99.220959,      -60.430
  18,    8,   49.622368,  -99.068440,      -60.430
  19,    8,   49.625278,  -98.915910,      -60.250
  20,    8,   49.628077,  -98.763370,      -60.250
  21,    8,   49.630765,  -98.610821,      -60.250
  22,    8,   49.633342,  -98.458262,      -60.070
  23,    8,   49.635807,  -98.305695,      -60.070
  24,    8,   49.638162,  -98.153119,      -60.070
  25,    8,   49.640405,  -98.000536,      -60.070
  26,    8,   49.642536,  -97.847945,      -60.070
  27,    8,   49.644557,  -97.695346,      -59.890
  28,    8,   49.646466,  -97.542741,      -59.890
  29,    8,   49.648264,  -97.390129,      -59.890
  30,    8,   49.649950,  -97.237512,      -59.890
  31,    8,   49.651526,  -97.084888,      -59.890
  32,    8,   49.652990,  -96.932260,      -59.890
  33,    8,   49.654343,  -96.779626,      -59.890
  34,    8,   49.655584,  -96.626988,      -59.890
  35,    8,   49.656714,  -96.474346,      -59.890
  36,    8,   49.657733,  -96.321700,      -59.890
  37,    8,   49.658641,  -96.169050,      -59.890
  38,    8,   49.659438,  -96.016398,      -59.890
  39,    8,   49.660123,  -95.863743,      -59.890
  40,    8,   49.660697,  -95.711086,      -59.890
  41,    8,   49.661160,  -95.558427,      -59.890
  42,    8,   49.661511,  -95.405767,      -59.890
  43,    8,   49.661751,  -95.253106,      -59.890
  44,    8,   49.661880,  -95.100444,      -59.890
   1,    9,   49.654622, -101.667053,      -61.690
   2,    9,   49.659424, -101.514580,      -61.690
   3,    9,   49.664115, -101.362090,      -61.690
   4,    9,   49.668695, -101.209584,      -61.690
   5,    9,   49.673163, -101.057062,      -61.690
   6,    9,   49.677521, -100.904525,      -61.690
   7,    9,   49.681767, -100.751973,      -61.510
   8,    9,   49.685902, -100.599406,      -61.510
   9,    9,   49.689925, -100.446826,      -61.510
  10,    9,   49.693838, -100.294231,      -61.330
  11,    9,   49.697639, -100.141623,      -61.150
  12,    9,   49.701329,  -99.989002,      -60.970
  13,    9,   49.704908,  -99.836368,      -60.970
  14,    9,   49.708375,  -99.683722,      -60.790
  15,    9,   49.711731,  -99.531064,      -60.610
  16,    9,   49.714976,  -99.378395,      -60.430
  17,    9,   49.718110,  -99.225715,      -60.430
  18,    9,   49.721132,  -99.073023,      -60.430
  19,    9,   49.724043,  -98.920322,      -60.250
  20,    9,   49.726843,  -98.767610,      -60.250
  21,    9,   49.729531,  -98.614889,      -60.070
  22,    9,   49.732109,  -98.462159,      -60.070
  23,    9,   49.734575,  -98.309420,      -59.890
  24,    9,   49.736929,  -98.156673,      -59.890
  25,    9,   49.739173,  -98.003917,      -59.890
  26,    9,   49.741305,  -97.851154,      -59.890
  27,    9,   49.743326,  -97.698384,      -59.890
  28,    9,   49.745235,  -97.545607,      -59.710
  29,    9,   49.747034,  -97.392823,      -59.710
  30,    9,   49.748721,  -97.240034,      -59.710
  31,    9,   49.750296,  -97.087238,      -59.710
  32,    9,   49.751761,  -96.934438,      -59.890
  33,    9,   49.753114,  -96.781632,      -59.890
  34,    9,   49.754356,  -96.628822,      -59.890
  35,    9,   49.755486,  -96.476008,      -59.710
  36,    9,   49.756506,  -96.323190,      -59.710
  37,    9,   49.757414,  -96.170368,      -59.710
  38,    9,   49.758210,  -96.017544,      -59.710
  39,    9,   49.758896,  -95.864717,      -59.710
  40,    9,   49.759470,  -95.711888,      -59.710
  41,    9,   49.759932,  -95.559057,      -59.890
  42,    9,   49.760284,  -95.406224,      -59.890
  43,    9,   49.760524,  -95.253391,      -59.710
  44,    9,   49.760653,  -95.100557,      -59.710
   1,   10,   49.753282, -101.674565,      -61.690
   2,   10,   49.758085, -101.521921,      -61.690
   3,   10,   49.762777, -101.369259,      -61.690
   4,   10,   49.767358, -101.216582,      -61.510
   5,   10,   49.771827, -101.063889,      -61.510
   6,   10,   49.776186, -100.911180,      -61.510
   7,   10,   49.780433, -100.758457,      -61.510
   8,   10,   49.784569, -100.605719,      -61.510
   9,   10,   49.788593, -100.452966,      -61.330
  10,   10,   49.792507, -100.300200,      -61.150
  11,   10,   49.796309, -100.147420,      -60.970
  12,   10,   49.799999,  -99.994627,      -60.970
  13,   10,   49.803579,  -99.841822,      -60.790
  14,   10,   49.807047,  -99.689004,      -60.610
  15,   10,   49.810404,  -99.536174,      -60.430
  16,   10,   49.813649,  -99.383333,      -60.430
  17,   10,   49.816784,  -99.230481,      -60.430
  18,   10,   49.819807,  -99.077617,      -60.250
  19,   10,   49.822718,  -98.924744,      -60.250
  20,   10,   49.825519,  -98.771860,      -60.070
  21,   10,   49.828208,  -98.618967,      -60.070
  22,   10,   49.830786,  -98.466065,      -59.890
  23,   10,   49.833252,  -98.313154,      -59.890
  24,   10,   49.835607,  -98.160234,      -59.710
  25,   10,   49.837851,  -98.007306,      -59.710
  26,   10,   49.839984,  -97.854371,      -59.710
  27,   10,   49.842005,  -97.701429,      -59.710
  28,   10,   49.843915,  -97.548479,      -59.530
  29,   10,   49.845714,  -97.395523,      -59.710
  30,   10,   49.847401,  -97.242561,      -59.710
  31,   10,   49.848977,  -97.089593,      -59.710
  32,   10,   49.850442,  -96.936620,      -59.710
  33,   10,   49.851796,  -96.783642,      -59.710
  34,   10,   49.853038,  -96.630660,      -59.710
  35,   10,   49.854168,  -96.477673,      -59.710
  36,   10,   49.855188,  -96.324683,      -59.710
  37,   10,   49.856096,  -96.171689,      -59.710
  38,   10,   49.856893,  -96.018692,      -59.710
  39,   10,   49.857578,  -95.865693,      -59.710
  40,   10,   49.858153,  -95.712691,      -59.710
  41,   10,   49.858615,  -95.559688,      -59.710
  42,   10,   49.858967,  -95.406683,      -59.710
  43,   10,   49.859207,  -95.253677,      -59.710
  44,   10,   49.859336,  -95.100671,      -59.710
   1,   11,   49.851852, -101.682094,      -61.690
   2,   11,   49.856656, -101.529278,      -61.690
   3,   11,   49.861349, -101.376445,      -61.510
   4,   11,   49.865931, -101.223596,      -61.510
   5,   11,   49.870402, -101.070731,      -61.510
   6,   11,   49.874761, -100.917851,      -61.510
   7,   11,   49.879009, -100.764955,      -61.330
   8,   11,   49.883146, -100.612045,      -61.330
   9,   11,   49.887171, -100.459121,      -61.150
  10,   11,   49.891085, -100.306182,      -61.150
  11,   11,   49.894888, -100.153230,      -60.970
  12,   11,   49.898580, -100.000265,      -60.790
  13,   11,   49.902160,  -99.847288,      -60.610
  14,   11,   49.905629,  -99.694298,      -60.610
  15,   11,   49.908986,  -99.541296,      -60.430
  16,   11,   49.912233,  -99.388282,      -60.430
  17,   11,   49.915368,  -99.235257,      -60.250
  18,   11,   49.918391,  -99.082222,      -60.250
  19,   11,   49.921304,  -98.929176,      -60.070
  20,   11,   49.924105,  -98.776120,      -60.070
  21,   11,   49.926794,  -98.623054,      -59.890
  22,   11,   49.929373,  -98.469979,      -59.710
  23,   11,   49.931840,  -98.316896,      -59.710
  24,   11,   49.934196,  -98.163803,      -59.710
  25,   11,   49.936440,  -98.010703,      -59.710
  26,   11,   49.938573,  -97.857595,      -59.710
  27,   11,   49.940595,  -97.704480,      -59.530
  28,   11,   49.942505,  -97.551358,      -59.530
  29,   11,   49.944304,  -97.398229,      -59.530
  30,   11,   49.945992,  -97.245095,      -59.530
  31,   11,   49.947568,  -97.091954,      -59.530
  32,   11,   49.949033,  -96.938808,      -59.530
  33,   11,   49.950387,  -96.785657,      -59.530
  34,   11,   49.951630,  -96.632502,      -59.530
  35,   11,   49.952761,  -96.479343,      -59.710
  36,   11,   49.953780,  -96.326179,      -59.710
  37,   11,   49.954689,  -96.173013,      -59.530
  38,   11,   49.955486,  -96.019843,      -59.530
  39,   11,   49.956171,  -95.866671,      -59.530
  40,   11,   49.956746,  -95.713496,      -59.710
  41,   11,   49.957209,  -95.560320,      -59.710
  42,   11,   49.957560,  -95.407142,      -59.710
  43,   11,   49.957800,  -95.253964,      -59.710
  44,   11,   49.957929,  -95.100784,      -59.530
   1,   12,   49.950332, -101.689641,      -61.510
   2,   12,   49.955138, -101.536652,      -61.510
   3,   12,   49.959832, -101.383647,      -61.510
   4,   12,   49.964415, -101.230626,      -61.330
   5,   12,   49.968886, -101.077589,      -61.330
   6,   12,   49.973246, -100.924536,      -61.330
   7,   12,   49.977495, -100.771468,      -61.330
   8,   12,   49.981633, -100.618386,      -61.150
   9,   12,   49.985659, -100.465289,      -61.150
  10,   12,   49.989574, -100.312178,      -60.970
  11,   12,   49.993378, -100.159054,      -60.790
  12,   12,   49.997070, -100.005916,      -60.610
  13,   12,   50.000651,  -99.852766,      -60.610
  14,   12,   50.004121,  -99.699603,      -60.610
  15,   12,   50.007479,  -99.546429,      -60.430
  16,   12,   50.010726,  -99.393242,      -60.250
  17,   12,   50.013861,  -99.240045,      -60.250
  18,   12,   50.016886,  -99.086837,      -60.070
  19,   12,   50.019799,  -98.933618,      -60.070
  20,   12,   50.022600,  -98.780389,      -59.890
  21,   12,   50.025291,  -98.627150,      -59.710
  22,   12,   50.027870,  -98.473903,      -59.710
  23,   12,   50.030337,  -98.320646,      -59.710
  24,   12,   50.032693,  -98.167381,      -59.530
  25,   12,   50.034938,  -98.014108,      -59.530
  26,   12,   50.037072,  -97.860827,      -59.530
  27,   12,   50.039094,  -97.707538,      -59.530
  28,   12,   50.041005,  -97.554243,      -59.530
  29,   12,   50.042804,  -97.400941,      -59.530
  30,   12,   50.044492,  -97.247634,      -59.350
  31,   12,   50.046069,  -97.094320,      -59.350
  32,   12,   50.047534,  -96.941001,      -59.530
  33,   12,   50.048888,  -96.787677,      -59.530
  34,   12,   50.050131,  -96.634349,      -59.530
  35,   12,   50.051262,  -96.481016,      -59.530
  36,   12,   50.052282,  -96.327679,      -59.530
  37,   12,   50.053191,  -96.174340,      -59.530
  38,   12,   50.053988,  -96.020997,      -59.530
  39,   12,   50.054674,  -95.867651,      -59.530
  40,   12,   50.055248,  -95.714303,      -59.530
  41,   12,   50.055711,  -95.560954,      -59.530
  42,   12,   50.056063,  -95.407603,      -59.530
  43,   12,   50.056303,  -95.254251,      -59.530
  44,   12,   50.056432,  -95.100898,      -59.530
   1,   13,   50.048722, -101.697204,      -61.510
   2,   13,   50.053529, -101.544043,      -61.510
   3,   13,   50.058224, -101.390865,      -61.330
   4,   13,   50.062807, -101.237672,      -61.330
   5,   13,   50.067280, -101.084462,      -61.330
   6,   13,   50.071641, -100.931237,      -61.150
   7,   13,   50.075891, -100.777996,      -61.150
   8,   13,   50.080029, -100.624741,      -61.150
   9,   13,   50.084056, -100.471471,      -60.970
  10,   13,   50.087972, -100.318188,      -60.790
  11,   13,   50.091777, -100.164890,      -60.790
  12,   13,   50.095470, -100.011580,      -60.610
  13,   13,   50.099051,  -99.858257,      -60.610
  14,   13,   50.102522,  -99.704921,      -60.430
  15,   13,   50.105881,  -99.551573,      -60.250
  16,   13,   50.109128,  -99.398214,      -60.250
  17,   13,   50.112265,  -99.244843,      -60.070
  18,   13,   50.115290,  -99.091462,      -59.890
  19,   13,   50.118203,  -98.938070,      -59.890
  20,   13,   50.121005,  -98.784668,      -59.890
  21,   13,   50.123696,  -98.631256,      -59.710
  22,   13,   50.126276,  -98.477835,      -59.710
  23,   13,   50.128744,  -98.324405,      -59.530
  24,   13,   50.131101,  -98.170966,      -59.530
  25,   13,   50.133346,  -98.017520,      -59.530
  26,   13,   50.135480,  -97.864065,      -59.350
  27,   13,   50.137502,  -97.710604,      -59.350
  28,   13,   50.139414,  -97.557135,      -59.350
  29,   13,   50.141214,  -97.403660,      -59.350
  30,   13,   50.142902,  -97.250178,      -59.350
  31,   13,   50.144479,  -97.096691,      -59.350
  32,   13,   50.145945,  -96.943199,      -59.350
  33,   13,   50.147299,  -96.789701,      -59.350
  34,   13,   50.148542,  -96.636199,      -59.350
  35,   13,   50.149673,  -96.482693,      -59.350
  36,   13,   50.150694,  -96.329183,      -59.350
  37,   13,   50.151602,  -96.175669,      -59.530
  38,   13,   50.152400,  -96.022153,      -59.350
  39,   13,   50.153086,  -95.868634,      -59.350
  40,   13,   50.153660,  -95.715112,      -59.530
  41,   13,   50.154123,  -95.561589,      -59.530
  42,   13,   50.154475,  -95.408065,      -59.530
  43,   13,   50.154715,  -95.254539,      -59.530
  44,   13,   50.154844,  -95.101013,      -59.530
   1,   14,   50.147021, -101.704784,      -61.330
   2,   14,   50.151829, -101.551450,      -61.330
   3,   14,   50.156525, -101.398100,      -61.330
   4,   14,   50.161110, -101.244733,      -61.330
   5,   14,   50.165583, -101.091351,      -61.150
   6,   14,   50.169945, -100.937952,      -61.150
   7,   14,   50.174196, -100.784539,      -60.970
   8,   14,   50.178335, -100.631110,      -60.970
   9,   14,   50.182363, -100.477668,      -60.790
  10,   14,   50.186279, -100.324211,      -60.790
  11,   14,   50.190085, -100.170740,      -60.790
  12,   14,   50.193779, -100.017257,      -60.610
  13,   14,   50.197361,  -99.863760,      -60.430
  14,   14,   50.200832,  -99.710251,      -60.250
  15,   14,   50.204192,  -99.556730,      -60.250
  16,   14,   50.207440,  -99.403197,      -60.070
  17,   14,   50.210577,  -99.249653,      -59.890
  18,   14,   50.213603,  -99.096097,      -59.890
  19,   14,   50.216517,  -98.942532,      -59.890
  20,   14,   50.219320,  -98.788956,      -59.710
  21,   14,   50.222011,  -98.635371,      -59.710
  22,   14,   50.224591,  -98.481776,      -59.530
  23,   14,   50.227060,  -98.328172,      -59.530
  24,   14,   50.229417,  -98.174560,      -59.350
  25,   14,   50.231663,  -98.020940,      -59.350
  26,   14,   50.233797,  -97.867311,      -59.350
  27,   14,   50.235820,  -97.713676,      -59.350
  28,   14,   50.237732,  -97.560033,      -59.350
  29,   14,   50.239532,  -97.406384,      -59.350
  30,   14,   50.241221,  -97.252729,      -59.350
  31,   14,   50.242798,  -97.099068,      -59.170
  32,   14,   50.244264,  -96.945401,      -59.170
  33,   14,   50.245619,  -96.791730,      -59.170
  34,   14,   50.246862,  -96.638054,      -59.350
  35,   14,   50.247994,  -96.484374,      -59.350
  36,   14,   50.249014,  -96.330690,      -59.350
  37,   14,   50.249923,  -96.177002,      -59.350
  38,   14,   50.250720,  -96.023312,      -59.350
  39,   14,   50.251406,  -95.869618,      -59.350
  40,   14,   50.251981,  -95.715923,      -59.350
  41,   14,   50.252444,  -95.562226,      -59.350
  42,   14,   50.252796,  -95.408527,      -59.350
  43,   14,   50.253037,  -95.254827,      -59.350
  44,   14,   50.253166,  -95.101127,      -59.350
   1,   15,   50.245229, -101.712381,      -61.330
   2,   15,   50.250038, -101.558875,      -61.330
   3,   15,   50.254735, -101.405351,      -61.150
   4,   15,   50.259321, -101.251811,      -61.150
   5,   15,   50.263795, -101.098255,      -61.150
   6,   15,   50.268158, -100.944683,      -60.970
   7,   15,   50.272409, -100.791096,      -60.970
   8,   15,   50.276550, -100.637494,      -60.790
   9,   15,   50.280578, -100.483878,      -60.790
  10,   15,   50.284496, -100.330247,      -60.610
  11,   15,   50.288302, -100.176603,      -60.610
  12,   15,   50.291996, -100.022946,      -60.430
  13,   15,   50.295580,  -99.869275,      -60.250
  14,   15,   50.299051,  -99.715593,      -60.250
  15,   15,   50.302412,  -99.561898,      -60.070
  16,   15,   50.305661,  -99.408191,      -59.890
  17,   15,   50.308798,  -99.254473,      -59.890
  18,   15,   50.311825,  -99.100744,      -59.890
  19,   15,   50.314739,  -98.947004,      -59.710
  20,   15,   50.317543,  -98.793254,      -59.710
  21,   15,   50.320235,  -98.639495,      -59.530
  22,   15,   50.322815,  -98.485726,      -59.530
  23,   15,   50.325284,  -98.331948,      -59.350
  24,   15,   50.327642,  -98.178162,      -59.350
  25,   15,   50.329888,  -98.024367,      -59.170
  26,   15,   50.332023,  -97.870565,      -59.170
  27,   15,   50.334047,  -97.716755,      -59.170
  28,   15,   50.335958,  -97.562938,      -59.170
  29,   15,   50.337759,  -97.409115,      -59.170
  30,   15,   50.339448,  -97.255285,      -59.170
  31,   15,   50.341026,  -97.101450,      -59.170
  32,   15,   50.342492,  -96.947609,      -59.170
  33,   15,   50.343847,  -96.793763,      -59.170
  34,   15,   50.345090,  -96.639913,      -59.170
  35,   15,   50.346222,  -96.486058,      -59.170
  36,   15,   50.347243,  -96.332200,      -59.170
  37,   15,   50.348152,  -96.178338,      -59.170
  38,   15,   50.348950,  -96.024473,      -59.350
  39,   15,   50.349636,  -95.870605,      -59.350
  40,   15,   50.350211,  -95.716736,      -59.170
  41,   15,   50.350674,  -95.562864,      -59.170
  42,   15,   50.351026,  -95.408991,      -59.350
  43,   15,   50.351266,  -95.255117,      -59.350
  44,   15,   50.351396,  -95.101242,      -59.350
   1,   16,   50.343346, -101.719996,      -61.150
   2,   16,   50.348156, -101.566316,      -61.150
   3,   16,   50.352854, -101.412619,      -61.150
   4,   16,   50.357440, -101.258905,      -60.970
   5,   16,   50.361916, -101.105175,      -60.970
   6,   16,   50.366279, -100.951429,      -60.970
   7,   16,   50.370532, -100.797669,      -60.790
   8,   16,   50.374673, -100.643893,      -60.790
   9,   16,   50.378702, -100.490102,      -60.610
  10,   16,   50.382621, -100.336298,      -60.610
  11,   16,   50.386427, -100.182480,      -60.430
  12,   16,   50.390123, -100.028648,      -60.250
  13,   16,   50.393707,  -99.874804,      -60.250
  14,   16,   50.397179,  -99.720947,      -60.070
  15,   16,   50.400540,  -99.567077,      -60.070
  16,   16,   50.403790,  -99.413196,      -59.890
  17,   16,   50.406928,  -99.259304,      -59.890
  18,   16,   50.409955,  -99.105400,      -59.710
  19,   16,   50.412870,  -98.951486,      -59.710
  20,   16,   50.415674,  -98.797562,      -59.530
  21,   16,   50.418367,  -98.643628,      -59.530
  22,   16,   50.420948,  -98.489685,      -59.350
  23,   16,   50.423417,  -98.335733,      -59.350
  24,   16,   50.425776,  -98.181772,      -59.350
  25,   16,   50.428022,  -98.027803,      -59.170
  26,   16,   50.430158,  -97.873826,      -59.170
  27,   16,   50.432181,  -97.719841,      -59.170
  28,   16,   50.434094,  -97.565850,      -58.990
  29,   16,   50.435895,  -97.411852,      -58.990
  30,   16,   50.437584,  -97.257848,      -58.990
  31,   16,   50.439162,  -97.103837,      -58.990
  32,   16,   50.440629,  -96.949822,      -59.170
  33,   16,   50.441984,  -96.795801,      -58.990
  34,   16,   50.443227,  -96.641776,      -58.990
  35,   16,   50.444360,  -96.487747,      -59.170
  36,   16,   50.445380,  -96.333714,      -59.170
  37,   16,   50.446290,  -96.179677,      -59.170
  38,   16,   50.447088,  -96.025637,      -59.170
  39,   16,   50.447774,  -95.871595,      -59.170
  40,   16,   50.448349,  -95.717550,      -59.170
  41,   16,   50.448812,  -95.563504,      -59.170
  42,   16,   50.449164,  -95.409456,      -59.170
  43,   16,   50.449405,  -95.255407,      -59.170
  44,   16,   50.449534,  -95.101357,      -59.170
   1,   17,   50.441372, -101.727628,      -61.150
   2,   17,   50.446182, -101.573774,      -60.970
   3,   17,   50.450881, -101.419903,      -60.970
   4,   17,   50.455468, -101.266015,      -60.970
   5,   17,   50.459945, -101.112111,      -60.970
   6,   17,   50.464309, -100.958191,      -60.790
   7,   17,   50.468562, -100.804256,      -60.790
   8,   17,   50.472704, -100.650306,      -60.610
   9,   17,   50.476735, -100.496341,      -60.610
  10,   17,   50.480654, -100.342362,      -60.430
  11,   17,   50.484461, -100.188369,      -60.250
  12,   17,   50.488157, -100.034363,      -60.250
  13,   17,   50.491742,  -99.880344,      -60.250
  14,   17,   50.495215,  -99.726313,      -60.070
  15,   17,   50.498577,  -99.572269,      -59.890
  16,   17,   50.501827,  -99.418213,      -59.890
  17,   17,   50.504966,  -99.264146,      -59.710
  18,   17,   50.507993,  -99.110068,      -59.710
  19,   17,   50.510909,  -98.955979,      -59.530
  20,   17,   50.513714,  -98.801880,      -59.530
  21,   17,   50.516407,  -98.647771,      -59.350
  22,   17,   50.518989,  -98.493653,      -59.350
  23,   17,   50.521459,  -98.339526,      -59.350
  24,   17,   50.523817,  -98.185390,      -59.170
  25,   17,   50.526064,  -98.031246,      -59.170
  26,   17,   50.528200,  -97.877094,      -58.990
  27,   17,   50.530224,  -97.722934,      -58.990
  28,   17,   50.532137,  -97.568768,      -58.990
  29,   17,   50.533938,  -97.414595,      -58.990
  30,   17,   50.535628,  -97.260416,      -58.990
  31,   17,   50.537207,  -97.106230,      -58.990
  32,   17,   50.538673,  -96.952040,      -58.990
  33,   17,   50.540029,  -96.797844,      -58.990
  34,   17,   50.541273,  -96.643644,      -58.990
  35,   17,   50.542405,  -96.489439,      -58.990
  36,   17,   50.543426,  -96.335231,      -58.990
  37,   17,   50.544336,  -96.181019,      -58.990
  38,   17,   50.545133,  -96.026804,      -59.170
  39,   17,   50.545820,  -95.872586,      -59.170
  40,   17,   50.546395,  -95.718366,      -59.170
  41,   17,   50.546859,  -95.564145,      -58.990
  42,   17,   50.547211,  -95.409921,      -58.990
  43,   17,   50.547451,  -95.255697,      -59.170
  44,   17,   50.547580,  -95.101472,      -59.170
   1,   18,   50.539305, -101.735277,      -60.970
   2,   18,   50.544116, -101.581249,      -60.970
   3,   18,   50.548816, -101.427203,      -60.970
   4,   18,   50.553405, -101.273141,      -60.970
   5,   18,   50.557882, -101.119062,      -60.790
   6,   18,   50.562247, -100.964968,      -60.790
   7,   18,   50.566501, -100.810858,      -60.610
   8,   18,   50.570644, -100.656733,      -60.610
   9,   18,   50.574675, -100.502594,      -60.430
  10,   18,   50.578595, -100.348440,      -60.250
  11,   18,   50.582403, -100.194273,      -60.250
  12,   18,   50.586100, -100.040092,      -60.250
  13,   18,   50.589685,  -99.885898,      -60.070
  14,   18,   50.593159,  -99.731691,      -60.070
  15,   18,   50.596522,  -99.577472,      -59.890
  16,   18,   50.599772,  -99.423241,      -59.710
  17,   18,   50.602912,  -99.268999,      -59.710
  18,   18,   50.605940,  -99.114746,      -59.530
  19,   18,   50.608856,  -98.960482,      -59.350
  20,   18,   50.611662,  -98.806208,      -59.350
  21,   18,   50.614355,  -98.651924,      -59.350
  22,   18,   50.616937,  -98.497630,      -59.170
  23,   18,   50.619408,  -98.343328,      -59.170
  24,   18,   50.621767,  -98.189016,      -59.170
  25,   18,   50.624014,  -98.034697,      -58.990
  26,   18,   50.626151,  -97.880369,      -58.990
  27,   18,   50.628175,  -97.726035,      -58.810
  28,   18,   50.630088,  -97.571693,      -58.810
  29,   18,   50.631890,  -97.417344,      -58.810
  30,   18,   50.633580,  -97.262989,      -58.810
  31,   18,   50.635159,  -97.108629,      -58.810
  32,   18,   50.636626,  -96.954263,      -58.810
  33,   18,   50.637982,  -96.799891,      -58.810
  34,   18,   50.639226,  -96.645515,      -58.810
  35,   18,   50.640358,  -96.491135,      -58.810
  36,   18,   50.641379,  -96.336751,      -58.810
  37,   18,   50.642289,  -96.182364,      -58.990
  38,   18,   50.643087,  -96.027973,      -58.990
  39,   18,   50.643774,  -95.873580,      -58.990
  40,   18,   50.644349,  -95.719184,      -58.990
  41,   18,   50.644813,  -95.564787,      -58.990
  42,   18,   50.645165,  -95.410388,      -58.990
  43,   18,   50.645405,  -95.255988,      -58.990
  44,   18,   50.645535,  -95.101588,      -58.990
   1,   19,   50.637146, -101.742944,      -60.970
   2,   19,   50.641958, -101.588741,      -60.790
   3,   19,   50.646659, -101.434520,      -60.790
   4,   19,   50.651248, -101.280283,      -60.790
   5,   19,   50.655726, -101.126029,      -60.790
   6,   19,   50.660093, -100.971760,      -60.610
   7,   19,   50.664348, -100.817475,      -60.610
   8,   19,   50.668491, -100.663175,      -60.430
   9,   19,   50.672523, -100.508861,      -60.250
  10,   19,   50.676444, -100.354532,      -60.250
  11,   19,   50.680253, -100.200189,      -60.250
  12,   19,   50.683950, -100.045833,      -60.070
  13,   19,   50.687536,  -99.891464,      -60.070
  14,   19,   50.691011,  -99.737081,      -59.890
  15,   19,   50.694374,  -99.582687,      -59.710
  16,   19,   50.697625,  -99.428281,      -59.710
  17,   19,   50.700765,  -99.273863,      -59.530
  18,   19,   50.703794,  -99.119434,      -59.530
  19,   19,   50.706711,  -98.964995,      -59.350
  20,   19,   50.709517,  -98.810545,      -59.350
  21,   19,   50.712211,  -98.656085,      -59.170
  22,   19,   50.714793,  -98.501616,      -59.170
  23,   19,   50.717264,  -98.347138,      -58.990
  24,   19,   50.719624,  -98.192651,      -58.990
  25,   19,   50.721872,  -98.038156,      -58.990
  26,   19,   50.724009,  -97.883653,      -58.810
  27,   19,   50.726034,  -97.729142,      -58.810
  28,   19,   50.727947,  -97.574624,      -58.810
  29,   19,   50.729749,  -97.420100,      -58.810
  30,   19,   50.731439,  -97.265569,      -58.810
  31,   19,   50.733018,  -97.111032,      -58.810
  32,   19,   50.734486,  -96.956490,      -58.810
  33,   19,   50.735842,  -96.801943,      -58.810
  34,   19,   50.737086,  -96.647391,      -58.810
  35,   19,   50.738219,  -96.492835,      -58.810
  36,   19,   50.739240,  -96.338275,      -58.810
  37,   19,   50.740150,  -96.183712,      -58.810
  38,   19,   50.740948,  -96.029145,      -58.810
  39,   19,   50.741635,  -95.874576,      -58.810
  40,   19,   50.742210,  -95.720004,      -58.990
  41,   19,   50.742674,  -95.565431,      -58.990
  42,   19,   50.743026,  -95.410856,      -58.990
  43,   19,   50.743267,  -95.256280,      -58.810
  44,   19,   50.743396,  -95.101704,      -58.810
   1,   20,   50.734895, -101.750628,      -60.790
   2,   20,   50.739708, -101.596250,      -60.790
   3,   20,   50.744409, -101.441854,      -60.790
   4,   20,   50.749000, -101.287441,      -60.610
   5,   20,   50.753478, -101.133013,      -60.610
   6,   20,   50.757846, -100.978568,      -60.610
   7,   20,   50.762101, -100.824108,      -60.430
   8,   20,   50.766246, -100.669632,      -60.430
   9,   20,   50.770278, -100.515142,      -60.250
  10,   20,   50.774200, -100.360638,      -60.250
  11,   20,   50.778009, -100.206119,      -60.070
  12,   20,   50.781708, -100.051587,      -60.070
  13,   20,   50.785294,  -99.897042,      -59.890
  14,   20,   50.788770,  -99.742484,      -59.710
  15,   20,   50.792133,  -99.587914,      -59.710
  16,   20,   50.795386,  -99.433332,      -59.530
  17,   20,   50.798526,  -99.278738,      -59.530
  18,   20,   50.801555,  -99.124134,      -59.350
  19,   20,   50.804473,  -98.969518,      -59.350
  20,   20,   50.807279,  -98.814892,      -59.170
  21,   20,   50.809974,  -98.660257,      -59.170
  22,   20,   50.812557,  -98.505611,      -58.990
  23,   20,   50.815028,  -98.350957,      -58.990
  24,   20,   50.817388,  -98.196294,      -58.810
  25,   20,   50.819637,  -98.041623,      -58.810
  26,   20,   50.821774,  -97.886943,      -58.810
  27,   20,   50.823799,  -97.732256,      -58.810
  28,   20,   50.825713,  -97.577562,      -58.630
  29,   20,   50.827515,  -97.422862,      -58.630
  30,   20,   50.829206,  -97.268155,      -58.630
  31,   20,   50.830785,  -97.113442,      -58.630
  32,   20,   50.832253,  -96.958723,      -58.630
  33,   20,   50.833609,  -96.804000,      -58.630
  34,   20,   50.834854,  -96.649272,      -58.630
  35,   20,   50.835987,  -96.494539,      -58.810
  36,   20,   50.837008,  -96.339803,      -58.630
  37,   20,   50.837918,  -96.185063,      -58.630
  38,   20,   50.838717,  -96.030320,      -58.630
  39,   20,   50.839404,  -95.875574,      -58.810
  40,   20,   50.839979,  -95.720826,      -58.810
  41,   20,   50.840443,  -95.566076,      -58.810
  42,   20,   50.840795,  -95.411325,      -58.810
  43,   20,   50.841036,  -95.256573,      -58.810
  44,   20,   50.841165,  -95.101820,      -58.810
   1,   21,   50.832550, -101.758330,      -60.790
   2,   21,   50.837364, -101.603776,      -60.610
   3,   21,   50.842067, -101.449204,      -60.610
   4,   21,   50.846658, -101.294616,      -60.610
   5,   21,   50.851138, -101.140012,      -60.430
   6,   21,   50.855506, -100.985391,      -60.430
   7,   21,   50.859762, -100.830755,      -60.430
   8,   21,   50.863907, -100.676104,      -60.250
   9,   21,   50.867941, -100.521438,      -60.250
  10,   21,   50.871863, -100.366757,      -60.070
  11,   21,   50.875673, -100.212063,      -60.070
  12,   21,   50.879372, -100.057355,      -59.890
  13,   21,   50.882960,  -99.902633,      -59.710
  14,   21,   50.886436,  -99.747899,      -59.710
  15,   21,   50.889800,  -99.593153,      -59.530
  16,   21,   50.893053,  -99.438395,      -59.530
  17,   21,   50.896194,  -99.283625,      -59.350
  18,   21,   50.899224,  -99.128844,      -59.350
  19,   21,   50.902142,  -98.974052,      -59.170
  20,   21,   50.904949,  -98.819250,      -59.170
  21,   21,   50.907644,  -98.664438,      -58.990
  22,   21,   50.910227,  -98.509616,      -58.810
  23,   21,   50.912699,  -98.354785,      -58.810
  24,   21,   50.915060,  -98.199945,      -58.810
  25,   21,   50.917309,  -98.045097,      -58.810
  26,   21,   50.919446,  -97.890241,      -58.630
  27,   21,   50.921472,  -97.735378,      -58.630
  28,   21,   50.923386,  -97.580507,      -58.630
  29,   21,   50.925189,  -97.425630,      -58.450
  30,   21,   50.926880,  -97.270746,      -58.450
  31,   21,   50.928459,  -97.115857,      -58.450
  32,   21,   50.929927,  -96.960961,      -58.630
  33,   21,   50.931284,  -96.806061,      -58.630
  34,   21,   50.932528,  -96.651156,      -58.630
  35,   21,   50.933662,  -96.496247,      -58.630
  36,   21,   50.934683,  -96.341334,      -58.630
  37,   21,   50.935594,  -96.186417,      -58.630
  38,   21,   50.936392,  -96.031497,      -58.630
  39,   21,   50.937079,  -95.876575,      -58.630
  40,   21,   50.937655,  -95.721650,      -58.630
  41,   21,   50.938119,  -95.566723,      -58.630
  42,   21,   50.938471,  -95.411795,      -58.810
  43,   21,   50.938712,  -95.256866,      -58.810
  44,   21,   50.938841,  -95.101936,      -58.630
   1,   22,   50.930113, -101.766049,      -60.610
   2,   22,   50.934928, -101.611319,      -60.610
   3,   22,   50.939631, -101.456572,      -60.430
   4,   22,   50.944223, -101.301807,      -60.430
   5,   22,   50.948704, -101.147027,      -60.430
   6,   22,   50.953073, -100.992230,      -60.430
   7,   22,   50.957330, -100.837418,      -60.250
   8,   22,   50.961476, -100.682590,      -60.250
   9,   22,   50.965510, -100.527748,      -60.070
  10,   22,   50.969433, -100.372891,      -60.070
  11,   22,   50.973244, -100.218020,      -59.890
  12,   22,   50.976944, -100.063135,      -59.710
  13,   22,   50.980532,  -99.908238,      -59.710
  14,   22,   50.984008,  -99.753327,      -59.710
  15,   22,   50.987373,  -99.598404,      -59.530
  16,   22,   50.990627,  -99.443469,      -59.350
  17,   22,   50.993768,  -99.288522,      -59.350
  18,   22,   50.996799,  -99.133565,      -59.170
  19,   22,   50.999718,  -98.978596,      -58.990
  20,   22,   51.002525,  -98.823617,      -58.990
  21,   22,   51.005220,  -98.668628,      -58.810
  22,   22,   51.007804,  -98.513629,      -58.810
  23,   22,   51.010277,  -98.358622,      -58.810
  24,   22,   51.012638,  -98.203605,      -58.630
  25,   22,   51.014887,  -98.048580,      -58.630
  26,   22,   51.017025,  -97.893547,      -58.630
  27,   22,   51.019051,  -97.738507,      -58.630
  28,   22,   51.020965,  -97.583459,      -58.450
  29,   22,   51.022768,  -97.428404,      -58.450
  30,   22,   51.024460,  -97.273344,      -58.450
  31,   22,   51.026040,  -97.118277,      -58.450
  32,   22,   51.027508,  -96.963205,      -58.450
  33,   22,   51.028865,  -96.808127,      -58.450
  34,   22,   51.030110,  -96.653045,      -58.450
  35,   22,   51.031243,  -96.497959,      -58.450
  36,   22,   51.032265,  -96.342868,      -58.450
  37,   22,   51.033175,  -96.187774,      -58.630
  38,   22,   51.033974,  -96.032677,      -58.450
  39,   22,   51.034661,  -95.877578,      -58.630
  40,   22,   51.035237,  -95.722476,      -58.630
  41,   22,   51.035701,  -95.567372,      -58.630
  42,   22,   51.036053,  -95.412266,      -58.630
  43,   22,   51.036294,  -95.257160,      -58.630
  44,   22,   51.036423,  -95.102053,      -58.630
   1,   23,   51.027582, -101.773786,      -60.610
   2,   23,   51.032398, -101.618880,      -60.430
   3,   23,   51.037102, -101.463956,      -60.430
   4,   23,   51.041695, -101.309015,      -60.430
   5,   23,   51.046176, -101.154058,      -60.250
   6,   23,   51.050546, -100.999085,      -60.250
   7,   23,   51.054804, -100.844096,      -60.250
   8,   23,   51.058951, -100.689091,      -60.070
   9,   23,   51.062986, -100.534072,      -60.070
  10,   23,   51.066909, -100.379038,      -59.890
  11,   23,   51.070721, -100.223991,      -59.890
  12,   23,   51.074421, -100.068929,      -59.710
  13,   23,   51.078010,  -99.913855,      -59.710
  14,   23,   51.081487,  -99.758767,      -59.530
  15,   23,   51.084853,  -99.603667,      -59.350
  16,   23,   51.088107,  -99.448555,      -59.350
  17,   23,   51.091249,  -99.293431,      -59.170
  18,   23,   51.094280,  -99.138296,      -58.990
  19,   23,   51.097199,  -98.983150,      -58.990
  20,   23,   51.100007,  -98.827994,      -58.990
  21,   23,   51.102703,  -98.672828,      -58.810
  22,   23,   51.105288,  -98.517652,      -58.810
  23,   23,   51.107761,  -98.362467,      -58.630
  24,   23,   51.110122,  -98.207273,      -58.630
  25,   23,   51.112372,  -98.052071,      -58.450
  26,   23,   51.114510,  -97.896860,      -58.450
  27,   23,   51.116536,  -97.741642,      -58.450
  28,   23,   51.118451,  -97.586417,      -58.450
  29,   23,   51.120255,  -97.431185,      -58.450
  30,   23,   51.121946,  -97.275947,      -58.450
  31,   23,   51.123526,  -97.120703,      -58.270
  32,   23,   51.124995,  -96.965453,      -58.270
  33,   23,   51.126352,  -96.810198,      -58.270
  34,   23,   51.127597,  -96.654938,      -58.450
  35,   23,   51.128731,  -96.499674,      -58.450
  36,   23,   51.129753,  -96.344406,      -58.450
  37,   23,   51.130664,  -96.189135,      -58.450
  38,   23,   51.131462,  -96.033860,      -58.450
  39,   23,   51.132150,  -95.878583,      -58.450
  40,   23,   51.132725,  -95.723303,      -58.450
  41,   23,   51.133189,  -95.568021,      -58.450
  42,   23,   51.133542,  -95.412738,      -58.450
  43,   23,   51.133783,  -95.257454,      -58.450
  44,   23,   51.133912,  -95.102170,      -58.450
   1,   24,   51.124958, -101.781541,      -60.430
   2,   24,   51.129774, -101.626458,      -60.430
   3,   24,   51.134480, -101.471357,      -60.430
   4,   24,   51.139073, -101.316239,      -60.250
   5,   24,   51.143555, -101.161105,      -60.250
   6,   24,   51.147926, -101.005955,      -60.070
   7,   24,   51.152185, -100.850789,      -60.070
   8,   24,   51.156332, -100.695607,      -59.890
   9,   24,   51.160368, -100.540411,      -59.890
  10,   24,   51.164292, -100.385200,      -59.890
  11,   24,   51.168104, -100.229975,      -59.710
  12,   24,   51.171805, -100.074736,      -59.710
  13,   24,   51.175395,  -99.919484,      -59.530
  14,   24,   51.178873,  -99.764219,      -59.350
  15,   24,   51.182239,  -99.608942,      -59.350
  16,   24,   51.185493,  -99.453652,      -59.170
  17,   24,   51.188636,  -99.298351,      -58.990
  18,   24,   51.191668,  -99.143039,      -58.990
  19,   24,   51.194588,  -98.987715,      -58.990
  20,   24,   51.197396,  -98.832381,      -58.810
  21,   24,   51.200092,  -98.677038,      -58.630
  22,   24,   51.202677,  -98.521684,      -58.630
  23,   24,   51.205151,  -98.366321,      -58.450
  24,   24,   51.207512,  -98.210949,      -58.450
  25,   24,   51.209762,  -98.055569,      -58.450
  26,   24,   51.211901,  -97.900181,      -58.270
  27,   24,   51.213928,  -97.744785,      -58.270
  28,   24,   51.215843,  -97.589382,      -58.270
  29,   24,   51.217647,  -97.433973,      -58.270
  30,   24,   51.219339,  -97.278556,      -58.270
  31,   24,   51.220919,  -97.123134,      -58.270
  32,   24,   51.222388,  -96.967706,      -58.270
  33,   24,   51.223745,  -96.812274,      -58.270
  34,   24,   51.224991,  -96.656836,      -58.270
  35,   24,   51.226125,  -96.501394,      -58.270
  36,   24,   51.227147,  -96.345948,      -58.270
  37,   24,   51.228058,  -96.190498,      -58.450
  38,   24,   51.228857,  -96.035046,      -58.450
  39,   24,   51.229544,  -95.879590,      -58.450
  40,   24,   51.230120,  -95.724132,      -58.450
  41,   24,   51.230584,  -95.568673,      -58.450
  42,   24,   51.230936,  -95.413212,      -58.450
  43,   24,   51.231177,  -95.257750,      -58.450
  44,   24,   51.231307,  -95.102287,      -58.450
   1,   25,   51.222239, -101.789313,      -60.250
   2,   25,   51.227057, -101.634053,      -60.250
   3,   25,   51.231763, -101.478775,      -60.250
   4,   25,   51.236357, -101.323480,      -60.250
   5,   25,   51.240840, -101.168168,      -60.070
   6,   25,   51.245211, -101.012841,      -60.070
   7,   25,   51.249471, -100.857497,      -59.890
   8,   25,   51.253619, -100.702138,      -59.890
   9,   25,   51.257655, -100.546764,      -59.890
  10,   25,   51.261580, -100.391376,      -59.710
  11,   25,   51.265394, -100.235973,      -59.710
  12,   25,   51.269095, -100.080557,      -59.530
  13,   25,   51.272685,  -99.925127,      -59.350
  14,   25,   51.276164,  -99.769684,      -59.350
  15,   25,   51.279530,  -99.614229,      -59.170
  16,   25,   51.282786,  -99.458762,      -58.990
  17,   25,   51.285929,  -99.303283,      -58.990
  18,   25,   51.288961,  -99.147792,      -58.810
  19,   25,   51.291881,  -98.992291,      -58.810
  20,   25,   51.294690,  -98.836779,      -58.630
  21,   25,   51.297387,  -98.681257,      -58.630
  22,   25,   51.299973,  -98.525725,      -58.450
  23,   25,   51.302446,  -98.370184,      -58.450
  24,   25,   51.304808,  -98.214634,      -58.270
  25,   25,   51.307059,  -98.059076,      -58.270
  26,   25,   51.309198,  -97.903510,      -58.270
  27,   25,   51.311225,  -97.747936,      -58.270
  28,   25,   51.313141,  -97.592354,      -58.270
  29,   25,   51.314945,  -97.436766,      -58.270
  30,   25,   51.316637,  -97.281172,      -58.270
  31,   25,   51.318218,  -97.125571,      -58.270
  32,   25,   51.319687,  -96.969965,      -58.090
  33,   25,   51.321044,  -96.814354,      -58.090
  34,   25,   51.322290,  -96.658738,      -58.270
  35,   25,   51.323424,  -96.503117,      -58.270
  36,   25,   51.324447,  -96.347493,      -58.270
  37,   25,   51.325357,  -96.191865,      -58.270
  38,   25,   51.326157,  -96.036234,      -58.270
  39,   25,   51.326844,  -95.880600,      -58.270
  40,   25,   51.327420,  -95.724964,      -58.270
  41,   25,   51.327884,  -95.569326,      -58.270
  42,   25,   51.328237,  -95.413686,      -58.270
  43,   25,   51.328478,  -95.258045,      -58.270
  44,   25,   51.328607,  -95.102404,      -58.270
   1,   26,   51.319426, -101.797103,      -60.250
   2,   26,   51.324245, -101.641665,      -60.250
   3,   26,   51.328951, -101.486210,      -60.070
   4,   26,   51.333547, -101.330737,      -60.070
   5,   26,   51.338030, -101.175248,      -60.070
   6,   26,   51.342402, -101.019743,      -59.890
   7,   26,   51.346663, -100.864221,      -59.890
   8,   26,   51.350812, -100.708684,      -59.710
   9,   26,   51.354849, -100.553132,      -59.710
  10,   26,   51.358774, -100.397566,      -59.530
  11,   26,   51.362588, -100.241985,      -59.530
  12,   26,   51.366290, -100.086391,      -59.350
  13,   26,   51.369881,  -99.930783,      -59.170
  14,   26,   51.373360,  -99.775162,      -59.170
  15,   26,   51.376728,  -99.619528,      -59.170
  16,   26,   51.379983,  -99.463883,      -58.990
  17,   26,   51.383127,  -99.308225,      -58.810
  18,   26,   51.386160,  -99.152556,      -58.810
  19,   26,   51.389081,  -98.996877,      -58.630
  20,   26,   51.391890,  -98.841186,      -58.630
  21,   26,   51.394587,  -98.685486,      -58.450
  22,   26,   51.397173,  -98.529776,      -58.450
  23,   26,   51.399647,  -98.374056,      -58.450
  24,   26,   51.402010,  -98.218328,      -58.270
  25,   26,   51.404261,  -98.062591,      -58.270
  26,   26,   51.406400,  -97.906846,      -58.090
  27,   26,   51.408428,  -97.751093,      -58.090
  28,   26,   51.410344,  -97.595333,      -58.090
  29,   26,   51.412148,  -97.439566,      -58.090
  30,   26,   51.413841,  -97.283793,      -58.090
  31,   26,   51.415422,  -97.128014,      -58.090
  32,   26,   51.416891,  -96.972229,      -58.090
  33,   26,   51.418249,  -96.816439,      -58.090
  34,   26,   51.419495,  -96.660644,      -58.090
  35,   26,   51.420629,  -96.504845,      -58.090
  36,   26,   51.421652,  -96.349041,      -58.090
  37,   26,   51.422562,  -96.193235,      -58.270
  38,   26,   51.423362,  -96.037425,      -58.270
  39,   26,   51.424049,  -95.881612,      -58.270
  40,   26,   51.424625,  -95.725797,      -58.270
  41,   26,   51.425090,  -95.569980,      -58.090
  42,   26,   51.425442,  -95.414162,      -58.090
  43,   26,   51.425683,  -95.258342,      -58.090
  44,   26,   51.425813,  -95.102522,      -58.090
   1,   27,   51.416518, -101.804912,      -60.070
   2,   27,   51.421338, -101.649296,      -60.070
   3,   27,   51.426046, -101.493662,      -60.070
   4,   27,   51.430642, -101.338011,      -59.890
   5,   27,   51.435126, -101.182344,      -59.890
   6,   27,   51.439499, -101.026660,      -59.890
   7,   27,   51.443760, -100.870960,      -59.710
   8,   27,   51.447909, -100.715245,      -59.710
   9,   27,   51.451947, -100.559515,      -59.530
  10,   27,   51.455874, -100.403770,      -59.350
  11,   27,   51.459688, -100.248011,      -59.350
  12,   27,   51.463391, -100.092238,      -59.170
  13,   27,   51.466982,  -99.936451,      -59.170
  14,   27,   51.470462,  -99.780652,      -59.170
  15,   27,   51.473830,  -99.624840,      -58.990
  16,   27,   51.477086,  -99.469015,      -58.810
  17,   27,   51.480231,  -99.313179,      -58.810
  18,   27,   51.483264,  -99.157332,      -58.630
  19,   27,   51.486185,  -99.001473,      -58.630
  20,   27,   51.488995,  -98.845604,      -58.450
  21,   27,   51.491693,  -98.689724,      -58.450
  22,   27,   51.494279,  -98.533835,      -58.450
  23,   27,   51.496754,  -98.377937,      -58.270
  24,   27,   51.499117,  -98.222029,      -58.270
  25,   27,   51.501368,  -98.066114,      -58.090
  26,   27,   51.503508,  -97.910189,      -58.090
  27,   27,   51.505536,  -97.754258,      -58.090
  28,   27,   51.507452,  -97.598319,      -58.090
  29,   27,   51.509257,  -97.442373,      -58.090
  30,   27,   51.510949,  -97.286420,      -58.090
  31,   27,   51.512531,  -97.130462,      -58.090
  32,   27,   51.514000,  -96.974498,      -58.090
  33,   27,   51.515358,  -96.818529,      -58.090
  34,   27,   51.516604,  -96.662555,      -58.090
  35,   27,   51.517739,  -96.506576,      -58.090
  36,   27,   51.518762,  -96.350594,      -58.090
  37,   27,   51.519673,  -96.194608,      -58.090
  38,   27,   51.520472,  -96.038618,      -58.090
  39,   27,   51.521160,  -95.882626,      -58.090
  40,   27,   51.521736,  -95.726632,      -58.090
  41,   27,   51.522200,  -95.570636,      -58.090
  42,   27,   51.522553,  -95.414638,      -58.090
  43,   27,   51.522794,  -95.258639,      -58.090
  44,   27,   51.522923,  -95.102640,      -58.090
   1,   28,   51.513516, -101.812738,      -59.890
   2,   28,   51.518336, -101.656943,      -59.890
   3,   28,   51.523045, -101.501131,      -59.890
   4,   28,   51.527642, -101.345302,      -59.890
   5,   28,   51.532127, -101.189456,      -59.890
   6,   28,   51.536500, -101.033594,      -59.710
   7,   28,   51.540762, -100.877715,      -59.710
   8,   28,   51.544912, -100.721821,      -59.530
   9,   28,   51.548951, -100.565912,      -59.350
  10,   28,   51.552878, -100.409989,      -59.350
  11,   28,   51.556693, -100.254051,      -59.170
  12,   28,   51.560397, -100.098099,      -59.170
  13,   28,   51.563988,  -99.942133,      -58.990
  14,   28,   51.567469,  -99.786155,      -58.990
  15,   28,   51.570837,  -99.630163,      -58.810
  16,   28,   51.574094,  -99.474160,      -58.810
  17,   28,   51.577239,  -99.318145,      -58.630
  18,   28,   51.580273,  -99.162118,      -58.630
  19,   28,   51.583195,  -99.006080,      -58.450
  20,   28,   51.586005,  -98.850031,      -58.450
  21,   28,   51.588703,  -98.693973,      -58.270
  22,   28,   51.591290,  -98.537904,      -58.270
  23,   28,   51.593765,  -98.381827,      -58.270
  24,   28,   51.596128,  -98.225740,      -58.090
  25,   28,   51.598380,  -98.069644,      -58.090
  26,   28,   51.600520,  -97.913541,      -58.090
  27,   28,   51.602548,  -97.757430,      -57.910
  28,   28,   51.604465,  -97.601311,      -57.910
  29,   28,   51.606270,  -97.445186,      -57.910
  30,   28,   51.607963,  -97.289054,      -57.910
  31,   28,   51.609545,  -97.132916,      -57.910
  32,   28,   51.611014,  -96.976772,      -57.910
  33,   28,   51.612372,  -96.820623,      -57.910
  34,   28,   51.613619,  -96.664470,      -58.090
  35,   28,   51.614754,  -96.508312,      -58.090
  36,   28,   51.615777,  -96.352149,      -58.090
  37,   28,   51.616688,  -96.195984,      -58.090
  38,   28,   51.617487,  -96.039815,      -58.090
  39,   28,   51.618175,  -95.883643,      -58.090
  40,   28,   51.618751,  -95.727469,      -58.090
  41,   28,   51.619216,  -95.571293,      -58.090
  42,   28,   51.619569,  -95.415116,      -58.090
  43,   28,   51.619810,  -95.258937,      -57.910
  44,   28,   51.619939,  -95.102758,      -57.910
   1,   29,   51.610418, -101.820582,      -59.890
   2,   29,   51.615239, -101.664608,      -59.890
   3,   29,   51.619949, -101.508618,      -59.890
   4,   29,   51.624546, -101.352609,      -59.710
   5,   29,   51.629032, -101.196584,      -59.710
   6,   29,   51.633406, -101.040543,      -59.530
   7,   29,   51.637669, -100.884486,      -59.530
   8,   29,   51.641820, -100.728413,      -59.350
   9,   29,   51.645859, -100.572324,      -59.350
  10,   29,   51.649787, -100.416222,      -59.350
  11,   29,   51.653603, -100.260104,      -59.170
  12,   29,   51.657307, -100.103973,      -58.990
  13,   29,   51.660899,  -99.947828,      -58.990
  14,   29,   51.664380,  -99.791670,      -58.810
  15,   29,   51.667749,  -99.635499,      -58.810
  16,   29,   51.671007,  -99.479316,      -58.630
  17,   29,   51.674152,  -99.323121,      -58.450
  18,   29,   51.677186,  -99.166915,      -58.450
  19,   29,   51.680109,  -99.010698,      -58.450
  20,   29,   51.682919,  -98.854469,      -58.270
  21,   29,   51.685618,  -98.698231,      -58.270
  22,   29,   51.688205,  -98.541983,      -58.090
  23,   29,   51.690681,  -98.385725,      -58.090
  24,   29,   51.693045,  -98.229459,      -58.090
  25,   29,   51.695297,  -98.073184,      -58.090
  26,   29,   51.697437,  -97.916900,      -58.090
  27,   29,   51.699466,  -97.760609,      -57.910
  28,   29,   51.701382,  -97.604311,      -57.910
  29,   29,   51.703188,  -97.448005,      -57.910
  30,   29,   51.704881,  -97.291693,      -57.910
  31,   29,   51.706463,  -97.135375,      -57.910
  32,   29,   51.707933,  -96.979052,      -57.910
  33,   29,   51.709291,  -96.822723,      -57.910
  34,   29,   51.710538,  -96.666389,      -57.910
  35,   29,   51.711673,  -96.510051,      -57.910
  36,   29,   51.712696,  -96.353709,      -57.910
  37,   29,   51.713607,  -96.197363,      -57.910
  38,   29,   51.714407,  -96.041014,      -57.910
  39,   29,   51.715095,  -95.884662,      -57.910
  40,   29,   51.715671,  -95.728308,      -57.910
  41,   29,   51.716136,  -95.571952,      -57.910
  42,   29,   51.716489,  -95.415595,      -57.910
  43,   29,   51.716730,  -95.259236,      -57.910
  44,   29,   51.716859,  -95.102877,      -57.730
   1,   30,   51.707225, -101.828444,      -59.890
   2,   30,   51.712047, -101.672291,      -59.710
   3,   30,   51.716757, -101.516121,      -59.710
   4,   30,   51.721355, -101.359934,      -59.710
   5,   30,   51.725842, -101.203729,      -59.530
   6,   30,   51.730217, -101.047509,      -59.530
   7,   30,   51.734480, -100.891272,      -59.350
   8,   30,   51.738632, -100.735019,      -59.350
   9,   30,   51.742672, -100.578751,      -59.350
  10,   30,   51.746600, -100.422469,      -59.170
  11,   30,   51.750417, -100.266172,      -58.990
  12,   30,   51.754121, -100.109861,      -58.990
  13,   30,   51.757714,  -99.953536,      -58.810
  14,   30,   51.761196,  -99.797198,      -58.630
  15,   30,   51.764565,  -99.640848,      -58.630
  16,   30,   51.767823,  -99.484485,      -58.450
  17,   30,   51.770970,  -99.328110,      -58.450
  18,   30,   51.774004,  -99.171723,      -58.450
  19,   30,   51.776927,  -99.015326,      -58.270
  20,   30,   51.779738,  -98.858918,      -58.270
  21,   30,   51.782437,  -98.702499,      -58.090
  22,   30,   51.785025,  -98.546071,      -58.090
  23,   30,   51.787501,  -98.389633,      -58.090
  24,   30,   51.789865,  -98.233186,      -57.910
  25,   30,   51.792117,  -98.076731,      -57.910
  26,   30,   51.794258,  -97.920267,      -57.910
  27,   30,   51.796287,  -97.763796,      -57.910
  28,   30,   51.798204,  -97.607317,      -57.910
  29,   30,   51.800010,  -97.450831,      -57.910
  30,   30,   51.801704,  -97.294339,      -57.910
  31,   30,   51.803286,  -97.137841,      -57.910
  32,   30,   51.804756,  -96.981337,      -57.910
  33,   30,   51.806114,  -96.824827,      -57.910
  34,   30,   51.807361,  -96.668313,      -57.910
  35,   30,   51.808496,  -96.511794,      -57.910
  36,   30,   51.809520,  -96.355272,      -57.910
  37,   30,   51.810431,  -96.198745,      -57.910
  38,   30,   51.811231,  -96.042216,      -57.910
  39,   30,   51.811919,  -95.885684,      -57.910
  40,   30,   51.812495,  -95.729149,      -57.910
  41,   30,   51.812960,  -95.572613,      -57.910
  42,   30,   51.813313,  -95.416074,      -57.910
  43,   30,   51.813554,  -95.259535,      -57.910
  44,   30,   51.813684,  -95.102995,      -57.730
   1,   31,   51.803936, -101.836324,      -59.710
   2,   31,   51.808759, -101.679992,      -59.710
   3,   31,   51.813470, -101.523642,      -59.530
   4,   31,   51.818069, -101.367275,      -59.530
   5,   31,   51.822556, -101.210891,      -59.530
   6,   31,   51.826932, -101.054490,      -59.350
   7,   31,   51.831196, -100.898073,      -59.350
   8,   31,   51.835348, -100.741641,      -59.350
   9,   31,   51.839389, -100.585193,      -59.170
  10,   31,   51.843317, -100.428730,      -58.990
  11,   31,   51.847135, -100.272253,      -58.990
  12,   31,   51.850840, -100.115762,      -58.810
  13,   31,   51.854434,  -99.959257,      -58.630
  14,   31,   51.857916,  -99.802739,      -58.630
  15,   31,   51.861286,  -99.646208,      -58.450
  16,   31,   51.864544,  -99.489665,      -58.450
  17,   31,   51.867691,  -99.333110,      -58.450
  18,   31,   51.870726,  -99.176543,      -58.270
  19,   31,   51.873649,  -99.019965,      -58.270
  20,   31,   51.876461,  -98.863376,      -58.090
  21,   31,   51.879161,  -98.706777,      -58.090
  22,   31,   51.881749,  -98.550168,      -58.090
  23,   31,   51.884225,  -98.393550,      -57.910
  24,   31,   51.886589,  -98.236922,      -57.910
  25,   31,   51.888842,  -98.080286,      -57.910
  26,   31,   51.890983,  -97.923642,      -57.910
  27,   31,   51.893012,  -97.766990,      -57.910
  28,   31,   51.894930,  -97.610330,      -57.910
  29,   31,   51.896736,  -97.453664,      -57.910
  30,   31,   51.898430,  -97.296991,      -57.730
  31,   31,   51.900012,  -97.140312,      -57.730
  32,   31,   51.901483,  -96.983627,      -57.910
  33,   31,   51.902841,  -96.826937,      -57.910
  34,   31,   51.904088,  -96.670241,      -57.910
  35,   31,   51.905224,  -96.513542,      -57.910
  36,   31,   51.906247,  -96.356838,      -57.910
  37,   31,   51.907159,  -96.200131,      -57.910
  38,   31,   51.907959,  -96.043421,      -57.730
  39,   31,   51.908647,  -95.886708,      -57.730
  40,   31,   51.909224,  -95.729992,      -57.730
  41,   31,   51.909688,  -95.573274,      -57.730
  42,   31,   51.910041,  -95.416555,      -57.730
  43,   31,   51.910282,  -95.259835,      -57.730
  44,   31,   51.910412,  -95.103114,      -57.730
   1,   32,   51.900551, -101.844222,      -59.710
   2,   32,   51.905374, -101.687710,      -59.530
   3,   32,   51.910086, -101.531180,      -59.530
   4,   32,   51.914686, -101.374633,      -59.350
   5,   32,   51.919174, -101.218069,      -59.350
   6,   32,   51.923550, -101.061488,      -59.350
   7,   32,   51.927815, -100.904891,      -59.350
   8,   32,   51.931968, -100.748278,      -59.170
   9,   32,   51.936009, -100.591650,      -58.990
  10,   32,   51.939939, -100.435006,      -58.990
  11,   32,   51.943756, -100.278349,      -58.810
  12,   32,   51.947462, -100.121677,      -58.630
  13,   32,   51.951057,  -99.964991,      -58.630
  14,   32,   51.954539,  -99.808293,      -58.630
  15,   32,   51.957910,  -99.651581,      -58.450
  16,   32,   51.961169,  -99.494857,      -58.450
  17,   32,   51.964316,  -99.338121,      -58.270
  18,   32,   51.967352,  -99.181373,      -58.270
  19,   32,   51.970275,  -99.024614,      -58.090
  20,   32,   51.973087,  -98.867845,      -58.090
  21,   32,   51.975787,  -98.711065,      -58.090
  22,   32,   51.978376,  -98.554275,      -57.910
  23,   32,   51.980853,  -98.397476,      -57.910
  24,   32,   51.983217,  -98.240667,      -57.910
  25,   32,   51.985471,  -98.083850,      -57.910
  26,   32,   51.987612,  -97.927024,      -57.730
  27,   32,   51.989642,  -97.770191,      -57.730
  28,   32,   51.991559,  -97.613351,      -57.730
  29,   32,   51.993366,  -97.456503,      -57.730
  30,   32,   51.995060,  -97.299649,      -57.730
  31,   32,   51.996642,  -97.142788,      -57.730
  32,   32,   51.998113,  -96.985922,      -57.730
  33,   32,   51.999472,  -96.829051,      -57.730
  34,   32,   52.000719,  -96.672174,      -57.730
  35,   32,   52.001855,  -96.515293,      -57.730
  36,   32,   52.002878,  -96.358409,      -57.730
  37,   32,   52.003790,  -96.201520,      -57.730
  38,   32,   52.004590,  -96.044628,      -57.730
  39,   32,   52.005279,  -95.887734,      -57.730
  40,   32,   52.005855,  -95.730837,      -57.730
  41,   32,   52.006320,  -95.573938,      -57.730
  42,   32,   52.006673,  -95.417037,      -57.550
  43,   32,   52.006914,  -95.260136,      -57.550
  44,   32,   52.007044,  -95.103234,      -57.550
   1,   33,   51.997070, -101.852139,      -59.530
   2,   33,   52.001894, -101.695447,      -59.530
   3,   33,   52.006606, -101.538736,      -59.350
   4,   33,   52.011207, -101.382008,      -59.350
   5,   33,   52.015695, -101.225263,      -59.350
   6,   33,   52.020073, -101.068502,      -59.170
   7,   33,   52.024338, -100.911724,      -59.170
   8,   33,   52.028492, -100.754930,      -58.990
   9,   33,   52.032533, -100.598121,      -58.990
  10,   33,   52.036463, -100.441297,      -58.810
  11,   33,   52.040282, -100.284458,      -58.810
  12,   33,   52.043988, -100.127606,      -58.630
  13,   33,   52.047583,  -99.970739,      -58.630
  14,   33,   52.051066,  -99.813859,      -58.450
  15,   33,   52.054437,  -99.656966,      -58.270
  16,   33,   52.057697,  -99.500061,      -58.270
  17,   33,   52.060845,  -99.343144,      -58.090
  18,   33,   52.063881,  -99.186215,      -58.090
  19,   33,   52.066805,  -99.029275,      -58.090
  20,   33,   52.069617,  -98.872324,      -58.090
  21,   33,   52.072318,  -98.715363,      -57.910
  22,   33,   52.074907,  -98.558391,      -57.910
  23,   33,   52.077384,  -98.401410,      -57.910
  24,   33,   52.079749,  -98.244420,      -57.730
  25,   33,   52.082002,  -98.087422,      -57.730
  26,   33,   52.084144,  -97.930415,      -57.730
  27,   33,   52.086174,  -97.773400,      -57.730
  28,   33,   52.088092,  -97.616378,      -57.730
  29,   33,   52.089899,  -97.459349,      -57.730
  30,   33,   52.091593,  -97.302313,      -57.730
  31,   33,   52.093176,  -97.145271,      -57.730
  32,   33,   52.094647,  -96.988223,      -57.730
  33,   33,   52.096006,  -96.831170,      -57.730
  34,   33,   52.097254,  -96.674112,      -57.730
  35,   33,   52.098389,  -96.517049,      -57.730
  36,   33,   52.099413,  -96.359982,      -57.730
  37,   33,   52.100325,  -96.202912,      -57.730
  38,   33,   52.101125,  -96.045839,      -57.730
  39,   33,   52.101814,  -95.888762,      -57.550
  40,   33,   52.102390,  -95.731684,      -57.550
  41,   33,   52.102855,  -95.574603,      -57.550
  42,   33,   52.103208,  -95.417521,      -57.550
  43,   33,   52.103449,  -95.260437,      -57.550
  44,   33,   52.103579,  -95.103353,      -57.370
   1,   34,   52.093491, -101.860074,      -59.350
   2,   34,   52.098316, -101.703201,      -59.350
   3,   34,   52.103029, -101.546309,      -59.350
   4,   34,   52.107631, -101.389401,      -59.350
   5,   34,   52.112120, -101.232475,      -59.170
   6,   34,   52.116498, -101.075532,      -59.170
   7,   34,   52.120764, -100.918573,      -58.990
   8,   34,   52.124918, -100.761598,      -58.990
   9,   34,   52.128961, -100.604608,      -58.810
  10,   34,   52.132891, -100.447602,      -58.810
  11,   34,   52.136710, -100.290582,      -58.630
  12,   34,   52.140417, -100.133548,      -58.630
  13,   34,   52.144013,  -99.976500,      -58.450
  14,   34,   52.147496,  -99.819439,      -58.270
  15,   34,   52.150868,  -99.662364,      -58.270
  16,   34,   52.154128,  -99.505277,      -58.090
  17,   34,   52.157276,  -99.348179,      -58.090
  18,   34,   52.160313,  -99.191068,      -57.910
  19,   34,   52.163237,  -99.033946,      -57.910
  20,   34,   52.166050,  -98.876813,      -57.910
  21,   34,   52.168751,  -98.719670,      -57.910
  22,   34,   52.171341,  -98.562517,      -57.910
  23,   34,   52.173818,  -98.405354,      -57.730
  24,   34,   52.176184,  -98.248183,      -57.730
  25,   34,   52.178437,  -98.091002,      -57.730
  26,   34,   52.180579,  -97.933813,      -57.730
  27,   34,   52.182610,  -97.776616,      -57.730
  28,   34,   52.184528,  -97.619412,      -57.730
  29,   34,   52.186335,  -97.462201,      -57.730
  30,   34,   52.188030,  -97.304983,      -57.730
  31,   34,   52.189613,  -97.147759,      -57.730
  32,   34,   52.191084,  -96.990529,      -57.730
  33,   34,   52.192443,  -96.833294,      -57.730
  34,   34,   52.193691,  -96.676053,      -57.730
  35,   34,   52.194827,  -96.518809,      -57.730
  36,   34,   52.195851,  -96.361560,      -57.730
  37,   34,   52.196763,  -96.204307,      -57.730
  38,   34,   52.197563,  -96.047052,      -57.550
  39,   34,   52.198252,  -95.889793,      -57.550
  40,   34,   52.198828,  -95.732532,      -57.550
  41,   34,   52.199293,  -95.575269,      -57.370
  42,   34,   52.199646,  -95.418005,      -57.370
  43,   34,   52.199888,  -95.260739,      -57.370
  44,   34,   52.200017,  -95.103473,      -57.370
   1,   35,   52.189816, -101.868027,      -59.350
   2,   35,   52.194642, -101.710973,      -59.350
   3,   35,   52.199356, -101.553900,      -59.170
   4,   35,   52.203958, -101.396810,      -59.170
   5,   35,   52.208448, -101.239702,      -59.170
   6,   35,   52.212826, -101.082578,      -58.990
   7,   35,   52.217093, -100.925438,      -58.810
   8,   35,   52.221248, -100.768281,      -58.810
   9,   35,   52.225291, -100.611109,      -58.810
  10,   35,   52.229222, -100.453922,      -58.630
  11,   35,   52.233042, -100.296720,      -58.630
  12,   35,   52.236750, -100.139504,      -58.450
  13,   35,   52.240345,  -99.982274,      -58.270
  14,   35,   52.243829,  -99.825031,      -58.270
  15,   35,   52.247202,  -99.667775,      -58.090
  16,   35,   52.250462,  -99.510506,      -58.090
  17,   35,   52.253611,  -99.353225,      -58.090
  18,   35,   52.256648,  -99.195932,      -57.910
  19,   35,   52.259573,  -99.038628,      -57.910
  20,   35,   52.262386,  -98.881313,      -57.910
  21,   35,   52.265088,  -98.723988,      -57.730
  22,   35,   52.267677,  -98.566653,      -57.730
  23,   35,   52.270155,  -98.409308,      -57.730
  24,   35,   52.272521,  -98.251953,      -57.730
  25,   35,   52.274775,  -98.094591,      -57.730
  26,   35,   52.276918,  -97.937219,      -57.730
  27,   35,   52.278948,  -97.779840,      -57.730
  28,   35,   52.280867,  -97.622453,      -57.550
  29,   35,   52.282674,  -97.465060,      -57.550
  30,   35,   52.284369,  -97.307659,      -57.730
  31,   35,   52.285952,  -97.150253,      -57.730
  32,   35,   52.287424,  -96.992840,      -57.730
  33,   35,   52.288783,  -96.835422,      -57.550
  34,   35,   52.290031,  -96.678000,      -57.550
  35,   35,   52.291167,  -96.520572,      -57.550
  36,   35,   52.292191,  -96.363141,      -57.550
  37,   35,   52.293103,  -96.205706,      -57.550
  38,   35,   52.293904,  -96.048268,      -57.550
  39,   35,   52.294592,  -95.890827,      -57.550
  40,   35,   52.295169,  -95.733383,      -57.370
  41,   35,   52.295634,  -95.575938,      -57.370
  42,   35,   52.295987,  -95.418490,      -57.370
  43,   35,   52.296229,  -95.261042,      -57.190
  44,   35,   52.296358,  -95.103593,      -57.190
   1,   36,   52.286044, -101.875999,      -59.170
   2,   36,   52.290870, -101.718763,      -59.170
   3,   36,   52.295585, -101.561509,      -59.170
   4,   36,   52.300188, -101.404236,      -58.990
   5,   36,   52.304678, -101.246947,      -58.990
   6,   36,   52.309058, -101.089641,      -58.810
   7,   36,   52.313325, -100.932318,      -58.810
   8,   36,   52.317480, -100.774980,      -58.810
   9,   36,   52.321524, -100.617626,      -58.630
  10,   36,   52.325456, -100.460256,      -58.630
  11,   36,   52.329276, -100.302872,      -58.450
  12,   36,   52.332984, -100.145474,      -58.270
  13,   36,   52.336581,  -99.988062,      -58.270
  14,   36,   52.340065,  -99.830636,      -58.270
  15,   36,   52.343438,  -99.673198,      -58.090
  16,   36,   52.346699,  -99.515746,      -58.090
  17,   36,   52.349848,  -99.358283,      -57.910
  18,   36,   52.352885,  -99.200808,      -57.910
  19,   36,   52.355811,  -99.043321,      -57.730
  20,   36,   52.358625,  -98.885824,      -57.730
  21,   36,   52.361326,  -98.728316,      -57.730
  22,   36,   52.363916,  -98.570798,      -57.730
  23,   36,   52.366395,  -98.413270,      -57.730
  24,   36,   52.368761,  -98.255733,      -57.730
  25,   36,   52.371016,  -98.098187,      -57.730
  26,   36,   52.373158,  -97.940633,      -57.550
  27,   36,   52.375189,  -97.783071,      -57.550
  28,   36,   52.377108,  -97.625502,      -57.550
  29,   36,   52.378915,  -97.467925,      -57.550
  30,   36,   52.380611,  -97.310342,      -57.550
  31,   36,   52.382194,  -97.152752,      -57.550
  32,   36,   52.383666,  -96.995157,      -57.550
  33,   36,   52.385025,  -96.837556,      -57.550
  34,   36,   52.386273,  -96.679950,      -57.550
  35,   36,   52.387410,  -96.522340,      -57.550
  36,   36,   52.388434,  -96.364726,      -57.550
  37,   36,   52.389346,  -96.207108,      -57.550
  38,   36,   52.390147,  -96.049486,      -57.370
  39,   36,   52.390836,  -95.891862,      -57.370
  40,   36,   52.391412,  -95.734236,      -57.370
  41,   36,   52.391878,  -95.576607,      -57.370
  42,   36,   52.392231,  -95.418977,      -57.190
  43,   36,   52.392472,  -95.261346,      -57.190
  44,   36,   52.392602,  -95.103714,      -57.010
   1,   37,   52.382174, -101.883990,      -59.170
   2,   37,   52.387001, -101.726571,      -58.990
   3,   37,   52.391716, -101.569135,      -58.990
   4,   37,   52.396320, -101.411680,      -58.990
   5,   37,   52.400811, -101.254209,      -58.810
   6,   37,   52.405191, -101.096720,      -58.810
   7,   37,   52.409459, -100.939215,      -58.810
   8,   37,   52.413615, -100.781694,      -58.630
   9,   37,   52.417659, -100.624157,      -58.630
  10,   37,   52.421592, -100.466606,      -58.450
  11,   37,   52.425412, -100.309039,      -58.270
  12,   37,   52.429121, -100.151458,      -58.270
  13,   37,   52.432718,  -99.993863,      -58.270
  14,   37,   52.436203,  -99.836255,      -58.090
  15,   37,   52.439577,  -99.678633,      -58.090
  16,   37,   52.442838,  -99.520999,      -57.910
  17,   37,   52.445988,  -99.363353,      -57.910
  18,   37,   52.449025,  -99.205695,      -57.730
  19,   37,   52.451951,  -99.048025,      -57.730
  20,   37,   52.454765,  -98.890345,      -57.730
  21,   37,   52.457468,  -98.732653,      -57.730
  22,   37,   52.460058,  -98.574952,      -57.550
  23,   37,   52.462537,  -98.417242,      -57.550
  24,   37,   52.464903,  -98.259521,      -57.550
  25,   37,   52.467158,  -98.101793,      -57.550
  26,   37,   52.469301,  -97.944055,      -57.550
  27,   37,   52.471332,  -97.786310,      -57.550
  28,   37,   52.473251,  -97.628557,      -57.550
  29,   37,   52.475059,  -97.470797,      -57.550
  30,   37,   52.476754,  -97.313031,      -57.550
  31,   37,   52.478338,  -97.155258,      -57.550
  32,   37,   52.479810,  -96.997479,      -57.550
  33,   37,   52.481170,  -96.839695,      -57.550
  34,   37,   52.482418,  -96.681906,      -57.550
  35,   37,   52.483554,  -96.524112,      -57.550
  36,   37,   52.484579,  -96.366314,      -57.370
  37,   37,   52.485491,  -96.208513,      -57.370
  38,   37,   52.486292,  -96.050708,      -57.370
  39,   37,   52.486981,  -95.892900,      -57.370
  40,   37,   52.487558,  -95.735090,      -57.190
  41,   37,   52.488023,  -95.577278,      -57.190
  42,   37,   52.488376,  -95.419465,      -57.190
  43,   37,   52.488618,  -95.261650,      -57.010
  44,   37,   52.488747,  -95.103835,      -57.010
   1,   38,   52.478206, -101.891999,      -58.990
   2,   38,   52.483034, -101.734398,      -58.990
   3,   38,   52.487750, -101.576778,      -58.990
   4,   38,   52.492354, -101.419141,      -58.810
   5,   38,   52.496846, -101.261487,      -58.810
   6,   38,   52.501227, -101.103816,      -58.810
   7,   38,   52.505495, -100.946128,      -58.630
   8,   38,   52.509652, -100.788424,      -58.450
   9,   38,   52.513697, -100.630704,      -58.450
  10,   38,   52.517630, -100.472970,      -58.270
  11,   38,   52.521451, -100.315220,      -58.270
  12,   38,   52.525160, -100.157456,      -58.270
  13,   38,   52.528758,  -99.999678,      -58.090
  14,   38,   52.532243,  -99.841886,      -58.090
  15,   38,   52.535617,  -99.684081,      -57.910
  16,   38,   52.538879,  -99.526264,      -57.910
  17,   38,   52.542029,  -99.368434,      -57.730
  18,   38,   52.545067,  -99.210593,      -57.730
  19,   38,   52.547994,  -99.052740,      -57.730
  20,   38,   52.550808,  -98.894876,      -57.550
  21,   38,   52.553511,  -98.737001,      -57.550
  22,   38,   52.556101,  -98.579117,      -57.550
  23,   38,   52.558580,  -98.421222,      -57.550
  24,   38,   52.560947,  -98.263319,      -57.550
  25,   38,   52.563203,  -98.105406,      -57.550
  26,   38,   52.565346,  -97.947485,      -57.550
  27,   38,   52.567377,  -97.789556,      -57.550
  28,   38,   52.569297,  -97.631620,      -57.550
  29,   38,   52.571105,  -97.473676,      -57.550
  30,   38,   52.572800,  -97.315726,      -57.550
  31,   38,   52.574384,  -97.157769,      -57.550
  32,   38,   52.575856,  -96.999807,      -57.550
  33,   38,   52.577217,  -96.841839,      -57.550
  34,   38,   52.578465,  -96.683866,      -57.550
  35,   38,   52.579601,  -96.525888,      -57.550
  36,   38,   52.580626,  -96.367907,      -57.370
  37,   38,   52.581539,  -96.209921,      -57.370
  38,   38,   52.582339,  -96.051933,      -57.370
  39,   38,   52.583028,  -95.893941,      -57.190
  40,   38,   52.583605,  -95.735947,      -57.190
  41,   38,   52.584071,  -95.577951,      -57.010
  42,   38,   52.584424,  -95.419954,      -57.010
  43,   38,   52.584665,  -95.261955,      -57.010
  44,   38,   52.584795,  -95.103956,      -56.830
   1,   39,   52.574141, -101.900026,      -58.990
   2,   39,   52.578969, -101.742242,      -58.810
   3,   39,   52.583686, -101.584440,      -58.810
   4,   39,   52.588290, -101.426620,      -58.810
   5,   39,   52.592783, -101.268782,      -58.630
   6,   39,   52.597164, -101.110928,      -58.630
   7,   39,   52.601433, -100.953057,      -58.450
   8,   39,   52.605591, -100.795170,      -58.450
   9,   39,   52.609636, -100.637267,      -58.270
  10,   39,   52.613570, -100.479348,      -58.270
  11,   39,   52.617391, -100.321415,      -58.270
  12,   39,   52.621101, -100.163468,      -58.090
  13,   39,   52.624699, -100.005506,      -58.090
  14,   39,   52.628185,  -99.847531,      -57.910
  15,   39,   52.631559,  -99.689542,      -57.730
  16,   39,   52.634822,  -99.531541,      -57.730
  17,   39,   52.637972,  -99.373528,      -57.730
  18,   39,   52.641011,  -99.215502,      -57.730
  19,   39,   52.643938,  -99.057466,      -57.550
  20,   39,   52.646753,  -98.899418,      -57.550
  21,   39,   52.649456,  -98.741359,      -57.550
  22,   39,   52.652047,  -98.583291,      -57.370
  23,   39,   52.654526,  -98.425212,      -57.370
  24,   39,   52.656893,  -98.267125,      -57.370
  25,   39,   52.659149,  -98.109028,      -57.370
  26,   39,   52.661292,  -97.950923,      -57.370
  27,   39,   52.663324,  -97.792810,      -57.370
  28,   39,   52.665244,  -97.634690,      -57.370
  29,   39,   52.667052,  -97.476562,      -57.370
  30,   39,   52.668748,  -97.318427,      -57.370
  31,   39,   52.670332,  -97.160286,      -57.370
  32,   39,   52.671804,  -97.002140,      -57.370
  33,   39,   52.673165,  -96.843987,      -57.370
  34,   39,   52.674413,  -96.685830,      -57.370
  35,   39,   52.675550,  -96.527668,      -57.370
  36,   39,   52.676575,  -96.369503,      -57.370
  37,   39,   52.677487,  -96.211333,      -57.370
  38,   39,   52.678288,  -96.053160,      -57.190
  39,   39,   52.678977,  -95.894984,      -57.190
  40,   39,   52.679554,  -95.736806,      -57.010
  41,   39,   52.680020,  -95.578625,      -57.010
  42,   39,   52.680373,  -95.420444,      -57.010
  43,   39,   52.680615,  -95.262261,      -56.830
  44,   39,   52.680744,  -95.104077,      -56.830
   1,   40,   52.669977, -101.908072,      -58.810
   2,   40,   52.674806, -101.750105,      -58.810
   3,   40,   52.679523, -101.592119,      -58.810
   4,   40,   52.684128, -101.434116,      -58.630
   5,   40,   52.688622, -101.276095,      -58.630
   6,   40,   52.693003, -101.118057,      -58.450
   7,   40,   52.697273, -100.960002,      -58.450
   8,   40,   52.701431, -100.801931,      -58.270
   9,   40,   52.705477, -100.643844,      -58.270
  10,   40,   52.709411, -100.485742,      -58.270
  11,   40,   52.713233, -100.327625,      -58.090
  12,   40,   52.716943, -100.169493,      -58.090
  13,   40,   52.720542, -100.011348,      -57.910
  14,   40,   52.724029,  -99.853189,      -57.730
  15,   40,   52.727403,  -99.695016,      -57.730
  16,   40,   52.730666,  -99.536831,      -57.730
  17,   40,   52.733817,  -99.378633,      -57.550
  18,   40,   52.736856,  -99.220424,      -57.550
  19,   40,   52.739783,  -99.062203,      -57.550
  20,   40,   52.742598,  -98.903970,      -57.550
  21,   40,   52.745302,  -98.745728,      -57.370
  22,   40,   52.747893,  -98.587475,      -57.370
  23,   40,   52.750373,  -98.429212,      -57.370
  24,   40,   52.752741,  -98.270940,      -57.370
  25,   40,   52.754996,  -98.112659,      -57.370
  26,   40,   52.757140,  -97.954369,      -57.370
  27,   40,   52.759172,  -97.796072,      -57.370
  28,   40,   52.761092,  -97.637766,      -57.370
  29,   40,   52.762900,  -97.479454,      -57.370
  30,   40,   52.764597,  -97.321135,      -57.370
  31,   40,   52.766181,  -97.162809,      -57.370
  32,   40,   52.767654,  -97.004478,      -57.370
  33,   40,   52.769014,  -96.846141,      -57.370
  34,   40,   52.770263,  -96.687799,      -57.370
  35,   40,   52.771400,  -96.529453,      -57.370
  36,   40,   52.772424,  -96.371102,      -57.370
  37,   40,   52.773337,  -96.212748,      -57.190
  38,   40,   52.774138,  -96.054390,      -57.190
  39,   40,   52.774828,  -95.896029,      -57.010
  40,   40,   52.775405,  -95.737666,      -57.010
  41,   40,   52.775870,  -95.579301,      -57.010
  42,   40,   52.776224,  -95.420935,      -56.830
  43,   40,   52.776465,  -95.262567,      -56.830
  44,   40,   52.776595,  -95.104198,      -56.830
   1,   41,   52.765714, -101.916137,      -58.810
   2,   41,   52.770543, -101.757986,      -58.810
   3,   41,   52.775261, -101.599817,      -58.630
   4,   41,   52.779867, -101.441629,      -58.630
   5,   41,   52.784361, -101.283424,      -58.450
   6,   41,   52.788743, -101.125202,      -58.450
   7,   41,   52.793014, -100.966963,      -58.270
   8,   41,   52.797172, -100.808708,      -58.270
   9,   41,   52.801219, -100.650437,      -58.090
  10,   41,   52.805153, -100.492151,      -58.090
  11,   41,   52.808976, -100.333849,      -57.910
  12,   41,   52.812687, -100.175533,      -57.910
  13,   41,   52.816286, -100.017203,      -57.730
  14,   41,   52.819773,  -99.858860,      -57.730
  15,   41,   52.823148,  -99.700503,      -57.730
  16,   41,   52.826411,  -99.542133,      -57.550
  17,   41,   52.829563,  -99.383750,      -57.550
  18,   41,   52.832602,  -99.225356,      -57.550
  19,   41,   52.835530,  -99.066950,      -57.370
  20,   41,   52.838345,  -98.908534,      -57.370
  21,   41,   52.841049,  -98.750106,      -57.370
  22,   41,   52.843641,  -98.591668,      -57.370
  23,   41,   52.846121,  -98.433221,      -57.370
  24,   41,   52.848489,  -98.274764,      -57.370
  25,   41,   52.850745,  -98.116298,      -57.370
  26,   41,   52.852889,  -97.957823,      -57.370
  27,   41,   52.854921,  -97.799341,      -57.370
  28,   41,   52.856842,  -97.640851,      -57.370
  29,   41,   52.858650,  -97.482353,      -57.370
  30,   41,   52.860347,  -97.323849,      -57.370
  31,   41,   52.861931,  -97.165338,      -57.370
  32,   41,   52.863404,  -97.006822,      -57.370
  33,   41,   52.864765,  -96.848300,      -57.370
  34,   41,   52.866014,  -96.689773,      -57.370
  35,   41,   52.867151,  -96.531241,      -57.190
  36,   41,   52.868176,  -96.372706,      -57.190
  37,   41,   52.869089,  -96.214166,      -57.190
  38,   41,   52.869890,  -96.055623,      -57.190
  39,   41,   52.870579,  -95.897077,      -57.010
  40,   41,   52.871156,  -95.738529,      -57.010
  41,   41,   52.871622,  -95.579979,      -56.830
  42,   41,   52.871975,  -95.421427,      -56.830
  43,   41,   52.872217,  -95.262874,      -56.650
  44,   41,   52.872346,  -95.104320,      -56.650
   1,   42,   52.861352, -101.924221,      -58.630
   2,   42,   52.866182, -101.765886,      -58.630
   3,   42,   52.870901, -101.607532,      -58.630
   4,   42,   52.875507, -101.449160,      -58.450
   5,   42,   52.880002, -101.290771,      -58.270
   6,   42,   52.884385, -101.132364,      -58.270
   7,   42,   52.888656, -100.973941,      -58.270
   8,   42,   52.892815, -100.815501,      -58.090
   9,   42,   52.896862, -100.657045,      -58.090
  10,   42,   52.900797, -100.498574,      -57.910
  11,   42,   52.904620, -100.340088,      -57.910
  12,   42,   52.908331, -100.181587,      -57.910
  13,   42,   52.911931, -100.023072,      -57.730
  14,   42,   52.915418,  -99.864544,      -57.730
  15,   42,   52.918794,  -99.706002,      -57.550
  16,   42,   52.922058,  -99.547447,      -57.550
  17,   42,   52.925210,  -99.388880,      -57.370
  18,   42,   52.928249,  -99.230300,      -57.370
  19,   42,   52.931177,  -99.071710,      -57.370
  20,   42,   52.933993,  -98.913107,      -57.370
  21,   42,   52.936697,  -98.754495,      -57.370
  22,   42,   52.939290,  -98.595872,      -57.370
  23,   42,   52.941770,  -98.437239,      -57.370
  24,   42,   52.944138,  -98.278597,      -57.190
  25,   42,   52.946395,  -98.119945,      -57.190
  26,   42,   52.948539,  -97.961285,      -57.190
  27,   42,   52.950572,  -97.802618,      -57.370
  28,   42,   52.952492,  -97.643942,      -57.370
  29,   42,   52.954301,  -97.485259,      -57.370
  30,   42,   52.955998,  -97.326569,      -57.370
  31,   42,   52.957582,  -97.167873,      -57.370
  32,   42,   52.959055,  -97.009171,      -57.370
  33,   42,   52.960416,  -96.850464,      -57.370
  34,   42,   52.961665,  -96.691751,      -57.190
  35,   42,   52.962802,  -96.533034,      -57.190
  36,   42,   52.963827,  -96.374313,      -57.190
  37,   42,   52.964741,  -96.215588,      -57.190
  38,   42,   52.965542,  -96.056859,      -57.010
  39,   42,   52.966231,  -95.898128,      -57.010
  40,   42,   52.966808,  -95.739394,      -56.830
  41,   42,   52.967274,  -95.580658,      -56.830
  42,   42,   52.967627,  -95.421920,      -56.650
  43,   42,   52.967869,  -95.263182,      -56.650
  44,   42,   52.967999,  -95.104442,      -56.650
